[
    {
        "mahalle_id": "50_2",
        "mahalle_adi": "71 Deprem Mah (gözeler Köyü)",
        "posta_kodu": "12002"
    },
    {
        "mahalle_id": "1_2",
        "mahalle_adi": "Ağaçyolu Köyü",
        "posta_kodu": "12002"
    },
    {
        "mahalle_id": "8_3",
        "mahalle_adi": "Akbudak Mah (sancak Beldesi)",
        "posta_kodu": "12300"
    },
    {
        "mahalle_id": "4_2",
        "mahalle_adi": "Akdurmuş Köyü",
        "posta_kodu": "12002"
    },
    {
        "mahalle_id": "26_2",
        "mahalle_adi": "Alataş Mah (çevrimpınar Köyü)",
        "posta_kodu": "12002"
    },
    {
        "mahalle_id": "3_4",
        "mahalle_adi": "Alatepe Köyü",
        "posta_kodu": "12400"
    },
    {
        "mahalle_id": "14_2",
        "mahalle_adi": "Ali Mezrası Mah (aşağıakpınar Köyü)",
        "posta_kodu": "12002"
    },
    {
        "mahalle_id": "6_2",
        "mahalle_adi": "Alibir Köyü",
        "posta_kodu": "12002"
    },
    {
        "mahalle_id": "7_2",
        "mahalle_adi": "Altınışık Köyü",
        "posta_kodu": "12002"
    },
    {
        "mahalle_id": "8_2",
        "mahalle_adi": "Ardıçtepe Köyü",
        "posta_kodu": "12002"
    },
    {
        "mahalle_id": "10_2",
        "mahalle_adi": "Ardıçtepeosb Mah (ardıçtepe Köyü)",
        "posta_kodu": "12002"
    },
    {
        "mahalle_id": "18_2",
        "mahalle_adi": "Aşağı Mah (bilaloğlu Köyü)",
        "posta_kodu": "12002"
    },
    {
        "mahalle_id": "25_4",
        "mahalle_adi": "Aşağı Mah (elmalı Köyü)",
        "posta_kodu": "12400"
    },
    {
        "mahalle_id": "108_2",
        "mahalle_adi": "Aşağı Mah (suvaran Köyü)",
        "posta_kodu": "12002"
    },
    {
        "mahalle_id": "105_2",
        "mahalle_adi": "Aşağı Paymerk Mah (kıran Köyü)",
        "posta_kodu": "12002"
    },
    {
        "mahalle_id": "111_2",
        "mahalle_adi": "Aşağı Yumaklı Mah (yumaklı Köyü)",
        "posta_kodu": "12002"
    },
    {
        "mahalle_id": "71_2",
        "mahalle_adi": "Aşağı Zeynep Mah (küçüktekören Köyü)",
        "posta_kodu": "12002"
    },
    {
        "mahalle_id": "16_2",
        "mahalle_adi": "Aşağıköy Köyü",
        "posta_kodu": "12002"
    },
    {
        "mahalle_id": "26_4",
        "mahalle_adi": "Atçayır Mah (elmalı Köyü)",
        "posta_kodu": "12400"
    },
    {
        "mahalle_id": "84_2",
        "mahalle_adi": "Az Köyü",
        "posta_kodu": "12002"
    },
    {
        "mahalle_id": "94_2",
        "mahalle_adi": "Bahçeli Köyü",
        "posta_kodu": "12002"
    },
    {
        "mahalle_id": "11_4",
        "mahalle_adi": "Bahçeli Mah (çavuşlar Köyü)",
        "posta_kodu": "12400"
    },
    {
        "mahalle_id": "2_1",
        "mahalle_adi": "Bahçelievler Mah",
        "posta_kodu": "12010"
    },
    {
        "mahalle_id": "17_2",
        "mahalle_adi": "Balpınar Köyü",
        "posta_kodu": "12002"
    },
    {
        "mahalle_id": "65_2",
        "mahalle_adi": "Bani Mah (emtağ Köyü)",
        "posta_kodu": "12002"
    },
    {
        "mahalle_id": "60_2",
        "mahalle_adi": "Batı Mah (kartal Köyü)",
        "posta_kodu": "12002"
    },
    {
        "mahalle_id": "30_3",
        "mahalle_adi": "Bekmezli Mah (uğurova Köyü)",
        "posta_kodu": "12300"
    },
    {
        "mahalle_id": "42_2",
        "mahalle_adi": "Beyaztoprak Mah (ekinyolu Köyü)",
        "posta_kodu": "12002"
    },
    {
        "mahalle_id": "1_3",
        "mahalle_adi": "Büyükbaşköy Mah (sancak Beldesi)",
        "posta_kodu": "12300"
    },
    {
        "mahalle_id": "20_2",
        "mahalle_adi": "Büyüktekören Köyü",
        "posta_kodu": "12002"
    },
    {
        "mahalle_id": "75_2",
        "mahalle_adi": "Çallar Mah (sancaklı Köyü)",
        "posta_kodu": "12002"
    },
    {
        "mahalle_id": "23_3",
        "mahalle_adi": "Cami Mah (sudüğünü Köyü)",
        "posta_kodu": "12300"
    },
    {
        "mahalle_id": "33_2",
        "mahalle_adi": "Çanakalın Mah (çukurca Köyü)",
        "posta_kodu": "12002"
    },
    {
        "mahalle_id": "6_5",
        "mahalle_adi": "Çay Mah (ılıcalar Beldesi)",
        "posta_kodu": "12402"
    },
    {
        "mahalle_id": "21_2",
        "mahalle_adi": "Çayağzı Köyü",
        "posta_kodu": "12002"
    },
    {
        "mahalle_id": "23_2",
        "mahalle_adi": "Çayboyu Köyü",
        "posta_kodu": "12002"
    },
    {
        "mahalle_id": "90_2",
        "mahalle_adi": "Çayırlı Mah (kuşburnu Köyü)",
        "posta_kodu": "12002"
    },
    {
        "mahalle_id": "15_2",
        "mahalle_adi": "Celal Mah (aşağıakpınar Köyü)",
        "posta_kodu": "12002"
    },
    {
        "mahalle_id": "24_2",
        "mahalle_adi": "Çeltiksuyu Köyü",
        "posta_kodu": "12002"
    },
    {
        "mahalle_id": "91_2",
        "mahalle_adi": "Cevizli Mah (kuşburnu Köyü)",
        "posta_kodu": "12002"
    },
    {
        "mahalle_id": "27_2",
        "mahalle_adi": "Çiçekdere Köyü",
        "posta_kodu": "12002"
    },
    {
        "mahalle_id": "30_2",
        "mahalle_adi": "Çiçekyayla Köyü",
        "posta_kodu": "12002"
    },
    {
        "mahalle_id": "2_3",
        "mahalle_adi": "Çimenli Mah (sancak Beldesi)",
        "posta_kodu": "12300"
    },
    {
        "mahalle_id": "31_2",
        "mahalle_adi": "Çiriş Köyü",
        "posta_kodu": "12002"
    },
    {
        "mahalle_id": "34_2",
        "mahalle_adi": "Çukurca Köyü",
        "posta_kodu": "12002"
    },
    {
        "mahalle_id": "76_2",
        "mahalle_adi": "Çukurcak Mah (sancaklı Köyü)",
        "posta_kodu": "12002"
    },
    {
        "mahalle_id": "28_4",
        "mahalle_adi": "Dalsi Mah (gökçeli Köyü)",
        "posta_kodu": "12400"
    },
    {
        "mahalle_id": "112_2",
        "mahalle_adi": "Damcık Mah (yumaklı Köyü)",
        "posta_kodu": "12002"
    },
    {
        "mahalle_id": "21_4",
        "mahalle_adi": "Derince Mah (çobantaşı Köyü)",
        "posta_kodu": "12400"
    },
    {
        "mahalle_id": "35_2",
        "mahalle_adi": "Dikköy Köyü",
        "posta_kodu": "12002"
    },
    {
        "mahalle_id": "2_2",
        "mahalle_adi": "Dikme Mah (akdurmuş Köyü)",
        "posta_kodu": "12002"
    },
    {
        "mahalle_id": "38_2",
        "mahalle_adi": "Direkli Köyü",
        "posta_kodu": "12002"
    },
    {
        "mahalle_id": "95_2",
        "mahalle_adi": "Dişbudak Köyü",
        "posta_kodu": "12002"
    },
    {
        "mahalle_id": "5_2",
        "mahalle_adi": "Dügernan Köyü",
        "posta_kodu": "12002"
    },
    {
        "mahalle_id": "38_4",
        "mahalle_adi": "Elma Mah (ortaçanak Köyü)",
        "posta_kodu": "12400"
    },
    {
        "mahalle_id": "20_3",
        "mahalle_adi": "Elmaçayır Mah (sudüğünü Köyü)",
        "posta_kodu": "12300"
    },
    {
        "mahalle_id": "103_2",
        "mahalle_adi": "Erdemli Köyü",
        "posta_kodu": "12002"
    },
    {
        "mahalle_id": "31_3",
        "mahalle_adi": "Erenler Mah (uğurova Köyü)",
        "posta_kodu": "12300"
    },
    {
        "mahalle_id": "96_2",
        "mahalle_adi": "Erentepe Köyü",
        "posta_kodu": "12002"
    },
    {
        "mahalle_id": "21_3",
        "mahalle_adi": "Esenler Mah (sudüğünü Köyü)",
        "posta_kodu": "12300"
    },
    {
        "mahalle_id": "13_2",
        "mahalle_adi": "Eski Köy Mah (aşağıakpınar Köyü)",
        "posta_kodu": "12002"
    },
    {
        "mahalle_id": "61_2",
        "mahalle_adi": "Eski Köy Mah (kartal Köyü)",
        "posta_kodu": "12002"
    },
    {
        "mahalle_id": "46_2",
        "mahalle_adi": "Eski Yerleşim Mah (göltepesi Köyü)",
        "posta_kodu": "12002"
    },
    {
        "mahalle_id": "28_2",
        "mahalle_adi": "Eskiköy Mah (çiçekdere Köyü)",
        "posta_kodu": "12002"
    },
    {
        "mahalle_id": "25_3",
        "mahalle_adi": "Eskiköy Mah (sudüğünü Köyü)",
        "posta_kodu": "12300"
    },
    {
        "mahalle_id": "101_2",
        "mahalle_adi": "Evciler Mah (gümüşlü Köyü)",
        "posta_kodu": "12002"
    },
    {
        "mahalle_id": "44_2",
        "mahalle_adi": "Garip Köyü",
        "posta_kodu": "12002"
    },
    {
        "mahalle_id": "3_2",
        "mahalle_adi": "Gayt Mah (akdurmuş Köyü)",
        "posta_kodu": "12002"
    },
    {
        "mahalle_id": "81_2",
        "mahalle_adi": "Germik Mah (sarıçiçek Köyü)",
        "posta_kodu": "12002"
    },
    {
        "mahalle_id": "39_4",
        "mahalle_adi": "Gevir Mah (ortaçanak Köyü)",
        "posta_kodu": "12400"
    },
    {
        "mahalle_id": "45_2",
        "mahalle_adi": "Gökçekanat Köyü",
        "posta_kodu": "12002"
    },
    {
        "mahalle_id": "23_4",
        "mahalle_adi": "Göl Mah (dallıtepe Köyü)",
        "posta_kodu": "12400"
    },
    {
        "mahalle_id": "32_4",
        "mahalle_adi": "Gözer Köyü",
        "posta_kodu": "12400"
    },
    {
        "mahalle_id": "50_4",
        "mahalle_adi": "Gözer Mah (gözer Köyü)",
        "posta_kodu": "12400"
    },
    {
        "mahalle_id": "14_3",
        "mahalle_adi": "Güngören Köyü",
        "posta_kodu": "12300"
    },
    {
        "mahalle_id": "102_2",
        "mahalle_adi": "Gürpınar Köyü",
        "posta_kodu": "12002"
    },
    {
        "mahalle_id": "51_2",
        "mahalle_adi": "Güveçli Köyü",
        "posta_kodu": "12002"
    },
    {
        "mahalle_id": "10_4",
        "mahalle_adi": "Güzel Mah (çavuşlar Köyü)",
        "posta_kodu": "12400"
    },
    {
        "mahalle_id": "79_2",
        "mahalle_adi": "Hacıçayır Mah (sarıçiçek Köyü)",
        "posta_kodu": "12002"
    },
    {
        "mahalle_id": "22_3",
        "mahalle_adi": "Haroçayırı Mah (sudüğünü Köyü)",
        "posta_kodu": "12300"
    },
    {
        "mahalle_id": "97_2",
        "mahalle_adi": "Hartını Mah (gökdere Köyü)",
        "posta_kodu": "12002"
    },
    {
        "mahalle_id": "37_3",
        "mahalle_adi": "Hasanova Mah (balıklıçay Köyü)",
        "posta_kodu": "12300"
    },
    {
        "mahalle_id": "48_2",
        "mahalle_adi": "Havsal Mah (göltepesi Köyü)",
        "posta_kodu": "12002"
    },
    {
        "mahalle_id": "52_2",
        "mahalle_adi": "Haziran Köyü",
        "posta_kodu": "12002"
    },
    {
        "mahalle_id": "15_4",
        "mahalle_adi": "Heşvare Mah (çavuşlar Köyü)",
        "posta_kodu": "12400"
    },
    {
        "mahalle_id": "30_4",
        "mahalle_adi": "Hevir Mah (gökçeli Köyü)",
        "posta_kodu": "12400"
    },
    {
        "mahalle_id": "57_2",
        "mahalle_adi": "Hevsel Mah (kardeşler Köyü)",
        "posta_kodu": "12002"
    },
    {
        "mahalle_id": "37_4",
        "mahalle_adi": "Hezaz Mah (ortaçanak Köyü)",
        "posta_kodu": "12400"
    },
    {
        "mahalle_id": "42_4",
        "mahalle_adi": "Hezaz Yayla Evleri Mah (ortaçanak Köyü)",
        "posta_kodu": "12400"
    },
    {
        "mahalle_id": "40_4",
        "mahalle_adi": "Hırtık Mah (ortaçanak Köyü)",
        "posta_kodu": "12400"
    },
    {
        "mahalle_id": "3_3",
        "mahalle_adi": "Hoşkar Mah (sancak Beldesi)",
        "posta_kodu": "12300"
    },
    {
        "mahalle_id": "15_1",
        "mahalle_adi": "İçmeler Mah",
        "posta_kodu": "12010"
    },
    {
        "mahalle_id": "2_5",
        "mahalle_adi": "İçpınar Mah (ılıcalar Beldesi)",
        "posta_kodu": "12402"
    },
    {
        "mahalle_id": "114_2",
        "mahalle_adi": "İkizgöl Mah (yumaklı Köyü)",
        "posta_kodu": "12002"
    },
    {
        "mahalle_id": "1_5",
        "mahalle_adi": "Ilıca Mah (ılıcalar Beldesi)",
        "posta_kodu": "12402"
    },
    {
        "mahalle_id": "1_1",
        "mahalle_adi": "İnalı Mah",
        "posta_kodu": "12010"
    },
    {
        "mahalle_id": "53_2",
        "mahalle_adi": "İncesu Köyü",
        "posta_kodu": "12002"
    },
    {
        "mahalle_id": "4_1",
        "mahalle_adi": "İnönü Mah",
        "posta_kodu": "12010"
    },
    {
        "mahalle_id": "48_4",
        "mahalle_adi": "K.keşkare Mah (yenibaşlar Köyü)",
        "posta_kodu": "12400"
    },
    {
        "mahalle_id": "3_5",
        "mahalle_adi": "Kamışlı Mah (ılıcalar Beldesi)",
        "posta_kodu": "12402"
    },
    {
        "mahalle_id": "116_2",
        "mahalle_adi": "Kamışlı Mah (kurudere Köyü)",
        "posta_kodu": "12002"
    },
    {
        "mahalle_id": "80_2",
        "mahalle_adi": "Kantar Mah (sarıçiçek Köyü)",
        "posta_kodu": "12002"
    },
    {
        "mahalle_id": "115_2",
        "mahalle_adi": "Karakoç Mah (yumaklı Köyü)",
        "posta_kodu": "12002"
    },
    {
        "mahalle_id": "4_3",
        "mahalle_adi": "Karapınar Mah (sancak Beldesi)",
        "posta_kodu": "12300"
    },
    {
        "mahalle_id": "59_2",
        "mahalle_adi": "Karşı Mah (kartal Köyü)",
        "posta_kodu": "12002"
    },
    {
        "mahalle_id": "6_1",
        "mahalle_adi": "Karşıyaka Mah",
        "posta_kodu": "12010"
    },
    {
        "mahalle_id": "22_2",
        "mahalle_adi": "Kemalan Mah (çayağzı Köyü)",
        "posta_kodu": "12002"
    },
    {
        "mahalle_id": "62_2",
        "mahalle_adi": "Kılçadır Köyü",
        "posta_kodu": "12002"
    },
    {
        "mahalle_id": "4_5",
        "mahalle_adi": "Kılıçlı Mah (ılıcalar Beldesi)",
        "posta_kodu": "12402"
    },
    {
        "mahalle_id": "18_3",
        "mahalle_adi": "Kilsek Mah (oğuldere Köyü)",
        "posta_kodu": "12300"
    },
    {
        "mahalle_id": "104_2",
        "mahalle_adi": "Kıran Köyü",
        "posta_kodu": "12002"
    },
    {
        "mahalle_id": "45_4",
        "mahalle_adi": "Köçek Mah (yenibaşlar Köyü)",
        "posta_kodu": "12400"
    },
    {
        "mahalle_id": "33_4",
        "mahalle_adi": "Köklü Köyü",
        "posta_kodu": "12400"
    },
    {
        "mahalle_id": "14_4",
        "mahalle_adi": "Köme Mah (çavuşlar Köyü)",
        "posta_kodu": "12400"
    },
    {
        "mahalle_id": "77_2",
        "mahalle_adi": "Konak-dereygazan Mah (sancaklı Köyü)",
        "posta_kodu": "12002"
    },
    {
        "mahalle_id": "43_2",
        "mahalle_adi": "Köprübaşı Mah (ekinyolu Köyü)",
        "posta_kodu": "12002"
    },
    {
        "mahalle_id": "32_2",
        "mahalle_adi": "Körcüpınar Mah (çukurca Köyü)",
        "posta_kodu": "12002"
    },
    {
        "mahalle_id": "10_3",
        "mahalle_adi": "Kork Mah (arıcılar Köyü)",
        "posta_kodu": "12300"
    },
    {
        "mahalle_id": "5_3",
        "mahalle_adi": "Küçükbaşköy Mah (sancak Beldesi)",
        "posta_kodu": "12300"
    },
    {
        "mahalle_id": "7_1",
        "mahalle_adi": "Kültür Mah",
        "posta_kodu": "12010"
    },
    {
        "mahalle_id": "66_2",
        "mahalle_adi": "Kumgeçit Köyü",
        "posta_kodu": "12002"
    },
    {
        "mahalle_id": "47_4",
        "mahalle_adi": "Kürkürü Mah (yenibaşlar Köyü)",
        "posta_kodu": "12400"
    },
    {
        "mahalle_id": "16_3",
        "mahalle_adi": "Kurtuluş Köyü",
        "posta_kodu": "12300"
    },
    {
        "mahalle_id": "67_2",
        "mahalle_adi": "Kuruca Köyü",
        "posta_kodu": "12002"
    },
    {
        "mahalle_id": "68_2",
        "mahalle_adi": "Kurudere Köyü",
        "posta_kodu": "12002"
    },
    {
        "mahalle_id": "17_3",
        "mahalle_adi": "Kuşkondu Köyü",
        "posta_kodu": "12300"
    },
    {
        "mahalle_id": "29_2",
        "mahalle_adi": "Kuşluca Mah (çiçekdere Köyü)",
        "posta_kodu": "12002"
    },
    {
        "mahalle_id": "12_4",
        "mahalle_adi": "Leyman Mah (çavuşlar Köyü)",
        "posta_kodu": "12400"
    },
    {
        "mahalle_id": "98_2",
        "mahalle_adi": "Lıncık Mah (gökdere Köyü)",
        "posta_kodu": "12002"
    },
    {
        "mahalle_id": "46_4",
        "mahalle_adi": "Mahkar Mah (yenibaşlar Köyü)",
        "posta_kodu": "12400"
    },
    {
        "mahalle_id": "1_4",
        "mahalle_adi": "Merkez Mah (ağaçeli Köyü)",
        "posta_kodu": "12400"
    },
    {
        "mahalle_id": "9_3",
        "mahalle_adi": "Merkez Mah (arıcılar Köyü)",
        "posta_kodu": "12300"
    },
    {
        "mahalle_id": "12_2",
        "mahalle_adi": "Merkez Mah (aşağıakpınar Köyü)",
        "posta_kodu": "12002"
    },
    {
        "mahalle_id": "12_3",
        "mahalle_adi": "Merkez Mah (balıklıçay Köyü)",
        "posta_kodu": "12300"
    },
    {
        "mahalle_id": "25_2",
        "mahalle_adi": "Merkez Mah (çevrimpınar Köyü)",
        "posta_kodu": "12002"
    },
    {
        "mahalle_id": "19_4",
        "mahalle_adi": "Merkez Mah (çobantaşı Köyü)",
        "posta_kodu": "12400"
    },
    {
        "mahalle_id": "22_4",
        "mahalle_adi": "Merkez Mah (dallıtepe Köyü)",
        "posta_kodu": "12400"
    },
    {
        "mahalle_id": "36_2",
        "mahalle_adi": "Merkez Mah (dikme Köyü)",
        "posta_kodu": "12002"
    },
    {
        "mahalle_id": "39_2",
        "mahalle_adi": "Merkez Mah (düzyayla Köyü)",
        "posta_kodu": "12002"
    },
    {
        "mahalle_id": "41_2",
        "mahalle_adi": "Merkez Mah (ekinyolu Köyü)",
        "posta_kodu": "12002"
    },
    {
        "mahalle_id": "64_2",
        "mahalle_adi": "Merkez Mah (emtağ Köyü)",
        "posta_kodu": "12002"
    },
    {
        "mahalle_id": "31_4",
        "mahalle_adi": "Merkez Mah (gökçeli Köyü)",
        "posta_kodu": "12400"
    },
    {
        "mahalle_id": "99_2",
        "mahalle_adi": "Merkez Mah (gökdere Köyü)",
        "posta_kodu": "12002"
    },
    {
        "mahalle_id": "47_2",
        "mahalle_adi": "Merkez Mah (göltepesi Köyü)",
        "posta_kodu": "12002"
    },
    {
        "mahalle_id": "49_2",
        "mahalle_adi": "Merkez Mah (gözeler Köyü)",
        "posta_kodu": "12002"
    },
    {
        "mahalle_id": "100_2",
        "mahalle_adi": "Merkez Mah (gümüşlü Köyü)",
        "posta_kodu": "12002"
    },
    {
        "mahalle_id": "55_2",
        "mahalle_adi": "Merkez Mah (kardeşler Köyü)",
        "posta_kodu": "12002"
    },
    {
        "mahalle_id": "58_2",
        "mahalle_adi": "Merkez Mah (kartal Köyü)",
        "posta_kodu": "12002"
    },
    {
        "mahalle_id": "69_2",
        "mahalle_adi": "Merkez Mah (küçüktekören Köyü)",
        "posta_kodu": "12002"
    },
    {
        "mahalle_id": "92_2",
        "mahalle_adi": "Merkez Mah (kuşburnu Köyü)",
        "posta_kodu": "12002"
    },
    {
        "mahalle_id": "34_4",
        "mahalle_adi": "Merkez Mah (ortaçanak Köyü)",
        "posta_kodu": "12400"
    },
    {
        "mahalle_id": "74_2",
        "mahalle_adi": "Merkez Mah (sancaklı Köyü)",
        "posta_kodu": "12002"
    },
    {
        "mahalle_id": "26_3",
        "mahalle_adi": "Merkez Mah (sütgölü Köyü)",
        "posta_kodu": "12300"
    },
    {
        "mahalle_id": "32_3",
        "mahalle_adi": "Merkez Mah (uzunsavat Köyü)",
        "posta_kodu": "12300"
    },
    {
        "mahalle_id": "34_3",
        "mahalle_adi": "Merkez Mah (yaygınçayır Köyü)",
        "posta_kodu": "12300"
    },
    {
        "mahalle_id": "110_2",
        "mahalle_adi": "Merkez-y.yumaklı Mah (yumaklı Köyü)",
        "posta_kodu": "12002"
    },
    {
        "mahalle_id": "8_1",
        "mahalle_adi": "Mirzan Mah",
        "posta_kodu": "12010"
    },
    {
        "mahalle_id": "49_4",
        "mahalle_adi": "Naman Mah (yenibaşlar Köyü)",
        "posta_kodu": "12400"
    },
    {
        "mahalle_id": "19_3",
        "mahalle_adi": "Oğuldere Köyü",
        "posta_kodu": "12300"
    },
    {
        "mahalle_id": "107_2",
        "mahalle_adi": "Olukpınar Köyü",
        "posta_kodu": "12002"
    },
    {
        "mahalle_id": "7_4",
        "mahalle_adi": "Ömerli Mah (çavuşlar Köyü)",
        "posta_kodu": "12400"
    },
    {
        "mahalle_id": "72_2",
        "mahalle_adi": "Ormanardı Köyü",
        "posta_kodu": "12002"
    },
    {
        "mahalle_id": "73_2",
        "mahalle_adi": "Ortaköy Köyü",
        "posta_kodu": "12002"
    },
    {
        "mahalle_id": "24_3",
        "mahalle_adi": "Ortaokul Mah (sudüğünü Köyü)",
        "posta_kodu": "12300"
    },
    {
        "mahalle_id": "37_2",
        "mahalle_adi": "Ovacık Mah (dikme Köyü)",
        "posta_kodu": "12002"
    },
    {
        "mahalle_id": "63_2",
        "mahalle_adi": "Özlüce Mah (kılçadır Köyü)",
        "posta_kodu": "12002"
    },
    {
        "mahalle_id": "13_4",
        "mahalle_adi": "Pınarlı Mah (çavuşlar Köyü)",
        "posta_kodu": "12400"
    },
    {
        "mahalle_id": "113_2",
        "mahalle_adi": "Polatlı Mah (yumaklı Köyü)",
        "posta_kodu": "12002"
    },
    {
        "mahalle_id": "10_1",
        "mahalle_adi": "Recep Tayyip Erdoğan Mah",
        "posta_kodu": "12010"
    },
    {
        "mahalle_id": "54_2",
        "mahalle_adi": "Reng Mah (incesu Köyü)",
        "posta_kodu": "12002"
    },
    {
        "mahalle_id": "78_2",
        "mahalle_adi": "Şabanköy Köyü",
        "posta_kodu": "12002"
    },
    {
        "mahalle_id": "36_4",
        "mahalle_adi": "Samanlı Mah (ortaçanak Köyü)",
        "posta_kodu": "12400"
    },
    {
        "mahalle_id": "9_1",
        "mahalle_adi": "Saray Mah",
        "posta_kodu": "12010"
    },
    {
        "mahalle_id": "82_2",
        "mahalle_adi": "Sarıçiçek Köyü",
        "posta_kodu": "12002"
    },
    {
        "mahalle_id": "6_3",
        "mahalle_adi": "Sarıgümüş Mah (sancak Beldesi)",
        "posta_kodu": "12300"
    },
    {
        "mahalle_id": "3_1",
        "mahalle_adi": "Şehit Mustafa Gündoğdu Mah",
        "posta_kodu": "12010"
    },
    {
        "mahalle_id": "14_1",
        "mahalle_adi": "Selahaddin-i Eyyubi Mah",
        "posta_kodu": "12010"
    },
    {
        "mahalle_id": "29_4",
        "mahalle_adi": "Şenlik Mah (gökçeli Köyü)",
        "posta_kodu": "12400"
    },
    {
        "mahalle_id": "27_3",
        "mahalle_adi": "Şeref Mah (sütgölü Köyü)",
        "posta_kodu": "12300"
    },
    {
        "mahalle_id": "51_4",
        "mahalle_adi": "Seydan Mah (çavuşlar Köyü)",
        "posta_kodu": "12400"
    },
    {
        "mahalle_id": "9_4",
        "mahalle_adi": "Şeyhalan Mah (çavuşlar Köyü)",
        "posta_kodu": "12400"
    },
    {
        "mahalle_id": "5_1",
        "mahalle_adi": "Simani Mah",
        "posta_kodu": "12010"
    },
    {
        "mahalle_id": "27_4",
        "mahalle_adi": "Sofyan Mah (gökçeli Köyü)",
        "posta_kodu": "12400"
    },
    {
        "mahalle_id": "20_4",
        "mahalle_adi": "Soğuk Çeşme Mah (çobantaşı Köyü)",
        "posta_kodu": "12400"
    },
    {
        "mahalle_id": "35_4",
        "mahalle_adi": "Subaşı Mah (ortaçanak Köyü)",
        "posta_kodu": "12400"
    },
    {
        "mahalle_id": "15_3",
        "mahalle_adi": "Taş Mah (güngören Köyü)",
        "posta_kodu": "12300"
    },
    {
        "mahalle_id": "5_4",
        "mahalle_adi": "Taşlı Mah (çavuşlar Köyü)",
        "posta_kodu": "12400"
    },
    {
        "mahalle_id": "28_3",
        "mahalle_adi": "Tepebaşı Köyü",
        "posta_kodu": "12300"
    },
    {
        "mahalle_id": "117_2",
        "mahalle_adi": "Tepebaşı Mah (çukurca Köyü)",
        "posta_kodu": "12002"
    },
    {
        "mahalle_id": "41_4",
        "mahalle_adi": "Tırşınek Mah (ortaçanak Köyü)",
        "posta_kodu": "12400"
    },
    {
        "mahalle_id": "83_2",
        "mahalle_adi": "Topalan Köyü",
        "posta_kodu": "12002"
    },
    {
        "mahalle_id": "11_3",
        "mahalle_adi": "Türkan Mah (arıcılar Köyü)",
        "posta_kodu": "12300"
    },
    {
        "mahalle_id": "13_3",
        "mahalle_adi": "Ünlüce Mah (balıklıçay Köyü)",
        "posta_kodu": "12300"
    },
    {
        "mahalle_id": "35_3",
        "mahalle_adi": "Üsküdar Mah (yaygınçayır Köyü)",
        "posta_kodu": "12300"
    },
    {
        "mahalle_id": "5_5",
        "mahalle_adi": "Uzundere Mah (ılıcalar Beldesi)",
        "posta_kodu": "12402"
    },
    {
        "mahalle_id": "2_4",
        "mahalle_adi": "Y.ağaçeli Mah (ağaçeli Köyü)",
        "posta_kodu": "12400"
    },
    {
        "mahalle_id": "6_4",
        "mahalle_adi": "Y.komsarik Mah (çavuşlar Köyü)",
        "posta_kodu": "12400"
    },
    {
        "mahalle_id": "93_2",
        "mahalle_adi": "Yamaç Köyü",
        "posta_kodu": "12002"
    },
    {
        "mahalle_id": "33_3",
        "mahalle_adi": "Yayımlı Mah (uzunsavat Köyü)",
        "posta_kodu": "12300"
    },
    {
        "mahalle_id": "36_3",
        "mahalle_adi": "Yazgülü Köyü",
        "posta_kodu": "12300"
    },
    {
        "mahalle_id": "56_2",
        "mahalle_adi": "Yedievler Mah (kardeşler Köyü)",
        "posta_kodu": "12002"
    },
    {
        "mahalle_id": "85_2",
        "mahalle_adi": "Yelesen Köyü",
        "posta_kodu": "12002"
    },
    {
        "mahalle_id": "11_1",
        "mahalle_adi": "Yeni Mah",
        "posta_kodu": "12010"
    },
    {
        "mahalle_id": "11_2",
        "mahalle_adi": "Yeni Yerleşim Mah (aşağıakpınar Köyü)",
        "posta_kodu": "12002"
    },
    {
        "mahalle_id": "40_2",
        "mahalle_adi": "Yeni Yerleşim Mah (düzyayla Köyü)",
        "posta_kodu": "12002"
    },
    {
        "mahalle_id": "29_3",
        "mahalle_adi": "Yeni Yerleşim Mah (uğurova Köyü)",
        "posta_kodu": "12300"
    },
    {
        "mahalle_id": "43_4",
        "mahalle_adi": "Yenibaşlar Köyü",
        "posta_kodu": "12400"
    },
    {
        "mahalle_id": "86_2",
        "mahalle_adi": "Yeniköy Köyü",
        "posta_kodu": "12002"
    },
    {
        "mahalle_id": "12_1",
        "mahalle_adi": "Yenişehir Mah",
        "posta_kodu": "12010"
    },
    {
        "mahalle_id": "17_4",
        "mahalle_adi": "Yeniyerleşim Mah (çavuşlar Köyü)",
        "posta_kodu": "12400"
    },
    {
        "mahalle_id": "18_4",
        "mahalle_adi": "Yeşil Mah (çavuşlar Köyü)",
        "posta_kodu": "12400"
    },
    {
        "mahalle_id": "87_2",
        "mahalle_adi": "Yeşilköy Köyü",
        "posta_kodu": "12002"
    },
    {
        "mahalle_id": "4_4",
        "mahalle_adi": "Yeşilmezra Mah (çavuşlar Köyü)",
        "posta_kodu": "12400"
    },
    {
        "mahalle_id": "7_3",
        "mahalle_adi": "Yeşilova Mah (sancak Beldesi)",
        "posta_kodu": "12300"
    },
    {
        "mahalle_id": "8_4",
        "mahalle_adi": "Yeşiltepe Mah (çavuşlar Köyü)",
        "posta_kodu": "12400"
    },
    {
        "mahalle_id": "13_1",
        "mahalle_adi": "Yeşilyurt Mah",
        "posta_kodu": "12010"
    },
    {
        "mahalle_id": "88_2",
        "mahalle_adi": "Yolçatı Köyü",
        "posta_kodu": "12002"
    },
    {
        "mahalle_id": "9_2",
        "mahalle_adi": "Yukarı Kemalan Mah (ardıçtepe Köyü)",
        "posta_kodu": "12002"
    },
    {
        "mahalle_id": "19_2",
        "mahalle_adi": "Yukarı Mah (bilaloğlu Köyü)",
        "posta_kodu": "12002"
    },
    {
        "mahalle_id": "16_4",
        "mahalle_adi": "Yukarı Mah (çavuşlar Köyü)",
        "posta_kodu": "12400"
    },
    {
        "mahalle_id": "24_4",
        "mahalle_adi": "Yukarı Mah (elmalı Köyü)",
        "posta_kodu": "12400"
    },
    {
        "mahalle_id": "109_2",
        "mahalle_adi": "Yukarı Mah (suvaran Köyü)",
        "posta_kodu": "12002"
    },
    {
        "mahalle_id": "106_2",
        "mahalle_adi": "Yukarı Paymerk Mah (kıran Köyü)",
        "posta_kodu": "12002"
    },
    {
        "mahalle_id": "44_4",
        "mahalle_adi": "Yukarı Yenibaşlar Mah (yenibaşlar Köyü)",
        "posta_kodu": "12400"
    },
    {
        "mahalle_id": "70_2",
        "mahalle_adi": "Yukarı Zeynep Mah (küçüktekören Köyü)",
        "posta_kodu": "12002"
    },
    {
        "mahalle_id": "89_2",
        "mahalle_adi": "Yukarıakpınar Köyü",
        "posta_kodu": "12002"
    }
]