[
    {
        "mahalle_id": "5_1",
        "mahalle_adi": "Adalar Mah",
        "posta_kodu": "53200"
    },
    {
        "mahalle_id": "13_2",
        "mahalle_adi": "Alıcanlar Mah (beyazsu Köyü)",
        "posta_kodu": "53260"
    },
    {
        "mahalle_id": "62_3",
        "mahalle_adi": "Aloğlu Mah (karaağaç Köyü)",
        "posta_kodu": "53210"
    },
    {
        "mahalle_id": "3_4",
        "mahalle_adi": "Aloğlu Mah (madenli Beldesi)",
        "posta_kodu": "53220"
    },
    {
        "mahalle_id": "148_2",
        "mahalle_adi": "Alt Mah (başköy Köyü)",
        "posta_kodu": "53260"
    },
    {
        "mahalle_id": "80_2",
        "mahalle_adi": "Alt Mah (köprübaşı Köyü)",
        "posta_kodu": "53260"
    },
    {
        "mahalle_id": "83_2",
        "mahalle_adi": "Alt Mah (latifli Köyü)",
        "posta_kodu": "53260"
    },
    {
        "mahalle_id": "180_2",
        "mahalle_adi": "Alt Mah (uzundere Köyü)",
        "posta_kodu": "53260"
    },
    {
        "mahalle_id": "191_2",
        "mahalle_adi": "Alt Mah (yeşiltepe Köyü)",
        "posta_kodu": "53260"
    },
    {
        "mahalle_id": "131_2",
        "mahalle_adi": "Alt Mah (zafer Köyü)",
        "posta_kodu": "53260"
    },
    {
        "mahalle_id": "3_3",
        "mahalle_adi": "Altıntaş Mah (büyükköy Beldesi)",
        "posta_kodu": "53210"
    },
    {
        "mahalle_id": "49_2",
        "mahalle_adi": "Altveis Mah (haremtepe Köyü)",
        "posta_kodu": "53260"
    },
    {
        "mahalle_id": "166_2",
        "mahalle_adi": "Arekner Mah (çukurluhoca Köyü)",
        "posta_kodu": "53260"
    },
    {
        "mahalle_id": "28_3",
        "mahalle_adi": "Arıcılar Mah (derecik Köyü)",
        "posta_kodu": "53210"
    },
    {
        "mahalle_id": "4_3",
        "mahalle_adi": "Arkadere Mah (büyükköy Beldesi)",
        "posta_kodu": "53210"
    },
    {
        "mahalle_id": "47_2",
        "mahalle_adi": "Aşağı Cordanlar Mah (haremtepe Köyü)",
        "posta_kodu": "53260"
    },
    {
        "mahalle_id": "9_2",
        "mahalle_adi": "Aşağı Mah (aşıklar Köyü)",
        "posta_kodu": "53260"
    },
    {
        "mahalle_id": "73_2",
        "mahalle_adi": "Aşağı Mah (kemerköy Köyü)",
        "posta_kodu": "53260"
    },
    {
        "mahalle_id": "53_3",
        "mahalle_adi": "Aşağı Sırt Mah (karaağaç Köyü)",
        "posta_kodu": "53210"
    },
    {
        "mahalle_id": "107_2",
        "mahalle_adi": "Ayanı Mah (selimiye Köyü)",
        "posta_kodu": "53260"
    },
    {
        "mahalle_id": "159_2",
        "mahalle_adi": "Aydınlar Mah (çataldere Köyü)",
        "posta_kodu": "53260"
    },
    {
        "mahalle_id": "46_3",
        "mahalle_adi": "Aydınlar Mah (gürgenli Köyü)",
        "posta_kodu": "53210"
    },
    {
        "mahalle_id": "164_2",
        "mahalle_adi": "Aydoğdu Mah (çukurluhoca Köyü)",
        "posta_kodu": "53260"
    },
    {
        "mahalle_id": "165_2",
        "mahalle_adi": "Ayışığı Mah (çukurluhoca Köyü)",
        "posta_kodu": "53260"
    },
    {
        "mahalle_id": "52_2",
        "mahalle_adi": "Aykırı Filiztepe Mah (haremtepe Köyü)",
        "posta_kodu": "53260"
    },
    {
        "mahalle_id": "170_2",
        "mahalle_adi": "Ayvalık Mah (gürpınar Köyü)",
        "posta_kodu": "53260"
    },
    {
        "mahalle_id": "160_2",
        "mahalle_adi": "Azarlı Mah (çataldere Köyü)",
        "posta_kodu": "53260"
    },
    {
        "mahalle_id": "31_3",
        "mahalle_adi": "Balcılar Mah (derecik Köyü)",
        "posta_kodu": "53210"
    },
    {
        "mahalle_id": "17_3",
        "mahalle_adi": "Balcıoğlu Mah (çeşmeli Köyü)",
        "posta_kodu": "53210"
    },
    {
        "mahalle_id": "197_2",
        "mahalle_adi": "Balıkçı Mah (yeşiltepe Köyü)",
        "posta_kodu": "53260"
    },
    {
        "mahalle_id": "195_2",
        "mahalle_adi": "Balıkçıoğlu Mah (yeşiltepe Köyü)",
        "posta_kodu": "53260"
    },
    {
        "mahalle_id": "138_2",
        "mahalle_adi": "Başaran Mah (kaptanpaşa Köyü)",
        "posta_kodu": "53260"
    },
    {
        "mahalle_id": "150_2",
        "mahalle_adi": "Başköy Mah (başköy Köyü)",
        "posta_kodu": "53260"
    },
    {
        "mahalle_id": "43_2",
        "mahalle_adi": "Bayraktarlar Mah (güzeltepe Köyü)",
        "posta_kodu": "53260"
    },
    {
        "mahalle_id": "65_3",
        "mahalle_adi": "Bekirli Mah (yıldızeli Köyü)",
        "posta_kodu": "53210"
    },
    {
        "mahalle_id": "17_2",
        "mahalle_adi": "Bekiroğlu Mah (beyazsu Köyü)",
        "posta_kodu": "53260"
    },
    {
        "mahalle_id": "36_3",
        "mahalle_adi": "Bekiroğlu Mah (gürgenli Köyü)",
        "posta_kodu": "53210"
    },
    {
        "mahalle_id": "196_2",
        "mahalle_adi": "Bilginler Mah (yeşiltepe Köyü)",
        "posta_kodu": "53260"
    },
    {
        "mahalle_id": "198_2",
        "mahalle_adi": "Bilginler Mezra Mah (yeşiltepe Köyü)",
        "posta_kodu": "53260"
    },
    {
        "mahalle_id": "123_2",
        "mahalle_adi": "Birlik Mah (yanıkdağ Köyü)",
        "posta_kodu": "53260"
    },
    {
        "mahalle_id": "199_2",
        "mahalle_adi": "Boğaziçi Mah (yeşiltepe Köyü)",
        "posta_kodu": "53260"
    },
    {
        "mahalle_id": "61_3",
        "mahalle_adi": "Boğazlar Mah (karaağaç Köyü)",
        "posta_kodu": "53210"
    },
    {
        "mahalle_id": "142_2",
        "mahalle_adi": "Bozkurtlar Mah (kaptanpaşa Köyü)",
        "posta_kodu": "53260"
    },
    {
        "mahalle_id": "140_2",
        "mahalle_adi": "Boztepe Mah (kaptanpaşa Köyü)",
        "posta_kodu": "53260"
    },
    {
        "mahalle_id": "35_2",
        "mahalle_adi": "Bucak Mah (erenler Köyü)",
        "posta_kodu": "53260"
    },
    {
        "mahalle_id": "182_2",
        "mahalle_adi": "Büyüğün Ev Ve Çobanlar Mah (uzundere Köyü)",
        "posta_kodu": "53260"
    },
    {
        "mahalle_id": "6_1",
        "mahalle_adi": "Büyükcaferpaşa Mah",
        "posta_kodu": "53200"
    },
    {
        "mahalle_id": "7_1",
        "mahalle_adi": "Büyüktaşhane Mah",
        "posta_kodu": "53200"
    },
    {
        "mahalle_id": "68_2",
        "mahalle_adi": "Caferoğlu Mah (kemerköy Köyü)",
        "posta_kodu": "53260"
    },
    {
        "mahalle_id": "181_2",
        "mahalle_adi": "Cağak Mah (uzundere Köyü)",
        "posta_kodu": "53260"
    },
    {
        "mahalle_id": "63_2",
        "mahalle_adi": "Çahçuri Mah (kemerköy Köyü)",
        "posta_kodu": "53260"
    },
    {
        "mahalle_id": "128_2",
        "mahalle_adi": "Çakırlı Mah (yenitepe Köyü)",
        "posta_kodu": "53260"
    },
    {
        "mahalle_id": "95_2",
        "mahalle_adi": "Çakıroğlu Mah (sarısu Köyü)",
        "posta_kodu": "53260"
    },
    {
        "mahalle_id": "78_2",
        "mahalle_adi": "Cami Mah (kestanelik Köyü)",
        "posta_kodu": "53260"
    },
    {
        "mahalle_id": "133_2",
        "mahalle_adi": "Cami Mah (zafer Köyü)",
        "posta_kodu": "53260"
    },
    {
        "mahalle_id": "113_2",
        "mahalle_adi": "Cami Yanı Mah (yamaç Köyü)",
        "posta_kodu": "53260"
    },
    {
        "mahalle_id": "26_2",
        "mahalle_adi": "Camialtı Mah (demirhisar Köyü)",
        "posta_kodu": "53260"
    },
    {
        "mahalle_id": "4_4",
        "mahalle_adi": "Çamlıca Mah (madenli Beldesi)",
        "posta_kodu": "53220"
    },
    {
        "mahalle_id": "139_2",
        "mahalle_adi": "Canıbeyaz Mah (kaptanpaşa Köyü)",
        "posta_kodu": "53260"
    },
    {
        "mahalle_id": "11_1",
        "mahalle_adi": "Çataklıhoca Mah",
        "posta_kodu": "53200"
    },
    {
        "mahalle_id": "5_3",
        "mahalle_adi": "Çavuşlu Mah (büyükköy Beldesi)",
        "posta_kodu": "53210"
    },
    {
        "mahalle_id": "2_3",
        "mahalle_adi": "Çaycılar Mah (büyükköy Beldesi)",
        "posta_kodu": "53210"
    },
    {
        "mahalle_id": "56_3",
        "mahalle_adi": "Çaydahor Mah (karaağaç Köyü)",
        "posta_kodu": "53210"
    },
    {
        "mahalle_id": "84_2",
        "mahalle_adi": "Çelikler Ve Sandıkçılar Mah (latifli Köyü)",
        "posta_kodu": "53260"
    },
    {
        "mahalle_id": "190_2",
        "mahalle_adi": "Cemak Mah (yeşiltepe Köyü)",
        "posta_kodu": "53260"
    },
    {
        "mahalle_id": "161_2",
        "mahalle_adi": "Cevitli Mah (çataldere Köyü)",
        "posta_kodu": "53260"
    },
    {
        "mahalle_id": "87_2",
        "mahalle_adi": "Çevre Mah (maltepe Köyü)",
        "posta_kodu": "53260"
    },
    {
        "mahalle_id": "3_2",
        "mahalle_adi": "Çil Mah (abdullahhoca Köyü)",
        "posta_kodu": "53260"
    },
    {
        "mahalle_id": "173_2",
        "mahalle_adi": "Cimoroç Mah (incesu Köyü)",
        "posta_kodu": "53260"
    },
    {
        "mahalle_id": "20_2",
        "mahalle_adi": "Çınartepe Köyü",
        "posta_kodu": "53260"
    },
    {
        "mahalle_id": "38_2",
        "mahalle_adi": "Çolaklı Mah (güzeltepe Köyü)",
        "posta_kodu": "53260"
    },
    {
        "mahalle_id": "16_3",
        "mahalle_adi": "Çukurlu Mah (çeşmeli Köyü)",
        "posta_kodu": "53210"
    },
    {
        "mahalle_id": "43_3",
        "mahalle_adi": "Cumhuriyet Mah (gürgenli Köyü)",
        "posta_kodu": "53210"
    },
    {
        "mahalle_id": "188_2",
        "mahalle_adi": "Cumhuriyet Mah (yenice Köyü)",
        "posta_kodu": "53260"
    },
    {
        "mahalle_id": "57_3",
        "mahalle_adi": "Dalaklı Mah (karaağaç Köyü)",
        "posta_kodu": "53210"
    },
    {
        "mahalle_id": "10_2",
        "mahalle_adi": "Darboğaz Mah (beyazsu Köyü)",
        "posta_kodu": "53260"
    },
    {
        "mahalle_id": "6_3",
        "mahalle_adi": "Demirciler Mah (büyükköy Beldesi)",
        "posta_kodu": "53210"
    },
    {
        "mahalle_id": "23_2",
        "mahalle_adi": "Demirciler Mah (çilingir Köyü)",
        "posta_kodu": "53260"
    },
    {
        "mahalle_id": "48_3",
        "mahalle_adi": "Demirciler Mah (karaağaç Köyü)",
        "posta_kodu": "53210"
    },
    {
        "mahalle_id": "18_2",
        "mahalle_adi": "Dere Mah (beyazsu Köyü)",
        "posta_kodu": "53260"
    },
    {
        "mahalle_id": "59_2",
        "mahalle_adi": "Dere Mah (kaçkar Köyü)",
        "posta_kodu": "53260"
    },
    {
        "mahalle_id": "75_2",
        "mahalle_adi": "Dere Mah (kemerköy Köyü)",
        "posta_kodu": "53260"
    },
    {
        "mahalle_id": "67_3",
        "mahalle_adi": "Dere Mah (yıldızeli Köyü)",
        "posta_kodu": "53210"
    },
    {
        "mahalle_id": "37_2",
        "mahalle_adi": "Dereiçi Mah (güzeltepe Köyü)",
        "posta_kodu": "53260"
    },
    {
        "mahalle_id": "40_3",
        "mahalle_adi": "Dikilitaş Mah (gürgenli Köyü)",
        "posta_kodu": "53210"
    },
    {
        "mahalle_id": "146_2",
        "mahalle_adi": "Düz Mah (kaptanpaşa Köyü)",
        "posta_kodu": "53260"
    },
    {
        "mahalle_id": "31_2",
        "mahalle_adi": "Düzgeçit Köyü",
        "posta_kodu": "53260"
    },
    {
        "mahalle_id": "41_3",
        "mahalle_adi": "Ehkartepe Mah (gürgenli Köyü)",
        "posta_kodu": "53210"
    },
    {
        "mahalle_id": "11_2",
        "mahalle_adi": "Enesoğlu Mah (beyazsu Köyü)",
        "posta_kodu": "53260"
    },
    {
        "mahalle_id": "32_2",
        "mahalle_adi": "Erdemli Köyü",
        "posta_kodu": "53260"
    },
    {
        "mahalle_id": "36_2",
        "mahalle_adi": "Esendağ Köyü",
        "posta_kodu": "53260"
    },
    {
        "mahalle_id": "1_1",
        "mahalle_adi": "Eskipazar Mah",
        "posta_kodu": "53200"
    },
    {
        "mahalle_id": "4_2",
        "mahalle_adi": "Eyupoğlu Mah (abdullahhoca Köyü)",
        "posta_kodu": "53260"
    },
    {
        "mahalle_id": "125_2",
        "mahalle_adi": "Fenaçi Mah (yanıkdağ Köyü)",
        "posta_kodu": "53260"
    },
    {
        "mahalle_id": "144_2",
        "mahalle_adi": "Gagauzlar Mah (kaptanpaşa Köyü)",
        "posta_kodu": "53260"
    },
    {
        "mahalle_id": "134_2",
        "mahalle_adi": "Gelincik 1 Mah (kaptanpaşa Köyü)",
        "posta_kodu": "53260"
    },
    {
        "mahalle_id": "135_2",
        "mahalle_adi": "Gelincik 2 Mah (kaptanpaşa Köyü)",
        "posta_kodu": "53260"
    },
    {
        "mahalle_id": "200_2",
        "mahalle_adi": "Gemiciler Köyü",
        "posta_kodu": "53260"
    },
    {
        "mahalle_id": "186_2",
        "mahalle_adi": "Geyikli Mah (yenice Köyü)",
        "posta_kodu": "53260"
    },
    {
        "mahalle_id": "183_2",
        "mahalle_adi": "Gobocit Mah (uzundere Köyü)",
        "posta_kodu": "53260"
    },
    {
        "mahalle_id": "25_2",
        "mahalle_adi": "Gölcük Mah (demirhisar Köyü)",
        "posta_kodu": "53260"
    },
    {
        "mahalle_id": "108_2",
        "mahalle_adi": "Gülova Mah (selimiye Köyü)",
        "posta_kodu": "53260"
    },
    {
        "mahalle_id": "143_2",
        "mahalle_adi": "Gümüşler Mah (kaptanpaşa Köyü)",
        "posta_kodu": "53260"
    },
    {
        "mahalle_id": "153_2",
        "mahalle_adi": "Gümüşpınar Mah (buzlupınar Köyü)",
        "posta_kodu": "53260"
    },
    {
        "mahalle_id": "7_3",
        "mahalle_adi": "Gümüştaş Mah (büyükköy Beldesi)",
        "posta_kodu": "53210"
    },
    {
        "mahalle_id": "193_2",
        "mahalle_adi": "Güneli Mah (yeşiltepe Köyü)",
        "posta_kodu": "53260"
    },
    {
        "mahalle_id": "33_3",
        "mahalle_adi": "Güneşli Mah (derecik Köyü)",
        "posta_kodu": "53210"
    },
    {
        "mahalle_id": "44_3",
        "mahalle_adi": "Güneşli Mah (gürgenli Köyü)",
        "posta_kodu": "53210"
    },
    {
        "mahalle_id": "47_3",
        "mahalle_adi": "Güneştepe Mah (gürgenli Köyü)",
        "posta_kodu": "53210"
    },
    {
        "mahalle_id": "10_4",
        "mahalle_adi": "Gürçam Mah (madenli Beldesi)",
        "posta_kodu": "53220"
    },
    {
        "mahalle_id": "8_4",
        "mahalle_adi": "Habiboğlu Mah (madenli Beldesi)",
        "posta_kodu": "53220"
    },
    {
        "mahalle_id": "39_2",
        "mahalle_adi": "Hanifli Mah (güzeltepe Köyü)",
        "posta_kodu": "53260"
    },
    {
        "mahalle_id": "30_3",
        "mahalle_adi": "Hanlar Mah (derecik Köyü)",
        "posta_kodu": "53210"
    },
    {
        "mahalle_id": "118_2",
        "mahalle_adi": "Hasançavuş Mah (yamaç Köyü)",
        "posta_kodu": "53260"
    },
    {
        "mahalle_id": "17_1",
        "mahalle_adi": "Hassadıklar Mah",
        "posta_kodu": "53200"
    },
    {
        "mahalle_id": "15_3",
        "mahalle_adi": "Hastaş Mah (çeşmeli Köyü)",
        "posta_kodu": "53210"
    },
    {
        "mahalle_id": "120_2",
        "mahalle_adi": "Hervenik Mah (yanıkdağ Köyü)",
        "posta_kodu": "53260"
    },
    {
        "mahalle_id": "11_3",
        "mahalle_adi": "Hoşarlı Mah (beşikçiler Köyü)",
        "posta_kodu": "53210"
    },
    {
        "mahalle_id": "110_2",
        "mahalle_adi": "Hürremli Mah (sırtköy Köyü)",
        "posta_kodu": "53260"
    },
    {
        "mahalle_id": "29_3",
        "mahalle_adi": "Hüşütler Mah (derecik Köyü)",
        "posta_kodu": "53210"
    },
    {
        "mahalle_id": "59_3",
        "mahalle_adi": "İmrut Mah (karaağaç Köyü)",
        "posta_kodu": "53210"
    },
    {
        "mahalle_id": "46_2",
        "mahalle_adi": "İnceler Mah (güzeltepe Köyü)",
        "posta_kodu": "53260"
    },
    {
        "mahalle_id": "18_1",
        "mahalle_adi": "İncesırt Mah",
        "posta_kodu": "53200"
    },
    {
        "mahalle_id": "172_2",
        "mahalle_adi": "İncesu Köyü",
        "posta_kodu": "53260"
    },
    {
        "mahalle_id": "58_3",
        "mahalle_adi": "İniş Mah (karaağaç Köyü)",
        "posta_kodu": "53210"
    },
    {
        "mahalle_id": "12_2",
        "mahalle_adi": "İrfanoğulları Mah (beyazsu Köyü)",
        "posta_kodu": "53260"
    },
    {
        "mahalle_id": "154_2",
        "mahalle_adi": "İstaponoz Mah (buzlupınar Köyü)",
        "posta_kodu": "53260"
    },
    {
        "mahalle_id": "42_3",
        "mahalle_adi": "İstiklal Mah (gürgenli Köyü)",
        "posta_kodu": "53210"
    },
    {
        "mahalle_id": "74_2",
        "mahalle_adi": "Kadıoğlu Mah (kemerköy Köyü)",
        "posta_kodu": "53260"
    },
    {
        "mahalle_id": "10_3",
        "mahalle_adi": "Kakşili Mah (beşikçiler Köyü)",
        "posta_kodu": "53210"
    },
    {
        "mahalle_id": "117_2",
        "mahalle_adi": "Kalenderli Mah (yamaç Köyü)",
        "posta_kodu": "53260"
    },
    {
        "mahalle_id": "37_3",
        "mahalle_adi": "Kalyoncular Mah (gürgenli Köyü)",
        "posta_kodu": "53210"
    },
    {
        "mahalle_id": "64_3",
        "mahalle_adi": "Kalyoncular Mah (yıldızeli Köyü)",
        "posta_kodu": "53210"
    },
    {
        "mahalle_id": "109_2",
        "mahalle_adi": "Kamilli Mah (sırtköy Köyü)",
        "posta_kodu": "53260"
    },
    {
        "mahalle_id": "81_2",
        "mahalle_adi": "Kamiloğlu Mah (köprübaşı Köyü)",
        "posta_kodu": "53260"
    },
    {
        "mahalle_id": "156_2",
        "mahalle_adi": "Karakaşlı Mah (çataldere Köyü)",
        "posta_kodu": "53260"
    },
    {
        "mahalle_id": "1_2",
        "mahalle_adi": "Karali Ve Güneştepe Mah (abdullahhoca Köyü)",
        "posta_kodu": "53260"
    },
    {
        "mahalle_id": "147_2",
        "mahalle_adi": "Karaloğlu Mah (kaptanpaşa Köyü)",
        "posta_kodu": "53260"
    },
    {
        "mahalle_id": "124_2",
        "mahalle_adi": "Karanlık Mah (yanıkdağ Köyü)",
        "posta_kodu": "53260"
    },
    {
        "mahalle_id": "26_3",
        "mahalle_adi": "Karaoğlu Mah (çeşmeli Köyü)",
        "posta_kodu": "53210"
    },
    {
        "mahalle_id": "77_2",
        "mahalle_adi": "Karşı Mah (kestanelik Köyü)",
        "posta_kodu": "53260"
    },
    {
        "mahalle_id": "88_2",
        "mahalle_adi": "Karşıyaka Mah (maltepe Köyü)",
        "posta_kodu": "53260"
    },
    {
        "mahalle_id": "66_2",
        "mahalle_adi": "Kasapoğlu Mah (kemerköy Köyü)",
        "posta_kodu": "53260"
    },
    {
        "mahalle_id": "69_2",
        "mahalle_adi": "Katılya Mah (kemerköy Köyü)",
        "posta_kodu": "53260"
    },
    {
        "mahalle_id": "106_2",
        "mahalle_adi": "Kavala Mah (selimiye Köyü)",
        "posta_kodu": "53260"
    },
    {
        "mahalle_id": "25_3",
        "mahalle_adi": "Kayadibi Mah (çeşmeli Köyü)",
        "posta_kodu": "53210"
    },
    {
        "mahalle_id": "162_2",
        "mahalle_adi": "Kaymaklı Mah (çataldere Köyü)",
        "posta_kodu": "53260"
    },
    {
        "mahalle_id": "65_2",
        "mahalle_adi": "Kayna Mah (kemerköy Köyü)",
        "posta_kodu": "53260"
    },
    {
        "mahalle_id": "7_4",
        "mahalle_adi": "Kazancılar Mah (madenli Beldesi)",
        "posta_kodu": "53220"
    },
    {
        "mahalle_id": "16_1",
        "mahalle_adi": "Kesmetaş Mah",
        "posta_kodu": "53200"
    },
    {
        "mahalle_id": "54_2",
        "mahalle_adi": "Kestanelik Mah (haremtepe Köyü)",
        "posta_kodu": "53260"
    },
    {
        "mahalle_id": "35_3",
        "mahalle_adi": "Kirazlı Mah (derecik Köyü)",
        "posta_kodu": "53210"
    },
    {
        "mahalle_id": "89_2",
        "mahalle_adi": "Kireçhane Mah (maltepe Köyü)",
        "posta_kodu": "53260"
    },
    {
        "mahalle_id": "101_2",
        "mahalle_adi": "Kısırlar Mah (sefalı Köyü)",
        "posta_kodu": "53260"
    },
    {
        "mahalle_id": "30_2",
        "mahalle_adi": "Kodana Mah (demirhisar Köyü)",
        "posta_kodu": "53260"
    },
    {
        "mahalle_id": "169_2",
        "mahalle_adi": "Kolağası Mah (gürpınar Köyü)",
        "posta_kodu": "53260"
    },
    {
        "mahalle_id": "5_2",
        "mahalle_adi": "Kömürcüler Ve Aptiefendiler Mah (abdullahhoca Köyü)",
        "posta_kodu": "53260"
    },
    {
        "mahalle_id": "58_2",
        "mahalle_adi": "Köprübaşı Mah (kaçkar Köyü)",
        "posta_kodu": "53260"
    },
    {
        "mahalle_id": "185_2",
        "mahalle_adi": "Korkapos Mah (uzundere Köyü)",
        "posta_kodu": "53260"
    },
    {
        "mahalle_id": "184_2",
        "mahalle_adi": "Köse Mah (uzundere Köyü)",
        "posta_kodu": "53260"
    },
    {
        "mahalle_id": "14_2",
        "mahalle_adi": "Köseler Mah (beyazsu Köyü)",
        "posta_kodu": "53260"
    },
    {
        "mahalle_id": "10_1",
        "mahalle_adi": "Küçükcaferpaşa Mah",
        "posta_kodu": "53200"
    },
    {
        "mahalle_id": "116_2",
        "mahalle_adi": "Küçükmustafalı Mah (yamaç Köyü)",
        "posta_kodu": "53260"
    },
    {
        "mahalle_id": "15_1",
        "mahalle_adi": "Küçüktaşhane Mah",
        "posta_kodu": "53200"
    },
    {
        "mahalle_id": "42_2",
        "mahalle_adi": "Kuremeli Mah (güzeltepe Köyü)",
        "posta_kodu": "53260"
    },
    {
        "mahalle_id": "28_2",
        "mahalle_adi": "Kurtuluş Mah (demirhisar Köyü)",
        "posta_kodu": "53260"
    },
    {
        "mahalle_id": "60_2",
        "mahalle_adi": "Kurular Mah (kaçkar Köyü)",
        "posta_kodu": "53260"
    },
    {
        "mahalle_id": "167_2",
        "mahalle_adi": "Kuyubaşı Mah (gürpınar Köyü)",
        "posta_kodu": "53260"
    },
    {
        "mahalle_id": "13_3",
        "mahalle_adi": "Leventli Mah (beşikçiler Köyü)",
        "posta_kodu": "53210"
    },
    {
        "mahalle_id": "14_1",
        "mahalle_adi": "Limanköy Mah",
        "posta_kodu": "53200"
    },
    {
        "mahalle_id": "67_2",
        "mahalle_adi": "Maden Mah (kemerköy Köyü)",
        "posta_kodu": "53260"
    },
    {
        "mahalle_id": "6_4",
        "mahalle_adi": "Maden Mah (madenli Beldesi)",
        "posta_kodu": "53220"
    },
    {
        "mahalle_id": "176_2",
        "mahalle_adi": "Mahmutoğlu Mah (ormancık Köyü)",
        "posta_kodu": "53260"
    },
    {
        "mahalle_id": "92_2",
        "mahalle_adi": "Makraş Mah (ortaköy Köyü)",
        "posta_kodu": "53260"
    },
    {
        "mahalle_id": "27_3",
        "mahalle_adi": "Malipos Mah (çeşmeli Köyü)",
        "posta_kodu": "53210"
    },
    {
        "mahalle_id": "41_2",
        "mahalle_adi": "Maloza Mah (güzeltepe Köyü)",
        "posta_kodu": "53260"
    },
    {
        "mahalle_id": "45_2",
        "mahalle_adi": "Maşalar Mah (güzeltepe Köyü)",
        "posta_kodu": "53260"
    },
    {
        "mahalle_id": "96_2",
        "mahalle_adi": "Mehelle Mah (sarısu Köyü)",
        "posta_kodu": "53260"
    },
    {
        "mahalle_id": "44_2",
        "mahalle_adi": "Mergolar Mah (güzeltepe Köyü)",
        "posta_kodu": "53260"
    },
    {
        "mahalle_id": "102_2",
        "mahalle_adi": "Merkez 1 Mah (sefalı Köyü)",
        "posta_kodu": "53260"
    },
    {
        "mahalle_id": "103_2",
        "mahalle_adi": "Merkez 2 Mah (sefalı Köyü)",
        "posta_kodu": "53260"
    },
    {
        "mahalle_id": "12_3",
        "mahalle_adi": "Merkez Kakşioğlu Mah (beşikçiler Köyü)",
        "posta_kodu": "53210"
    },
    {
        "mahalle_id": "9_3",
        "mahalle_adi": "Merkez Mah (armutlu Köyü)",
        "posta_kodu": "53210"
    },
    {
        "mahalle_id": "8_2",
        "mahalle_adi": "Merkez Mah (aşıklar Köyü)",
        "posta_kodu": "53260"
    },
    {
        "mahalle_id": "16_2",
        "mahalle_adi": "Merkez Mah (beyazsu Köyü)",
        "posta_kodu": "53260"
    },
    {
        "mahalle_id": "1_3",
        "mahalle_adi": "Merkez Mah (büyükköy Beldesi)",
        "posta_kodu": "53210"
    },
    {
        "mahalle_id": "155_2",
        "mahalle_adi": "Merkez Mah (çataldere Köyü)",
        "posta_kodu": "53260"
    },
    {
        "mahalle_id": "18_3",
        "mahalle_adi": "Merkez Mah (çeşmeli Köyü)",
        "posta_kodu": "53210"
    },
    {
        "mahalle_id": "163_2",
        "mahalle_adi": "Merkez Mah (çukurluhoca Köyü)",
        "posta_kodu": "53260"
    },
    {
        "mahalle_id": "33_2",
        "mahalle_adi": "Merkez Mah (erenler Köyü)",
        "posta_kodu": "53260"
    },
    {
        "mahalle_id": "39_3",
        "mahalle_adi": "Merkez Mah (gürgenli Köyü)",
        "posta_kodu": "53210"
    },
    {
        "mahalle_id": "171_2",
        "mahalle_adi": "Merkez Mah (gürpınar Köyü)",
        "posta_kodu": "53260"
    },
    {
        "mahalle_id": "56_2",
        "mahalle_adi": "Merkez Mah (haremtepe Köyü)",
        "posta_kodu": "53260"
    },
    {
        "mahalle_id": "136_2",
        "mahalle_adi": "Merkez Mah (kaptanpaşa Köyü)",
        "posta_kodu": "53260"
    },
    {
        "mahalle_id": "54_3",
        "mahalle_adi": "Merkez Mah (karaağaç Köyü)",
        "posta_kodu": "53210"
    },
    {
        "mahalle_id": "72_2",
        "mahalle_adi": "Merkez Mah (kemerköy Köyü)",
        "posta_kodu": "53260"
    },
    {
        "mahalle_id": "76_2",
        "mahalle_adi": "Merkez Mah (kestanelik Köyü)",
        "posta_kodu": "53260"
    },
    {
        "mahalle_id": "1_4",
        "mahalle_adi": "Merkez Mah (madenli Beldesi)",
        "posta_kodu": "53220"
    },
    {
        "mahalle_id": "86_2",
        "mahalle_adi": "Merkez Mah (maltepe Köyü)",
        "posta_kodu": "53260"
    },
    {
        "mahalle_id": "174_2",
        "mahalle_adi": "Merkez Mah (ormancık Köyü)",
        "posta_kodu": "53260"
    },
    {
        "mahalle_id": "114_2",
        "mahalle_adi": "Merkez Mah (yamaç Köyü)",
        "posta_kodu": "53260"
    },
    {
        "mahalle_id": "63_3",
        "mahalle_adi": "Merkez Mah (yeşilköy Köyü)",
        "posta_kodu": "53210"
    },
    {
        "mahalle_id": "122_2",
        "mahalle_adi": "Mesavli Mah (yanıkdağ Köyü)",
        "posta_kodu": "53260"
    },
    {
        "mahalle_id": "70_2",
        "mahalle_adi": "Meydanlı Mah (kemerköy Köyü)",
        "posta_kodu": "53260"
    },
    {
        "mahalle_id": "24_2",
        "mahalle_adi": "Mezra Mah (çilingir Köyü)",
        "posta_kodu": "53260"
    },
    {
        "mahalle_id": "192_2",
        "mahalle_adi": "Mezra Mah (yeşiltepe Köyü)",
        "posta_kodu": "53260"
    },
    {
        "mahalle_id": "51_3",
        "mahalle_adi": "Milok Mah (karaağaç Köyü)",
        "posta_kodu": "53210"
    },
    {
        "mahalle_id": "52_3",
        "mahalle_adi": "Momişli Mah (karaağaç Köyü)",
        "posta_kodu": "53210"
    },
    {
        "mahalle_id": "66_3",
        "mahalle_adi": "Muhli Mah (yıldızeli Köyü)",
        "posta_kodu": "53210"
    },
    {
        "mahalle_id": "32_3",
        "mahalle_adi": "Müreli Mah (derecik Köyü)",
        "posta_kodu": "53210"
    },
    {
        "mahalle_id": "90_2",
        "mahalle_adi": "Musadağı Köyü",
        "posta_kodu": "53260"
    },
    {
        "mahalle_id": "48_2",
        "mahalle_adi": "Mutidüzü Mah (haremtepe Köyü)",
        "posta_kodu": "53260"
    },
    {
        "mahalle_id": "50_3",
        "mahalle_adi": "Öksüzler Mah (karaağaç Köyü)",
        "posta_kodu": "53210"
    },
    {
        "mahalle_id": "21_3",
        "mahalle_adi": "Okullar Mah (çeşmeli Köyü)",
        "posta_kodu": "53210"
    },
    {
        "mahalle_id": "2_2",
        "mahalle_adi": "Okumuş Çay Mah (abdullahhoca Köyü)",
        "posta_kodu": "53260"
    },
    {
        "mahalle_id": "6_2",
        "mahalle_adi": "Orta Mah (aşıklar Köyü)",
        "posta_kodu": "53260"
    },
    {
        "mahalle_id": "149_2",
        "mahalle_adi": "Orta Mah (başköy Köyü)",
        "posta_kodu": "53260"
    },
    {
        "mahalle_id": "19_2",
        "mahalle_adi": "Orta Mah (beyazsu Köyü)",
        "posta_kodu": "53260"
    },
    {
        "mahalle_id": "19_3",
        "mahalle_adi": "Orta Mah (çeşmeli Köyü)",
        "posta_kodu": "53210"
    },
    {
        "mahalle_id": "22_2",
        "mahalle_adi": "Orta Mah (çilingir Köyü)",
        "posta_kodu": "53260"
    },
    {
        "mahalle_id": "145_2",
        "mahalle_adi": "Orta Mah (kaptanpaşa Köyü)",
        "posta_kodu": "53260"
    },
    {
        "mahalle_id": "62_2",
        "mahalle_adi": "Orta Mah (kemerköy Köyü)",
        "posta_kodu": "53260"
    },
    {
        "mahalle_id": "104_2",
        "mahalle_adi": "Orta Mah (sefalı Köyü)",
        "posta_kodu": "53260"
    },
    {
        "mahalle_id": "177_2",
        "mahalle_adi": "Orta Mah (uzundere Köyü)",
        "posta_kodu": "53260"
    },
    {
        "mahalle_id": "115_2",
        "mahalle_adi": "Orta Mah (yamaç Köyü)",
        "posta_kodu": "53260"
    },
    {
        "mahalle_id": "194_2",
        "mahalle_adi": "Orta Mah (yeşiltepe Köyü)",
        "posta_kodu": "53260"
    },
    {
        "mahalle_id": "23_3",
        "mahalle_adi": "Ortaköy Mah (çeşmeli Köyü)",
        "posta_kodu": "53210"
    },
    {
        "mahalle_id": "187_2",
        "mahalle_adi": "Ortasırt Mah (yenice Köyü)",
        "posta_kodu": "53260"
    },
    {
        "mahalle_id": "100_2",
        "mahalle_adi": "Özdemirler Mah (sefalı Köyü)",
        "posta_kodu": "53260"
    },
    {
        "mahalle_id": "15_2",
        "mahalle_adi": "Paşana Mah (beyazsu Köyü)",
        "posta_kodu": "53260"
    },
    {
        "mahalle_id": "40_2",
        "mahalle_adi": "Perikoma Mah (güzeltepe Köyü)",
        "posta_kodu": "53260"
    },
    {
        "mahalle_id": "121_2",
        "mahalle_adi": "Puşuli Mah (yanıkdağ Köyü)",
        "posta_kodu": "53260"
    },
    {
        "mahalle_id": "158_2",
        "mahalle_adi": "Reyhanlı Mah (çataldere Köyü)",
        "posta_kodu": "53260"
    },
    {
        "mahalle_id": "2_1",
        "mahalle_adi": "Sabuncular Mah",
        "posta_kodu": "53200"
    },
    {
        "mahalle_id": "8_1",
        "mahalle_adi": "Şairler Mah",
        "posta_kodu": "53200"
    },
    {
        "mahalle_id": "20_3",
        "mahalle_adi": "Saladop Mah (çeşmeli Köyü)",
        "posta_kodu": "53210"
    },
    {
        "mahalle_id": "53_2",
        "mahalle_adi": "Şalambarlı Mah (haremtepe Köyü)",
        "posta_kodu": "53260"
    },
    {
        "mahalle_id": "111_2",
        "mahalle_adi": "Saralı Mah (sırtköy Köyü)",
        "posta_kodu": "53260"
    },
    {
        "mahalle_id": "94_2",
        "mahalle_adi": "Sarıahmetler Mah (sarısu Köyü)",
        "posta_kodu": "53260"
    },
    {
        "mahalle_id": "71_2",
        "mahalle_adi": "Sarılar Mah (kemerköy Köyü)",
        "posta_kodu": "53260"
    },
    {
        "mahalle_id": "97_2",
        "mahalle_adi": "Sazlıklar Mah (sarısu Köyü)",
        "posta_kodu": "53260"
    },
    {
        "mahalle_id": "49_3",
        "mahalle_adi": "Şehit Muhammet Yüce Mah (karaağaç Köyü)",
        "posta_kodu": "53210"
    },
    {
        "mahalle_id": "137_2",
        "mahalle_adi": "Şen Mah (kaptanpaşa Köyü)",
        "posta_kodu": "53260"
    },
    {
        "mahalle_id": "68_3",
        "mahalle_adi": "Serinırmak Mah (yıldızeli Köyü)",
        "posta_kodu": "53210"
    },
    {
        "mahalle_id": "11_4",
        "mahalle_adi": "Seslidere Mah (madenli Beldesi)",
        "posta_kodu": "53220"
    },
    {
        "mahalle_id": "151_2",
        "mahalle_adi": "Şimşirli Mah (buzlupınar Köyü)",
        "posta_kodu": "53260"
    },
    {
        "mahalle_id": "82_2",
        "mahalle_adi": "Siranlık Mah (köprübaşı Köyü)",
        "posta_kodu": "53260"
    },
    {
        "mahalle_id": "112_2",
        "mahalle_adi": "Şirinköy Köyü",
        "posta_kodu": "53260"
    },
    {
        "mahalle_id": "7_2",
        "mahalle_adi": "Sırt Mah (aşıklar Köyü)",
        "posta_kodu": "53260"
    },
    {
        "mahalle_id": "157_2",
        "mahalle_adi": "Sırt Mah (çataldere Köyü)",
        "posta_kodu": "53260"
    },
    {
        "mahalle_id": "21_2",
        "mahalle_adi": "Sırt Mah (çilingir Köyü)",
        "posta_kodu": "53260"
    },
    {
        "mahalle_id": "34_2",
        "mahalle_adi": "Sırt Mah (erenler Köyü)",
        "posta_kodu": "53260"
    },
    {
        "mahalle_id": "189_2",
        "mahalle_adi": "Sırt Mah (yenice Köyü)",
        "posta_kodu": "53260"
    },
    {
        "mahalle_id": "132_2",
        "mahalle_adi": "Sırt Mah (zafer Köyü)",
        "posta_kodu": "53260"
    },
    {
        "mahalle_id": "8_3",
        "mahalle_adi": "Soğuksu Mah (büyükköy Beldesi)",
        "posta_kodu": "53210"
    },
    {
        "mahalle_id": "93_2",
        "mahalle_adi": "Soğuksu Mah (ortaköy Köyü)",
        "posta_kodu": "53260"
    },
    {
        "mahalle_id": "57_2",
        "mahalle_adi": "Songurler Mah (kaçkar Köyü)",
        "posta_kodu": "53260"
    },
    {
        "mahalle_id": "85_2",
        "mahalle_adi": "Suiçmezler Mah (latifli Köyü)",
        "posta_kodu": "53260"
    },
    {
        "mahalle_id": "98_2",
        "mahalle_adi": "Suiçmezler Mah (sarısu Köyü)",
        "posta_kodu": "53260"
    },
    {
        "mahalle_id": "51_2",
        "mahalle_adi": "Taş Mah (haremtepe Köyü)",
        "posta_kodu": "53260"
    },
    {
        "mahalle_id": "119_2",
        "mahalle_adi": "Taşdemirler Mah (yanıkdağ Köyü)",
        "posta_kodu": "53260"
    },
    {
        "mahalle_id": "9_1",
        "mahalle_adi": "Taşhane Mah",
        "posta_kodu": "53200"
    },
    {
        "mahalle_id": "29_2",
        "mahalle_adi": "Taşlık Mah (demirhisar Köyü)",
        "posta_kodu": "53260"
    },
    {
        "mahalle_id": "34_3",
        "mahalle_adi": "Tepe Mah (derecik Köyü)",
        "posta_kodu": "53210"
    },
    {
        "mahalle_id": "64_2",
        "mahalle_adi": "Tepe Mah (kemerköy Köyü)",
        "posta_kodu": "53260"
    },
    {
        "mahalle_id": "129_2",
        "mahalle_adi": "Tepe Mah (yenitepe Köyü)",
        "posta_kodu": "53260"
    },
    {
        "mahalle_id": "105_2",
        "mahalle_adi": "Tepeboyu Mah (selimiye Köyü)",
        "posta_kodu": "53260"
    },
    {
        "mahalle_id": "22_3",
        "mahalle_adi": "Tepeler Mah (çeşmeli Köyü)",
        "posta_kodu": "53210"
    },
    {
        "mahalle_id": "201_2",
        "mahalle_adi": "Tepeler Mah (latifli Köyü)",
        "posta_kodu": "53260"
    },
    {
        "mahalle_id": "99_2",
        "mahalle_adi": "Tepeler Mah (sarısu Köyü)",
        "posta_kodu": "53260"
    },
    {
        "mahalle_id": "24_3",
        "mahalle_adi": "Tepeli Mah (çeşmeli Köyü)",
        "posta_kodu": "53210"
    },
    {
        "mahalle_id": "179_2",
        "mahalle_adi": "Tepeli Mah (uzundere Köyü)",
        "posta_kodu": "53260"
    },
    {
        "mahalle_id": "14_3",
        "mahalle_adi": "Tohumluk Mah (beşikçiler Köyü)",
        "posta_kodu": "53210"
    },
    {
        "mahalle_id": "38_3",
        "mahalle_adi": "Topaloğlu Mah (gürgenli Köyü)",
        "posta_kodu": "53210"
    },
    {
        "mahalle_id": "55_3",
        "mahalle_adi": "Topçular Mah (karaağaç Köyü)",
        "posta_kodu": "53210"
    },
    {
        "mahalle_id": "2_4",
        "mahalle_adi": "Topkaya Mah (madenli Beldesi)",
        "posta_kodu": "53220"
    },
    {
        "mahalle_id": "27_2",
        "mahalle_adi": "Türkgeldi Mah (demirhisar Köyü)",
        "posta_kodu": "53260"
    },
    {
        "mahalle_id": "175_2",
        "mahalle_adi": "Ulaş Mah (ormancık Köyü)",
        "posta_kodu": "53260"
    },
    {
        "mahalle_id": "79_2",
        "mahalle_adi": "Üst Mah (köprübaşı Köyü)",
        "posta_kodu": "53260"
    },
    {
        "mahalle_id": "178_2",
        "mahalle_adi": "Üst Mah (uzundere Köyü)",
        "posta_kodu": "53260"
    },
    {
        "mahalle_id": "50_2",
        "mahalle_adi": "Üstveis Mah (haremtepe Köyü)",
        "posta_kodu": "53260"
    },
    {
        "mahalle_id": "60_3",
        "mahalle_adi": "Veripos Mah (karaağaç Köyü)",
        "posta_kodu": "53210"
    },
    {
        "mahalle_id": "168_2",
        "mahalle_adi": "Veritağ Mah (gürpınar Köyü)",
        "posta_kodu": "53260"
    },
    {
        "mahalle_id": "91_2",
        "mahalle_adi": "Voyna Mah (ortaköy Köyü)",
        "posta_kodu": "53260"
    },
    {
        "mahalle_id": "13_1",
        "mahalle_adi": "Yaka Mah",
        "posta_kodu": "53200"
    },
    {
        "mahalle_id": "152_2",
        "mahalle_adi": "Yalçınlar Mah (buzlupınar Köyü)",
        "posta_kodu": "53260"
    },
    {
        "mahalle_id": "3_1",
        "mahalle_adi": "Yalı Mah",
        "posta_kodu": "53200"
    },
    {
        "mahalle_id": "126_2",
        "mahalle_adi": "Yavuzlar Köyü",
        "posta_kodu": "53260"
    },
    {
        "mahalle_id": "5_4",
        "mahalle_adi": "Yazıcılar Mah (madenli Beldesi)",
        "posta_kodu": "53220"
    },
    {
        "mahalle_id": "45_3",
        "mahalle_adi": "Yeni Mah (gürgenli Köyü)",
        "posta_kodu": "53210"
    },
    {
        "mahalle_id": "9_4",
        "mahalle_adi": "Yeni Mah (madenli Beldesi)",
        "posta_kodu": "53220"
    },
    {
        "mahalle_id": "12_1",
        "mahalle_adi": "Yenicami Mah",
        "posta_kodu": "53200"
    },
    {
        "mahalle_id": "127_2",
        "mahalle_adi": "Yenihisar Köyü",
        "posta_kodu": "53260"
    },
    {
        "mahalle_id": "4_1",
        "mahalle_adi": "Yenipazar Mah",
        "posta_kodu": "53200"
    },
    {
        "mahalle_id": "130_2",
        "mahalle_adi": "Yeşilırmak Köyü",
        "posta_kodu": "53260"
    },
    {
        "mahalle_id": "61_2",
        "mahalle_adi": "Yılmayanlar Mah (kemerköy Köyü)",
        "posta_kodu": "53260"
    },
    {
        "mahalle_id": "55_2",
        "mahalle_adi": "Yukarı Cordanlar Mah (haremtepe Köyü)",
        "posta_kodu": "53260"
    },
    {
        "mahalle_id": "141_2",
        "mahalle_adi": "Yükselen Mah (kaptanpaşa Köyü)",
        "posta_kodu": "53260"
    }
]