[
    {
        "mahalle_id": "38_2",
        "mahalle_adi": "Afet Evleri Mah (ballı Köyü)",
        "posta_kodu": "08390"
    },
    {
        "mahalle_id": "106_2",
        "mahalle_adi": "Afet Evleri Mah (müezzinler Köyü)",
        "posta_kodu": "08390"
    },
    {
        "mahalle_id": "81_2",
        "mahalle_adi": "Ağagil Mah (gümüşhane Köyü)",
        "posta_kodu": "08390"
    },
    {
        "mahalle_id": "18_2",
        "mahalle_adi": "Ağagilin Mah (aydınköy Köyü)",
        "posta_kodu": "08390"
    },
    {
        "mahalle_id": "120_2",
        "mahalle_adi": "Ahmet Kayagil Mah (peynirli Köyü)",
        "posta_kodu": "08390"
    },
    {
        "mahalle_id": "77_2",
        "mahalle_adi": "Aliağagil Mah (gümüşhane Köyü)",
        "posta_kodu": "08390"
    },
    {
        "mahalle_id": "179_2",
        "mahalle_adi": "Aligil Mah (incilli Köyü)",
        "posta_kodu": "08390"
    },
    {
        "mahalle_id": "7_2",
        "mahalle_adi": "Anaçlı Köyü",
        "posta_kodu": "08390"
    },
    {
        "mahalle_id": "14_2",
        "mahalle_adi": "Arkim Mah (avcılar Köyü)",
        "posta_kodu": "08390"
    },
    {
        "mahalle_id": "17_2",
        "mahalle_adi": "Aşağı Cami Mah (aydınköy Köyü)",
        "posta_kodu": "08390"
    },
    {
        "mahalle_id": "24_2",
        "mahalle_adi": "Aşağı Mağnar Mah (aydınköy Köyü)",
        "posta_kodu": "08390"
    },
    {
        "mahalle_id": "162_2",
        "mahalle_adi": "Aşağı Mah (bağlıca Köyü)",
        "posta_kodu": "08390"
    },
    {
        "mahalle_id": "83_2",
        "mahalle_adi": "Aşağı Mah (hamurlu Köyü)",
        "posta_kodu": "08390"
    },
    {
        "mahalle_id": "86_2",
        "mahalle_adi": "Aşağı Mah (karlı Köyü)",
        "posta_kodu": "08390"
    },
    {
        "mahalle_id": "91_2",
        "mahalle_adi": "Aşağı Mah (kızılcık Köyü)",
        "posta_kodu": "08390"
    },
    {
        "mahalle_id": "118_2",
        "mahalle_adi": "Aşağı Mah (örtülü Köyü)",
        "posta_kodu": "08390"
    },
    {
        "mahalle_id": "10_2",
        "mahalle_adi": "Aşağı Şuvat Mah (aşıklar Köyü)",
        "posta_kodu": "08390"
    },
    {
        "mahalle_id": "69_2",
        "mahalle_adi": "Aşağı Yayla Mevkii Mah (güleş Köyü)",
        "posta_kodu": "08390"
    },
    {
        "mahalle_id": "155_2",
        "mahalle_adi": "Ayvazlar Mah (aşağıırmaklar Köyü)",
        "posta_kodu": "08390"
    },
    {
        "mahalle_id": "182_2",
        "mahalle_adi": "Bademli Mah (incilli Köyü)",
        "posta_kodu": "08390"
    },
    {
        "mahalle_id": "160_2",
        "mahalle_adi": "Bağlar Mah (bağlıca Köyü)",
        "posta_kodu": "08390"
    },
    {
        "mahalle_id": "62_2",
        "mahalle_adi": "Bağlar Mah (ferhatlı Köyü)",
        "posta_kodu": "08390"
    },
    {
        "mahalle_id": "188_2",
        "mahalle_adi": "Bağlar Mah (kutlu Köyü)",
        "posta_kodu": "08390"
    },
    {
        "mahalle_id": "185_2",
        "mahalle_adi": "Bahçelievler Mah (kapıköy Köyü)",
        "posta_kodu": "08390"
    },
    {
        "mahalle_id": "32_2",
        "mahalle_adi": "Bantaluğ Mah (aydınköy Köyü)",
        "posta_kodu": "08390"
    },
    {
        "mahalle_id": "96_2",
        "mahalle_adi": "Başaklar Mah (kızılcık Köyü)",
        "posta_kodu": "08390"
    },
    {
        "mahalle_id": "126_2",
        "mahalle_adi": "Başyiğitgil Mah (peynirli Köyü)",
        "posta_kodu": "08390"
    },
    {
        "mahalle_id": "103_2",
        "mahalle_adi": "Batak Mah (konaklı Köyü)",
        "posta_kodu": "08390"
    },
    {
        "mahalle_id": "43_2",
        "mahalle_adi": "Bayramgil Mah (bereket Köyü)",
        "posta_kodu": "08390"
    },
    {
        "mahalle_id": "127_2",
        "mahalle_adi": "Bekirgil Mah (peynirli Köyü)",
        "posta_kodu": "08390"
    },
    {
        "mahalle_id": "41_2",
        "mahalle_adi": "Beratlı Köyü",
        "posta_kodu": "08390"
    },
    {
        "mahalle_id": "30_2",
        "mahalle_adi": "Borgama Mah (aydınköy Köyü)",
        "posta_kodu": "08390"
    },
    {
        "mahalle_id": "72_2",
        "mahalle_adi": "Büyük Düz Mah (güleş Köyü)",
        "posta_kodu": "08390"
    },
    {
        "mahalle_id": "132_2",
        "mahalle_adi": "Büyük Yayla Mah (peynirli Köyü)",
        "posta_kodu": "08390"
    },
    {
        "mahalle_id": "174_2",
        "mahalle_adi": "Çakızar Mah (çakıllar Köyü)",
        "posta_kodu": "08390"
    },
    {
        "mahalle_id": "36_2",
        "mahalle_adi": "Camandar Mah (aydınköy Köyü)",
        "posta_kodu": "08390"
    },
    {
        "mahalle_id": "131_2",
        "mahalle_adi": "Camandar Mah (peynirli Köyü)",
        "posta_kodu": "08390"
    },
    {
        "mahalle_id": "23_2",
        "mahalle_adi": "Camangelet Mah (aydınköy Köyü)",
        "posta_kodu": "08390"
    },
    {
        "mahalle_id": "3_2",
        "mahalle_adi": "Cami Mah (akarsu Köyü)",
        "posta_kodu": "08390"
    },
    {
        "mahalle_id": "170_2",
        "mahalle_adi": "Cami Mah (çakıllar Köyü)",
        "posta_kodu": "08390"
    },
    {
        "mahalle_id": "63_2",
        "mahalle_adi": "Cami Mah (geçitli Köyü)",
        "posta_kodu": "08390"
    },
    {
        "mahalle_id": "177_2",
        "mahalle_adi": "Cami Mah (incilli Köyü)",
        "posta_kodu": "08390"
    },
    {
        "mahalle_id": "101_2",
        "mahalle_adi": "Cami Mah (konaklı Köyü)",
        "posta_kodu": "08390"
    },
    {
        "mahalle_id": "190_2",
        "mahalle_adi": "Cami Mah (kutlu Köyü)",
        "posta_kodu": "08390"
    },
    {
        "mahalle_id": "123_2",
        "mahalle_adi": "Cami Mah (peynirli Köyü)",
        "posta_kodu": "08390"
    },
    {
        "mahalle_id": "154_2",
        "mahalle_adi": "Camili Mah (aşağıırmaklar Köyü)",
        "posta_kodu": "08390"
    },
    {
        "mahalle_id": "94_2",
        "mahalle_adi": "Çatmalık Yaylası Mah (kızılcık Köyü)",
        "posta_kodu": "08390"
    },
    {
        "mahalle_id": "115_2",
        "mahalle_adi": "Çavuş Aligil Mah (ovacık Köyü)",
        "posta_kodu": "08390"
    },
    {
        "mahalle_id": "144_2",
        "mahalle_adi": "Çayağzı Mah (tepedüzü Köyü)",
        "posta_kodu": "08390"
    },
    {
        "mahalle_id": "163_2",
        "mahalle_adi": "Çevrelik Mah (bağlıca Köyü)",
        "posta_kodu": "08390"
    },
    {
        "mahalle_id": "80_2",
        "mahalle_adi": "Çınardibi Mah (gümüşhane Köyü)",
        "posta_kodu": "08390"
    },
    {
        "mahalle_id": "140_2",
        "mahalle_adi": "Cuğo Mah (soğanlı Köyü)",
        "posta_kodu": "08390"
    },
    {
        "mahalle_id": "193_2",
        "mahalle_adi": "Cumhuriyet Mah (kutlu Köyü)",
        "posta_kodu": "08390"
    },
    {
        "mahalle_id": "49_2",
        "mahalle_adi": "Dalahet Yaylası Mah (bereket Köyü)",
        "posta_kodu": "08390"
    },
    {
        "mahalle_id": "197_2",
        "mahalle_adi": "Demirci Mah (yolağzı Köyü)",
        "posta_kodu": "08390"
    },
    {
        "mahalle_id": "2_2",
        "mahalle_adi": "Dere Mah (akarsu Köyü)",
        "posta_kodu": "08390"
    },
    {
        "mahalle_id": "109_2",
        "mahalle_adi": "Derebağlar Mah (naldöken Köyü)",
        "posta_kodu": "08390"
    },
    {
        "mahalle_id": "39_2",
        "mahalle_adi": "Dikmen Yaylası Mah (ballı Köyü)",
        "posta_kodu": "08390"
    },
    {
        "mahalle_id": "173_2",
        "mahalle_adi": "Dorik Mah (çakıllar Köyü)",
        "posta_kodu": "08390"
    },
    {
        "mahalle_id": "171_2",
        "mahalle_adi": "Düz Mah (çakıllar Köyü)",
        "posta_kodu": "08390"
    },
    {
        "mahalle_id": "121_2",
        "mahalle_adi": "Efeköy Mah (peynirli Köyü)",
        "posta_kodu": "08390"
    },
    {
        "mahalle_id": "60_2",
        "mahalle_adi": "Ekşinar Köyü",
        "posta_kodu": "08390"
    },
    {
        "mahalle_id": "125_2",
        "mahalle_adi": "Emin Ağagil Mah (peynirli Köyü)",
        "posta_kodu": "08390"
    },
    {
        "mahalle_id": "19_2",
        "mahalle_adi": "Garaban Mah (aydınköy Köyü)",
        "posta_kodu": "08390"
    },
    {
        "mahalle_id": "33_2",
        "mahalle_adi": "Garbelet Mah (aydınköy Köyü)",
        "posta_kodu": "08390"
    },
    {
        "mahalle_id": "31_2",
        "mahalle_adi": "Gizelt Mah (aydınköy Köyü)",
        "posta_kodu": "08390"
    },
    {
        "mahalle_id": "114_2",
        "mahalle_adi": "Gölbaşı Mah (ovacık Köyü)",
        "posta_kodu": "08390"
    },
    {
        "mahalle_id": "35_2",
        "mahalle_adi": "Gomozor Yaylası Mah (aydınköy Köyü)",
        "posta_kodu": "08390"
    },
    {
        "mahalle_id": "139_2",
        "mahalle_adi": "Gonara Mah (soğanlı Köyü)",
        "posta_kodu": "08390"
    },
    {
        "mahalle_id": "137_2",
        "mahalle_adi": "Gorpota Mah (soğanlı Köyü)",
        "posta_kodu": "08390"
    },
    {
        "mahalle_id": "164_2",
        "mahalle_adi": "Gozirot Mah (bağlıca Köyü)",
        "posta_kodu": "08390"
    },
    {
        "mahalle_id": "29_2",
        "mahalle_adi": "Gülçayır Mah (aydınköy Köyü)",
        "posta_kodu": "08390"
    },
    {
        "mahalle_id": "76_2",
        "mahalle_adi": "Hacigil Mah (gümüşhane Köyü)",
        "posta_kodu": "08390"
    },
    {
        "mahalle_id": "68_2",
        "mahalle_adi": "Hamitgil Mah (gökçe Köyü)",
        "posta_kodu": "08390"
    },
    {
        "mahalle_id": "6_2",
        "mahalle_adi": "Harkbaşı Mah (akarsu Köyü)",
        "posta_kodu": "08390"
    },
    {
        "mahalle_id": "85_2",
        "mahalle_adi": "Harmanlı Köyü",
        "posta_kodu": "08390"
    },
    {
        "mahalle_id": "113_2",
        "mahalle_adi": "Has Mah (ovacık Köyü)",
        "posta_kodu": "08390"
    },
    {
        "mahalle_id": "138_2",
        "mahalle_adi": "Hasbahçe Mah (soğanlı Köyü)",
        "posta_kodu": "08390"
    },
    {
        "mahalle_id": "133_2",
        "mahalle_adi": "Hasmenlat Mah (peynirli Köyü)",
        "posta_kodu": "08390"
    },
    {
        "mahalle_id": "175_2",
        "mahalle_adi": "Hisarlı Köyü",
        "posta_kodu": "08390"
    },
    {
        "mahalle_id": "95_2",
        "mahalle_adi": "Horhot Mah (kızılcık Köyü)",
        "posta_kodu": "08390"
    },
    {
        "mahalle_id": "180_2",
        "mahalle_adi": "Hoşatgil Mah (incilli Köyü)",
        "posta_kodu": "08390"
    },
    {
        "mahalle_id": "192_2",
        "mahalle_adi": "Hürriyet Mah (kutlu Köyü)",
        "posta_kodu": "08390"
    },
    {
        "mahalle_id": "78_2",
        "mahalle_adi": "İmedegil Mah (gümüşhane Köyü)",
        "posta_kodu": "08390"
    },
    {
        "mahalle_id": "161_2",
        "mahalle_adi": "İsot Mah (bağlıca Köyü)",
        "posta_kodu": "08390"
    },
    {
        "mahalle_id": "20_2",
        "mahalle_adi": "Kadıgil Mah (aydınköy Köyü)",
        "posta_kodu": "08390"
    },
    {
        "mahalle_id": "184_2",
        "mahalle_adi": "Kadıgil Mah (incilli Köyü)",
        "posta_kodu": "08390"
    },
    {
        "mahalle_id": "110_2",
        "mahalle_adi": "Kadirağagil Mah (ovacık Köyü)",
        "posta_kodu": "08390"
    },
    {
        "mahalle_id": "28_2",
        "mahalle_adi": "Kaltdese Mah (aydınköy Köyü)",
        "posta_kodu": "08390"
    },
    {
        "mahalle_id": "27_2",
        "mahalle_adi": "Kanalt Mezrası Mah (aydınköy Köyü)",
        "posta_kodu": "08390"
    },
    {
        "mahalle_id": "21_2",
        "mahalle_adi": "Kansaliya Mah (aydınköy Köyü)",
        "posta_kodu": "08390"
    },
    {
        "mahalle_id": "34_2",
        "mahalle_adi": "Karagöl Yaylası Mah (aydınköy Köyü)",
        "posta_kodu": "08390"
    },
    {
        "mahalle_id": "73_2",
        "mahalle_adi": "Kavlaklı Mah (güleş Köyü)",
        "posta_kodu": "08390"
    },
    {
        "mahalle_id": "136_2",
        "mahalle_adi": "Kayadıbı Mah (sakarya Köyü)",
        "posta_kodu": "08390"
    },
    {
        "mahalle_id": "146_2",
        "mahalle_adi": "Kayadıbı Mah (torbalı Köyü)",
        "posta_kodu": "08390"
    },
    {
        "mahalle_id": "191_2",
        "mahalle_adi": "Kayagil Mah (kutlu Köyü)",
        "posta_kodu": "08390"
    },
    {
        "mahalle_id": "92_2",
        "mahalle_adi": "Killit Mezrası Mah (kızılcık Köyü)",
        "posta_kodu": "08390"
    },
    {
        "mahalle_id": "53_2",
        "mahalle_adi": "Kirazlı Mah (bulanık Köyü)",
        "posta_kodu": "08390"
    },
    {
        "mahalle_id": "12_2",
        "mahalle_adi": "Kışla Mah (avcılar Köyü)",
        "posta_kodu": "08390"
    },
    {
        "mahalle_id": "45_2",
        "mahalle_adi": "Kocaget Mah (bereket Köyü)",
        "posta_kodu": "08390"
    },
    {
        "mahalle_id": "112_2",
        "mahalle_adi": "Kolbaşı Mah (ovacık Köyü)",
        "posta_kodu": "08390"
    },
    {
        "mahalle_id": "4_2",
        "mahalle_adi": "Konaklı Yaylası Mah (akarsu Köyü)",
        "posta_kodu": "08390"
    },
    {
        "mahalle_id": "102_2",
        "mahalle_adi": "Konaklı Yaylası Mah (konaklı Köyü)",
        "posta_kodu": "08390"
    },
    {
        "mahalle_id": "122_2",
        "mahalle_adi": "Köprübaşı Mah (peynirli Köyü)",
        "posta_kodu": "08390"
    },
    {
        "mahalle_id": "135_2",
        "mahalle_adi": "Künye Mah (sakarya Köyü)",
        "posta_kodu": "08390"
    },
    {
        "mahalle_id": "11_2",
        "mahalle_adi": "Kürdevan Yaylası Mah (aşıklar Köyü)",
        "posta_kodu": "08390"
    },
    {
        "mahalle_id": "183_2",
        "mahalle_adi": "Kürdeven İncilli Mah (incilli Köyü)",
        "posta_kodu": "08390"
    },
    {
        "mahalle_id": "169_2",
        "mahalle_adi": "Kurudat Mah (cevizlik Köyü)",
        "posta_kodu": "08390"
    },
    {
        "mahalle_id": "55_2",
        "mahalle_adi": "Kutul Mah (bulanık Köyü)",
        "posta_kodu": "08390"
    },
    {
        "mahalle_id": "15_2",
        "mahalle_adi": "Kuzey Mah (aydınköy Köyü)",
        "posta_kodu": "08390"
    },
    {
        "mahalle_id": "166_2",
        "mahalle_adi": "Lanpuvar Mah (bağlıca Köyü)",
        "posta_kodu": "08390"
    },
    {
        "mahalle_id": "176_2",
        "mahalle_adi": "Lomat Mah (incilli Köyü)",
        "posta_kodu": "08390"
    },
    {
        "mahalle_id": "57_2",
        "mahalle_adi": "Lori Mah (bulanık Köyü)",
        "posta_kodu": "08390"
    },
    {
        "mahalle_id": "189_2",
        "mahalle_adi": "Mahmutlar Mah (kutlu Köyü)",
        "posta_kodu": "08390"
    },
    {
        "mahalle_id": "100_2",
        "mahalle_adi": "Mazman Mah (konaklı Köyü)",
        "posta_kodu": "08390"
    },
    {
        "mahalle_id": "1_1",
        "mahalle_adi": "Merkez Mah",
        "posta_kodu": "08300"
    },
    {
        "mahalle_id": "1_2",
        "mahalle_adi": "Merkez Mah (akarsu Köyü)",
        "posta_kodu": "08390"
    },
    {
        "mahalle_id": "156_2",
        "mahalle_adi": "Merkez Mah (aşağıırmaklar Köyü)",
        "posta_kodu": "08390"
    },
    {
        "mahalle_id": "8_2",
        "mahalle_adi": "Merkez Mah (aşıklar Köyü)",
        "posta_kodu": "08390"
    },
    {
        "mahalle_id": "37_2",
        "mahalle_adi": "Merkez Mah (ballı Köyü)",
        "posta_kodu": "08390"
    },
    {
        "mahalle_id": "56_2",
        "mahalle_adi": "Merkez Mah (bulanık Köyü)",
        "posta_kodu": "08390"
    },
    {
        "mahalle_id": "168_2",
        "mahalle_adi": "Merkez Mah (cevizlik Köyü)",
        "posta_kodu": "08390"
    },
    {
        "mahalle_id": "59_2",
        "mahalle_adi": "Merkez Mah (çıralar Köyü)",
        "posta_kodu": "08390"
    },
    {
        "mahalle_id": "61_2",
        "mahalle_adi": "Merkez Mah (ferhatlı Köyü)",
        "posta_kodu": "08390"
    },
    {
        "mahalle_id": "66_2",
        "mahalle_adi": "Merkez Mah (geçitli Köyü)",
        "posta_kodu": "08390"
    },
    {
        "mahalle_id": "74_2",
        "mahalle_adi": "Merkez Mah (güleş Köyü)",
        "posta_kodu": "08390"
    },
    {
        "mahalle_id": "187_2",
        "mahalle_adi": "Merkez Mah (kapıköy Köyü)",
        "posta_kodu": "08390"
    },
    {
        "mahalle_id": "89_2",
        "mahalle_adi": "Merkez Mah (kaşıkçı Köyü)",
        "posta_kodu": "08390"
    },
    {
        "mahalle_id": "105_2",
        "mahalle_adi": "Merkez Mah (müezzinler Köyü)",
        "posta_kodu": "08390"
    },
    {
        "mahalle_id": "119_2",
        "mahalle_adi": "Merkez Mah (örtülü Köyü)",
        "posta_kodu": "08390"
    },
    {
        "mahalle_id": "117_2",
        "mahalle_adi": "Merkez Mah (ovacık Köyü)",
        "posta_kodu": "08390"
    },
    {
        "mahalle_id": "134_2",
        "mahalle_adi": "Merkez Mah (sakarya Köyü)",
        "posta_kodu": "08390"
    },
    {
        "mahalle_id": "143_2",
        "mahalle_adi": "Merkez Mah (tepedüzü Köyü)",
        "posta_kodu": "08390"
    },
    {
        "mahalle_id": "145_2",
        "mahalle_adi": "Merkez Mah (torbalı Köyü)",
        "posta_kodu": "08390"
    },
    {
        "mahalle_id": "104_2",
        "mahalle_adi": "Meşeköy Köyü",
        "posta_kodu": "08390"
    },
    {
        "mahalle_id": "186_2",
        "mahalle_adi": "Mezra Evleri Mah (kapıköy Köyü)",
        "posta_kodu": "08390"
    },
    {
        "mahalle_id": "88_2",
        "mahalle_adi": "Mezra Evleri Mah (karlı Köyü)",
        "posta_kodu": "08390"
    },
    {
        "mahalle_id": "150_2",
        "mahalle_adi": "Mezra Evleri Mah (tütünlü Köyü)",
        "posta_kodu": "08390"
    },
    {
        "mahalle_id": "196_2",
        "mahalle_adi": "Mezra Mah (yolağzı Köyü)",
        "posta_kodu": "08390"
    },
    {
        "mahalle_id": "108_2",
        "mahalle_adi": "Naldöken Köyü",
        "posta_kodu": "08390"
    },
    {
        "mahalle_id": "157_2",
        "mahalle_adi": "Nankar Mah (bağlıca Köyü)",
        "posta_kodu": "08390"
    },
    {
        "mahalle_id": "70_2",
        "mahalle_adi": "Ogeçe Mah (güleş Köyü)",
        "posta_kodu": "08390"
    },
    {
        "mahalle_id": "167_2",
        "mahalle_adi": "Orta Mah (bağlıca Köyü)",
        "posta_kodu": "08390"
    },
    {
        "mahalle_id": "52_2",
        "mahalle_adi": "Orta Mah (boyalı Köyü)",
        "posta_kodu": "08390"
    },
    {
        "mahalle_id": "172_2",
        "mahalle_adi": "Orta Mah (çakıllar Köyü)",
        "posta_kodu": "08390"
    },
    {
        "mahalle_id": "141_2",
        "mahalle_adi": "Orta Mah (soğanlı Köyü)",
        "posta_kodu": "08390"
    },
    {
        "mahalle_id": "159_2",
        "mahalle_adi": "Ozanlı Mah (bağlıca Köyü)",
        "posta_kodu": "08390"
    },
    {
        "mahalle_id": "90_2",
        "mahalle_adi": "Paşaağagilin Mah (kaşıkçı Köyü)",
        "posta_kodu": "08390"
    },
    {
        "mahalle_id": "93_2",
        "mahalle_adi": "Paşalık Yaylası Mah (kızılcık Köyü)",
        "posta_kodu": "08390"
    },
    {
        "mahalle_id": "181_2",
        "mahalle_adi": "Pintigil Mah (incilli Köyü)",
        "posta_kodu": "08390"
    },
    {
        "mahalle_id": "178_2",
        "mahalle_adi": "Sakatgil Mah (incilli Köyü)",
        "posta_kodu": "08390"
    },
    {
        "mahalle_id": "46_2",
        "mahalle_adi": "Salihağa Mah (bereket Köyü)",
        "posta_kodu": "08390"
    },
    {
        "mahalle_id": "26_2",
        "mahalle_adi": "Sanabet Mah (aydınköy Köyü)",
        "posta_kodu": "08390"
    },
    {
        "mahalle_id": "50_2",
        "mahalle_adi": "Sarsolot Mah (boyalı Köyü)",
        "posta_kodu": "08390"
    },
    {
        "mahalle_id": "48_2",
        "mahalle_adi": "Şatırgil Mah (bereket Köyü)",
        "posta_kodu": "08390"
    },
    {
        "mahalle_id": "124_2",
        "mahalle_adi": "Sedestpilin Mah (peynirli Köyü)",
        "posta_kodu": "08390"
    },
    {
        "mahalle_id": "111_2",
        "mahalle_adi": "Sık Mah (ovacık Köyü)",
        "posta_kodu": "08390"
    },
    {
        "mahalle_id": "97_2",
        "mahalle_adi": "Sıka Mah (kızılcık Köyü)",
        "posta_kodu": "08390"
    },
    {
        "mahalle_id": "71_2",
        "mahalle_adi": "Söğütlük Mah (güleş Köyü)",
        "posta_kodu": "08390"
    },
    {
        "mahalle_id": "58_2",
        "mahalle_adi": "Tabzor Mah (çıralar Köyü)",
        "posta_kodu": "08390"
    },
    {
        "mahalle_id": "40_2",
        "mahalle_adi": "Taşpınar Yaylası Mah (ballı Köyü)",
        "posta_kodu": "08390"
    },
    {
        "mahalle_id": "98_2",
        "mahalle_adi": "Tatlısu Mah (kızılcık Köyü)",
        "posta_kodu": "08390"
    },
    {
        "mahalle_id": "44_2",
        "mahalle_adi": "Taturgil Mah (bereket Köyü)",
        "posta_kodu": "08390"
    },
    {
        "mahalle_id": "67_2",
        "mahalle_adi": "Tayçala Mah (gökçe Köyü)",
        "posta_kodu": "08390"
    },
    {
        "mahalle_id": "142_2",
        "mahalle_adi": "Teknovet İnşaat Mah (soğanlı Köyü)",
        "posta_kodu": "08390"
    },
    {
        "mahalle_id": "42_2",
        "mahalle_adi": "Tikmanet Mah (bereket Köyü)",
        "posta_kodu": "08390"
    },
    {
        "mahalle_id": "129_2",
        "mahalle_adi": "Topçular Mah (peynirli Köyü)",
        "posta_kodu": "08390"
    },
    {
        "mahalle_id": "147_2",
        "mahalle_adi": "Tosunlu Köyü",
        "posta_kodu": "08390"
    },
    {
        "mahalle_id": "149_2",
        "mahalle_adi": "Tütünlü Köyü",
        "posta_kodu": "08390"
    },
    {
        "mahalle_id": "75_2",
        "mahalle_adi": "Tuzluca Mah (gümüşhane Köyü)",
        "posta_kodu": "08390"
    },
    {
        "mahalle_id": "194_2",
        "mahalle_adi": "Ustalar Köyü",
        "posta_kodu": "08390"
    },
    {
        "mahalle_id": "5_2",
        "mahalle_adi": "Üzümlü Mah (akarsu Köyü)",
        "posta_kodu": "08390"
    },
    {
        "mahalle_id": "84_2",
        "mahalle_adi": "Uzun Çayır Yaylası Mah (hamurlu Köyü)",
        "posta_kodu": "08390"
    },
    {
        "mahalle_id": "22_2",
        "mahalle_adi": "Varkenet Mah (aydınköy Köyü)",
        "posta_kodu": "08390"
    },
    {
        "mahalle_id": "13_2",
        "mahalle_adi": "Varzeli Mah (avcılar Köyü)",
        "posta_kodu": "08390"
    },
    {
        "mahalle_id": "99_2",
        "mahalle_adi": "Yanık Mah (konaklı Köyü)",
        "posta_kodu": "08390"
    },
    {
        "mahalle_id": "64_2",
        "mahalle_adi": "Yanıklar Mah (geçitli Köyü)",
        "posta_kodu": "08390"
    },
    {
        "mahalle_id": "158_2",
        "mahalle_adi": "Yapraklı Mah (bağlıca Köyü)",
        "posta_kodu": "08390"
    },
    {
        "mahalle_id": "65_2",
        "mahalle_adi": "Yayla Mah (geçitli Köyü)",
        "posta_kodu": "08390"
    },
    {
        "mahalle_id": "107_2",
        "mahalle_adi": "Yayla Mah (müezzinler Köyü)",
        "posta_kodu": "08390"
    },
    {
        "mahalle_id": "116_2",
        "mahalle_adi": "Yayla Mah (ovacık Köyü)",
        "posta_kodu": "08390"
    },
    {
        "mahalle_id": "148_2",
        "mahalle_adi": "Yayla Mah (tosunlu Köyü)",
        "posta_kodu": "08390"
    },
    {
        "mahalle_id": "152_2",
        "mahalle_adi": "Yayla Mah (zekeriyaköy Köyü)",
        "posta_kodu": "08390"
    },
    {
        "mahalle_id": "195_2",
        "mahalle_adi": "Yaylacık Köyü",
        "posta_kodu": "08390"
    },
    {
        "mahalle_id": "54_2",
        "mahalle_adi": "Yaylalar Mah (bulanık Köyü)",
        "posta_kodu": "08390"
    },
    {
        "mahalle_id": "79_2",
        "mahalle_adi": "Yıldızeli Mah (gümüşhane Köyü)",
        "posta_kodu": "08390"
    },
    {
        "mahalle_id": "130_2",
        "mahalle_adi": "Yobat Mah (peynirli Köyü)",
        "posta_kodu": "08390"
    },
    {
        "mahalle_id": "198_2",
        "mahalle_adi": "Yolağzı Köyü",
        "posta_kodu": "08390"
    },
    {
        "mahalle_id": "151_2",
        "mahalle_adi": "Yolüstü Köyü",
        "posta_kodu": "08390"
    },
    {
        "mahalle_id": "16_2",
        "mahalle_adi": "Yukarı Cami Mah (aydınköy Köyü)",
        "posta_kodu": "08390"
    },
    {
        "mahalle_id": "25_2",
        "mahalle_adi": "Yukarı Mağnar Mah (aydınköy Köyü)",
        "posta_kodu": "08390"
    },
    {
        "mahalle_id": "165_2",
        "mahalle_adi": "Yukarı Mah (bağlıca Köyü)",
        "posta_kodu": "08390"
    },
    {
        "mahalle_id": "47_2",
        "mahalle_adi": "Yukarı Mah (bereket Köyü)",
        "posta_kodu": "08390"
    },
    {
        "mahalle_id": "51_2",
        "mahalle_adi": "Yukarı Mah (boyalı Köyü)",
        "posta_kodu": "08390"
    },
    {
        "mahalle_id": "82_2",
        "mahalle_adi": "Yukarı Mah (hamurlu Köyü)",
        "posta_kodu": "08390"
    },
    {
        "mahalle_id": "87_2",
        "mahalle_adi": "Yukarı Mah (karlı Köyü)",
        "posta_kodu": "08390"
    },
    {
        "mahalle_id": "128_2",
        "mahalle_adi": "Yukarı Mah (peynirli Köyü)",
        "posta_kodu": "08390"
    },
    {
        "mahalle_id": "9_2",
        "mahalle_adi": "Yukarı Şuvat Mah (aşıklar Köyü)",
        "posta_kodu": "08390"
    },
    {
        "mahalle_id": "199_2",
        "mahalle_adi": "Yukarıırmaklar Köyü",
        "posta_kodu": "08390"
    },
    {
        "mahalle_id": "153_2",
        "mahalle_adi": "Zekeriyaköy Köyü",
        "posta_kodu": "08390"
    }
]