[
    {
        "mahalle_id": "1_1",
        "mahalle_adi": "Abdigör Mah",
        "posta_kodu": "04400"
    },
    {
        "mahalle_id": "87_2",
        "mahalle_adi": "Ağa Mah (üçgöze Köyü)",
        "posta_kodu": "04402"
    },
    {
        "mahalle_id": "2_1",
        "mahalle_adi": "Ahmedihani Mah",
        "posta_kodu": "04400"
    },
    {
        "mahalle_id": "97_2",
        "mahalle_adi": "Akçukur Mah (yanoba Köyü)",
        "posta_kodu": "04402"
    },
    {
        "mahalle_id": "110_2",
        "mahalle_adi": "Aktarla Köyü",
        "posta_kodu": "04402"
    },
    {
        "mahalle_id": "111_2",
        "mahalle_adi": "Aktuğlu Köyü",
        "posta_kodu": "04402"
    },
    {
        "mahalle_id": "1_2",
        "mahalle_adi": "Alıntepe Köyü",
        "posta_kodu": "04402"
    },
    {
        "mahalle_id": "47_2",
        "mahalle_adi": "Altun Tepe Mah (günyolu Köyü)",
        "posta_kodu": "04402"
    },
    {
        "mahalle_id": "6_2",
        "mahalle_adi": "Arpalı Mah (ayrancı Köyü)",
        "posta_kodu": "04402"
    },
    {
        "mahalle_id": "106_2",
        "mahalle_adi": "Aş.küçük Yılanlı Mah (yılanlı Köyü)",
        "posta_kodu": "04402"
    },
    {
        "mahalle_id": "40_2",
        "mahalle_adi": "Aşağı Güngören Mah (güngören Köyü)",
        "posta_kodu": "04402"
    },
    {
        "mahalle_id": "2_2",
        "mahalle_adi": "Aşağıtavla Köyü",
        "posta_kodu": "04402"
    },
    {
        "mahalle_id": "3_2",
        "mahalle_adi": "Atabakan Köyü",
        "posta_kodu": "04402"
    },
    {
        "mahalle_id": "63_2",
        "mahalle_adi": "Aydoğan Mah (ortadirek Köyü)",
        "posta_kodu": "04402"
    },
    {
        "mahalle_id": "5_2",
        "mahalle_adi": "Ayrancı Köyü",
        "posta_kodu": "04402"
    },
    {
        "mahalle_id": "7_2",
        "mahalle_adi": "Bardaklı Köyü",
        "posta_kodu": "04402"
    },
    {
        "mahalle_id": "8_2",
        "mahalle_adi": "Barındı Köyü",
        "posta_kodu": "04402"
    },
    {
        "mahalle_id": "11_1",
        "mahalle_adi": "Barış Mah",
        "posta_kodu": "04400"
    },
    {
        "mahalle_id": "9_2",
        "mahalle_adi": "Başköy Köyü",
        "posta_kodu": "04402"
    },
    {
        "mahalle_id": "136_2",
        "mahalle_adi": "Bedir Mah (bardaklı Köyü)",
        "posta_kodu": "04402"
    },
    {
        "mahalle_id": "135_2",
        "mahalle_adi": "Bekirağıl Mah (gölyüzü Köyü)",
        "posta_kodu": "04402"
    },
    {
        "mahalle_id": "10_2",
        "mahalle_adi": "Bereket Köyü",
        "posta_kodu": "04402"
    },
    {
        "mahalle_id": "11_2",
        "mahalle_adi": "Besler Köyü",
        "posta_kodu": "04402"
    },
    {
        "mahalle_id": "112_2",
        "mahalle_adi": "Bezirhane Köyü",
        "posta_kodu": "04402"
    },
    {
        "mahalle_id": "12_2",
        "mahalle_adi": "Binkaya Köyü",
        "posta_kodu": "04402"
    },
    {
        "mahalle_id": "15_2",
        "mahalle_adi": "Bölücek Köyü",
        "posta_kodu": "04402"
    },
    {
        "mahalle_id": "13_2",
        "mahalle_adi": "Bozkurt Köyü",
        "posta_kodu": "04402"
    },
    {
        "mahalle_id": "14_2",
        "mahalle_adi": "Bozyayla Köyü",
        "posta_kodu": "04402"
    },
    {
        "mahalle_id": "16_2",
        "mahalle_adi": "Bulakbaşı Köyü",
        "posta_kodu": "04402"
    },
    {
        "mahalle_id": "3_1",
        "mahalle_adi": "Büyük Ağrı Mah",
        "posta_kodu": "04400"
    },
    {
        "mahalle_id": "19_2",
        "mahalle_adi": "Buyuretti Köyü",
        "posta_kodu": "04402"
    },
    {
        "mahalle_id": "114_2",
        "mahalle_adi": "Çalıköy Köyü",
        "posta_kodu": "04402"
    },
    {
        "mahalle_id": "99_2",
        "mahalle_adi": "Çatkıran Mah (yaygınyurt Köyü)",
        "posta_kodu": "04402"
    },
    {
        "mahalle_id": "130_2",
        "mahalle_adi": "Çayır Mah (örmeli Köyü)",
        "posta_kodu": "04402"
    },
    {
        "mahalle_id": "24_2",
        "mahalle_adi": "Cebekümbet Mah (çiftlik Köyü)",
        "posta_kodu": "04402"
    },
    {
        "mahalle_id": "20_2",
        "mahalle_adi": "Çetenli Köyü",
        "posta_kodu": "04402"
    },
    {
        "mahalle_id": "35_2",
        "mahalle_adi": "Çevirme Mah (gölyüzü Köyü)",
        "posta_kodu": "04402"
    },
    {
        "mahalle_id": "4_1",
        "mahalle_adi": "Çiftepınar Mah",
        "posta_kodu": "04400"
    },
    {
        "mahalle_id": "22_2",
        "mahalle_adi": "Çiftlik Köyü",
        "posta_kodu": "04402"
    },
    {
        "mahalle_id": "25_2",
        "mahalle_adi": "Çömçeli Köyü",
        "posta_kodu": "04402"
    },
    {
        "mahalle_id": "26_2",
        "mahalle_adi": "Dağdelen Köyü",
        "posta_kodu": "04402"
    },
    {
        "mahalle_id": "117_2",
        "mahalle_adi": "Dalbahçe Köyü",
        "posta_kodu": "04402"
    },
    {
        "mahalle_id": "31_2",
        "mahalle_adi": "Darık Mah (esnemez Köyü)",
        "posta_kodu": "04402"
    },
    {
        "mahalle_id": "100_2",
        "mahalle_adi": "Demir Kapı Mah (yaygınyurt Köyü)",
        "posta_kodu": "04402"
    },
    {
        "mahalle_id": "18_2",
        "mahalle_adi": "Demir Kılıç Mah (bulakbaşı Köyü)",
        "posta_kodu": "04402"
    },
    {
        "mahalle_id": "27_2",
        "mahalle_adi": "Demirtepe Köyü",
        "posta_kodu": "04402"
    },
    {
        "mahalle_id": "28_2",
        "mahalle_adi": "Dolaklı Köyü",
        "posta_kodu": "04402"
    },
    {
        "mahalle_id": "29_2",
        "mahalle_adi": "Dostali Köyü",
        "posta_kodu": "04402"
    },
    {
        "mahalle_id": "46_2",
        "mahalle_adi": "Duryan Mah (günyolu Köyü)",
        "posta_kodu": "04402"
    },
    {
        "mahalle_id": "36_2",
        "mahalle_adi": "Elle Mah (gölyüzü Köyü)",
        "posta_kodu": "04402"
    },
    {
        "mahalle_id": "118_2",
        "mahalle_adi": "Eskisu Köyü",
        "posta_kodu": "04402"
    },
    {
        "mahalle_id": "30_2",
        "mahalle_adi": "Esnemez Köyü",
        "posta_kodu": "04402"
    },
    {
        "mahalle_id": "41_2",
        "mahalle_adi": "Gır Mah (güngören Köyü)",
        "posta_kodu": "04402"
    },
    {
        "mahalle_id": "21_2",
        "mahalle_adi": "Gökçebulak Mah (çetenli Köyü)",
        "posta_kodu": "04402"
    },
    {
        "mahalle_id": "32_2",
        "mahalle_adi": "Gökçekaynak Köyü",
        "posta_kodu": "04402"
    },
    {
        "mahalle_id": "129_2",
        "mahalle_adi": "Göksügüzel Mah (örmeli Köyü)",
        "posta_kodu": "04402"
    },
    {
        "mahalle_id": "33_2",
        "mahalle_adi": "Göller Köyü",
        "posta_kodu": "04402"
    },
    {
        "mahalle_id": "34_2",
        "mahalle_adi": "Gölyüzü Köyü",
        "posta_kodu": "04402"
    },
    {
        "mahalle_id": "37_2",
        "mahalle_adi": "Gözükara Köyü",
        "posta_kodu": "04402"
    },
    {
        "mahalle_id": "119_2",
        "mahalle_adi": "Güllüce Köyü",
        "posta_kodu": "04402"
    },
    {
        "mahalle_id": "38_2",
        "mahalle_adi": "Gültepe Köyü",
        "posta_kodu": "04402"
    },
    {
        "mahalle_id": "39_2",
        "mahalle_adi": "Güngören Köyü",
        "posta_kodu": "04402"
    },
    {
        "mahalle_id": "44_2",
        "mahalle_adi": "Günyolu Köyü",
        "posta_kodu": "04402"
    },
    {
        "mahalle_id": "49_2",
        "mahalle_adi": "Gürbulak Köyü",
        "posta_kodu": "04402"
    },
    {
        "mahalle_id": "102_2",
        "mahalle_adi": "Güzel Mah (yaygınyurt Köyü)",
        "posta_kodu": "04402"
    },
    {
        "mahalle_id": "50_2",
        "mahalle_adi": "Hallaç Köyü",
        "posta_kodu": "04402"
    },
    {
        "mahalle_id": "13_1",
        "mahalle_adi": "Hasankeyf Mah",
        "posta_kodu": "04400"
    },
    {
        "mahalle_id": "75_2",
        "mahalle_adi": "Haso Mah (seslitaş Köyü)",
        "posta_kodu": "04402"
    },
    {
        "mahalle_id": "5_1",
        "mahalle_adi": "Hürriyet Mah",
        "posta_kodu": "04400"
    },
    {
        "mahalle_id": "51_2",
        "mahalle_adi": "İncesu Köyü",
        "posta_kodu": "04402"
    },
    {
        "mahalle_id": "6_1",
        "mahalle_adi": "İshakpaşa Mah",
        "posta_kodu": "04400"
    },
    {
        "mahalle_id": "48_2",
        "mahalle_adi": "Kale Mah (günyolu Köyü)",
        "posta_kodu": "04402"
    },
    {
        "mahalle_id": "120_2",
        "mahalle_adi": "Kalecik Köyü",
        "posta_kodu": "04402"
    },
    {
        "mahalle_id": "42_2",
        "mahalle_adi": "Kalhasan Mah (güngören Köyü)",
        "posta_kodu": "04402"
    },
    {
        "mahalle_id": "52_2",
        "mahalle_adi": "Karabulak Köyü",
        "posta_kodu": "04402"
    },
    {
        "mahalle_id": "53_2",
        "mahalle_adi": "Karaburun Köyü",
        "posta_kodu": "04402"
    },
    {
        "mahalle_id": "55_2",
        "mahalle_adi": "Karaca Köyü",
        "posta_kodu": "04402"
    },
    {
        "mahalle_id": "56_2",
        "mahalle_adi": "Karakent Köyü",
        "posta_kodu": "04402"
    },
    {
        "mahalle_id": "121_2",
        "mahalle_adi": "Karaseyh Köyü",
        "posta_kodu": "04402"
    },
    {
        "mahalle_id": "57_2",
        "mahalle_adi": "Kargakonmaz Köyü",
        "posta_kodu": "04402"
    },
    {
        "mahalle_id": "58_2",
        "mahalle_adi": "Kazan Köyü",
        "posta_kodu": "04402"
    },
    {
        "mahalle_id": "17_2",
        "mahalle_adi": "Kesme Taş Mah (bulakbaşı Köyü)",
        "posta_kodu": "04402"
    },
    {
        "mahalle_id": "59_2",
        "mahalle_adi": "Kızılkaya Köyü",
        "posta_kodu": "04402"
    },
    {
        "mahalle_id": "7_1",
        "mahalle_adi": "Koçkıran Mah",
        "posta_kodu": "04400"
    },
    {
        "mahalle_id": "93_2",
        "mahalle_adi": "Konut Mah (yağmurdüşen Köyü)",
        "posta_kodu": "04402"
    },
    {
        "mahalle_id": "76_2",
        "mahalle_adi": "Konutlar Mah (seslitaş Köyü)",
        "posta_kodu": "04402"
    },
    {
        "mahalle_id": "45_2",
        "mahalle_adi": "Körük Mah (günyolu Köyü)",
        "posta_kodu": "04402"
    },
    {
        "mahalle_id": "124_2",
        "mahalle_adi": "Kucak Köyü",
        "posta_kodu": "04402"
    },
    {
        "mahalle_id": "85_2",
        "mahalle_adi": "Küçük Uzun Yazı Mah (uzunyazı Köyü)",
        "posta_kodu": "04402"
    },
    {
        "mahalle_id": "105_2",
        "mahalle_adi": "Küçük Yılanlı Mah (yılanlı Köyü)",
        "posta_kodu": "04402"
    },
    {
        "mahalle_id": "80_2",
        "mahalle_adi": "Künütepe Mah (tanıktepe Köyü)",
        "posta_kodu": "04402"
    },
    {
        "mahalle_id": "70_2",
        "mahalle_adi": "Küplü Mah (sağlıksuyu Köyü)",
        "posta_kodu": "04402"
    },
    {
        "mahalle_id": "81_2",
        "mahalle_adi": "Kurutepe Mah (tanıktepe Köyü)",
        "posta_kodu": "04402"
    },
    {
        "mahalle_id": "125_2",
        "mahalle_adi": "Kutlubulak Köyü",
        "posta_kodu": "04402"
    },
    {
        "mahalle_id": "60_2",
        "mahalle_adi": "Melikşah Köyü",
        "posta_kodu": "04402"
    },
    {
        "mahalle_id": "126_2",
        "mahalle_adi": "Mescitköy Köyü",
        "posta_kodu": "04402"
    },
    {
        "mahalle_id": "134_2",
        "mahalle_adi": "Mirağıl Mah (gölyüzü Köyü)",
        "posta_kodu": "04402"
    },
    {
        "mahalle_id": "123_2",
        "mahalle_adi": "Ömerbey Mah (karaseyh Köyü)",
        "posta_kodu": "04402"
    },
    {
        "mahalle_id": "128_2",
        "mahalle_adi": "Örmeli Köyü",
        "posta_kodu": "04402"
    },
    {
        "mahalle_id": "54_2",
        "mahalle_adi": "Ortaca Mah (karaburun Köyü)",
        "posta_kodu": "04402"
    },
    {
        "mahalle_id": "62_2",
        "mahalle_adi": "Ortadirek Köyü",
        "posta_kodu": "04402"
    },
    {
        "mahalle_id": "64_2",
        "mahalle_adi": "Ortaköy Köyü",
        "posta_kodu": "04402"
    },
    {
        "mahalle_id": "65_2",
        "mahalle_adi": "Örtülü Köyü",
        "posta_kodu": "04402"
    },
    {
        "mahalle_id": "66_2",
        "mahalle_adi": "Pullutarla Köyü",
        "posta_kodu": "04402"
    },
    {
        "mahalle_id": "90_2",
        "mahalle_adi": "Rızde Mah (üzengili Köyü)",
        "posta_kodu": "04402"
    },
    {
        "mahalle_id": "67_2",
        "mahalle_adi": "Sağdıç Köyü",
        "posta_kodu": "04402"
    },
    {
        "mahalle_id": "68_2",
        "mahalle_adi": "Sağlıksuyu Köyü",
        "posta_kodu": "04402"
    },
    {
        "mahalle_id": "113_2",
        "mahalle_adi": "Samanlı Mah (bezirhane Köyü)",
        "posta_kodu": "04402"
    },
    {
        "mahalle_id": "12_1",
        "mahalle_adi": "Sanayi Mah",
        "posta_kodu": "04400"
    },
    {
        "mahalle_id": "131_2",
        "mahalle_adi": "Sarıbıyık Köyü",
        "posta_kodu": "04402"
    },
    {
        "mahalle_id": "71_2",
        "mahalle_adi": "Sarıçavuş Köyü",
        "posta_kodu": "04402"
    },
    {
        "mahalle_id": "14_1",
        "mahalle_adi": "Sarıgül Mah",
        "posta_kodu": "04400"
    },
    {
        "mahalle_id": "72_2",
        "mahalle_adi": "Sazoba Köyü",
        "posta_kodu": "04402"
    },
    {
        "mahalle_id": "73_2",
        "mahalle_adi": "Seslitaş Köyü",
        "posta_kodu": "04402"
    },
    {
        "mahalle_id": "92_2",
        "mahalle_adi": "Şevket Mah (yağmurdüşen Köyü)",
        "posta_kodu": "04402"
    },
    {
        "mahalle_id": "77_2",
        "mahalle_adi": "Somkaya Köyü",
        "posta_kodu": "04402"
    },
    {
        "mahalle_id": "78_2",
        "mahalle_adi": "Subeşiği Köyü",
        "posta_kodu": "04402"
    },
    {
        "mahalle_id": "109_2",
        "mahalle_adi": "Suluçem Köyü",
        "posta_kodu": "04402"
    },
    {
        "mahalle_id": "101_2",
        "mahalle_adi": "Sütcü Mah (yaygınyurt Köyü)",
        "posta_kodu": "04402"
    },
    {
        "mahalle_id": "95_2",
        "mahalle_adi": "Tab Mah (yalınsaz Köyü)",
        "posta_kodu": "04402"
    },
    {
        "mahalle_id": "79_2",
        "mahalle_adi": "Tanıktepe Köyü",
        "posta_kodu": "04402"
    },
    {
        "mahalle_id": "116_2",
        "mahalle_adi": "Taşlı Mah (çalıköy Köyü)",
        "posta_kodu": "04402"
    },
    {
        "mahalle_id": "82_2",
        "mahalle_adi": "Telçeker Köyü",
        "posta_kodu": "04402"
    },
    {
        "mahalle_id": "115_2",
        "mahalle_adi": "Tepeli Mah (çalıköy Köyü)",
        "posta_kodu": "04402"
    },
    {
        "mahalle_id": "74_2",
        "mahalle_adi": "Tımır Mah (seslitaş Köyü)",
        "posta_kodu": "04402"
    },
    {
        "mahalle_id": "83_2",
        "mahalle_adi": "Topçatan Köyü",
        "posta_kodu": "04402"
    },
    {
        "mahalle_id": "132_2",
        "mahalle_adi": "Tulumlu Köyü",
        "posta_kodu": "04402"
    },
    {
        "mahalle_id": "23_2",
        "mahalle_adi": "Türkmen Mah (çiftlik Köyü)",
        "posta_kodu": "04402"
    },
    {
        "mahalle_id": "133_2",
        "mahalle_adi": "Tutak Köyü",
        "posta_kodu": "04402"
    },
    {
        "mahalle_id": "86_2",
        "mahalle_adi": "Üçgöze Köyü",
        "posta_kodu": "04402"
    },
    {
        "mahalle_id": "88_2",
        "mahalle_adi": "Üçmurat Köyü",
        "posta_kodu": "04402"
    },
    {
        "mahalle_id": "127_2",
        "mahalle_adi": "Uğrak Mah (mescitköy Köyü)",
        "posta_kodu": "04402"
    },
    {
        "mahalle_id": "8_1",
        "mahalle_adi": "Uluyol Mah",
        "posta_kodu": "04400"
    },
    {
        "mahalle_id": "89_2",
        "mahalle_adi": "Üzengili Köyü",
        "posta_kodu": "04402"
    },
    {
        "mahalle_id": "84_2",
        "mahalle_adi": "Uzunyazı Köyü",
        "posta_kodu": "04402"
    },
    {
        "mahalle_id": "9_1",
        "mahalle_adi": "Vatan Mah",
        "posta_kodu": "04400"
    },
    {
        "mahalle_id": "91_2",
        "mahalle_adi": "Yağmurdüşen Köyü",
        "posta_kodu": "04402"
    },
    {
        "mahalle_id": "43_2",
        "mahalle_adi": "Yakacık Mah (güngören Köyü)",
        "posta_kodu": "04402"
    },
    {
        "mahalle_id": "94_2",
        "mahalle_adi": "Yalınsaz Köyü",
        "posta_kodu": "04402"
    },
    {
        "mahalle_id": "96_2",
        "mahalle_adi": "Yanoba Köyü",
        "posta_kodu": "04402"
    },
    {
        "mahalle_id": "98_2",
        "mahalle_adi": "Yaygınyurt Köyü",
        "posta_kodu": "04402"
    },
    {
        "mahalle_id": "10_1",
        "mahalle_adi": "Yeni Mah",
        "posta_kodu": "04400"
    },
    {
        "mahalle_id": "103_2",
        "mahalle_adi": "Yeniharman Köyü",
        "posta_kodu": "04402"
    },
    {
        "mahalle_id": "4_2",
        "mahalle_adi": "Yeniköy Mah (atabakan Köyü)",
        "posta_kodu": "04402"
    },
    {
        "mahalle_id": "104_2",
        "mahalle_adi": "Yığınçal Köyü",
        "posta_kodu": "04402"
    },
    {
        "mahalle_id": "107_2",
        "mahalle_adi": "Yiğityatağı Köyü",
        "posta_kodu": "04402"
    },
    {
        "mahalle_id": "122_2",
        "mahalle_adi": "Yolüstü Mah (karaseyh Köyü)",
        "posta_kodu": "04402"
    },
    {
        "mahalle_id": "61_2",
        "mahalle_adi": "Yukarı Melikşah Mah (melikşah Köyü)",
        "posta_kodu": "04402"
    },
    {
        "mahalle_id": "108_2",
        "mahalle_adi": "Yukarıtavla Köyü",
        "posta_kodu": "04402"
    },
    {
        "mahalle_id": "69_2",
        "mahalle_adi": "Ziyaret Mah (sağlıksuyu Köyü)",
        "posta_kodu": "04402"
    }
]