[
    {
        "mahalle_id": "1_2",
        "mahalle_adi": "Acar Köyü",
        "posta_kodu": "72502"
    },
    {
        "mahalle_id": "35_2",
        "mahalle_adi": "Ağakünük Mah (dörtbölük Köyü)",
        "posta_kodu": "72502"
    },
    {
        "mahalle_id": "32_2",
        "mahalle_adi": "Ahkar Mezra Mah (derince Köyü)",
        "posta_kodu": "72502"
    },
    {
        "mahalle_id": "124_2",
        "mahalle_adi": "Akbelen Mah (heybeli Köyü)",
        "posta_kodu": "72502"
    },
    {
        "mahalle_id": "78_2",
        "mahalle_adi": "Alagöz Köyü",
        "posta_kodu": "72502"
    },
    {
        "mahalle_id": "5_2",
        "mahalle_adi": "Altıdere Köyü",
        "posta_kodu": "72502"
    },
    {
        "mahalle_id": "38_2",
        "mahalle_adi": "Ambarlı Mezra Mah (dörtbölük Köyü)",
        "posta_kodu": "72502"
    },
    {
        "mahalle_id": "136_2",
        "mahalle_adi": "Arkök Mah (yakabağ Köyü)",
        "posta_kodu": "72502"
    },
    {
        "mahalle_id": "9_2",
        "mahalle_adi": "Arpacık Mezra Mah (çakırpınar Köyü)",
        "posta_kodu": "72502"
    },
    {
        "mahalle_id": "18_2",
        "mahalle_adi": "Aşağı Çayırlı Mah (çayırlı Köyü)",
        "posta_kodu": "72502"
    },
    {
        "mahalle_id": "1_1",
        "mahalle_adi": "Aşağı Mah",
        "posta_kodu": "72500"
    },
    {
        "mahalle_id": "5_3",
        "mahalle_adi": "Aydınlık Mah (yücebağ Beldesi)",
        "posta_kodu": "72510"
    },
    {
        "mahalle_id": "15_2",
        "mahalle_adi": "Aykonak Mah (bayramlar Köyü)",
        "posta_kodu": "72502"
    },
    {
        "mahalle_id": "2_1",
        "mahalle_adi": "Aykut Ozan Mah",
        "posta_kodu": "72500"
    },
    {
        "mahalle_id": "135_2",
        "mahalle_adi": "Bakihisar Mah (yakabağ Köyü)",
        "posta_kodu": "72502"
    },
    {
        "mahalle_id": "114_2",
        "mahalle_adi": "Balbaşı Köyü",
        "posta_kodu": "72502"
    },
    {
        "mahalle_id": "1_3",
        "mahalle_adi": "Barış Mah (yücebağ Beldesi)",
        "posta_kodu": "72510"
    },
    {
        "mahalle_id": "14_2",
        "mahalle_adi": "Bayramlar Köyü",
        "posta_kodu": "72502"
    },
    {
        "mahalle_id": "123_2",
        "mahalle_adi": "Bergazi Mah (heybeli Köyü)",
        "posta_kodu": "72502"
    },
    {
        "mahalle_id": "26_1",
        "mahalle_adi": "Beşevler Mah",
        "posta_kodu": "72500"
    },
    {
        "mahalle_id": "111_2",
        "mahalle_adi": "Beypsiye Mah (soğanlı Köyü)",
        "posta_kodu": "72502"
    },
    {
        "mahalle_id": "6_3",
        "mahalle_adi": "Binekli Mah (yücebağ Beldesi)",
        "posta_kodu": "72510"
    },
    {
        "mahalle_id": "66_2",
        "mahalle_adi": "Binöni Mezra Mah (kelhasan Köyü)",
        "posta_kodu": "72502"
    },
    {
        "mahalle_id": "140_2",
        "mahalle_adi": "Boğazkapı Köyü",
        "posta_kodu": "72502"
    },
    {
        "mahalle_id": "40_2",
        "mahalle_adi": "Bozdoğan Mezra Mah (dörtbölük Köyü)",
        "posta_kodu": "72502"
    },
    {
        "mahalle_id": "2_2",
        "mahalle_adi": "Çadırkent Mah (acar Köyü)",
        "posta_kodu": "72502"
    },
    {
        "mahalle_id": "117_2",
        "mahalle_adi": "Çağlı Köyü",
        "posta_kodu": "72502"
    },
    {
        "mahalle_id": "6_2",
        "mahalle_adi": "Çakırpınar Köyü",
        "posta_kodu": "72502"
    },
    {
        "mahalle_id": "30_2",
        "mahalle_adi": "Çakmaklı Mezra Mah (derince Köyü)",
        "posta_kodu": "72502"
    },
    {
        "mahalle_id": "107_2",
        "mahalle_adi": "Çalışırlar Köyü",
        "posta_kodu": "72502"
    },
    {
        "mahalle_id": "17_2",
        "mahalle_adi": "Çayırlı Köyü",
        "posta_kodu": "72502"
    },
    {
        "mahalle_id": "43_2",
        "mahalle_adi": "Çemeşeşo Mezra Mah (ergünü Köyü)",
        "posta_kodu": "72502"
    },
    {
        "mahalle_id": "57_2",
        "mahalle_adi": "Çemeşevke Mah (karameşe Köyü)",
        "posta_kodu": "72502"
    },
    {
        "mahalle_id": "105_2",
        "mahalle_adi": "Cevizli Köyü",
        "posta_kodu": "72502"
    },
    {
        "mahalle_id": "20_2",
        "mahalle_adi": "Çınarlı Köyü",
        "posta_kodu": "72502"
    },
    {
        "mahalle_id": "23_2",
        "mahalle_adi": "Dağçatı Köyü",
        "posta_kodu": "72502"
    },
    {
        "mahalle_id": "12_2",
        "mahalle_adi": "Dağlıca Mezra Mah (çakırpınar Köyü)",
        "posta_kodu": "72502"
    },
    {
        "mahalle_id": "7_2",
        "mahalle_adi": "Deliktaş Mezra Mah (çakırpınar Köyü)",
        "posta_kodu": "72502"
    },
    {
        "mahalle_id": "24_1",
        "mahalle_adi": "Demetevler Mah",
        "posta_kodu": "72500"
    },
    {
        "mahalle_id": "24_2",
        "mahalle_adi": "Dereiçi Köyü",
        "posta_kodu": "72502"
    },
    {
        "mahalle_id": "25_2",
        "mahalle_adi": "Dereköy Köyü",
        "posta_kodu": "72502"
    },
    {
        "mahalle_id": "28_2",
        "mahalle_adi": "Derince Köyü",
        "posta_kodu": "72502"
    },
    {
        "mahalle_id": "41_2",
        "mahalle_adi": "Dibek Mah (dörtbölük Köyü)",
        "posta_kodu": "72502"
    },
    {
        "mahalle_id": "33_2",
        "mahalle_adi": "Dikbayır Köyü",
        "posta_kodu": "72502"
    },
    {
        "mahalle_id": "16_2",
        "mahalle_adi": "Dikmetaş Mah (bayramlar Köyü)",
        "posta_kodu": "72502"
    },
    {
        "mahalle_id": "34_2",
        "mahalle_adi": "Dörtbölük Köyü",
        "posta_kodu": "72502"
    },
    {
        "mahalle_id": "23_1",
        "mahalle_adi": "Dumlupınar Mah",
        "posta_kodu": "72500"
    },
    {
        "mahalle_id": "97_2",
        "mahalle_adi": "Ekinlik Mezra Mah (ekinlik Köyü)",
        "posta_kodu": "72502"
    },
    {
        "mahalle_id": "13_2",
        "mahalle_adi": "Ellibren Mah (çakırpınar Köyü)",
        "posta_kodu": "72502"
    },
    {
        "mahalle_id": "131_2",
        "mahalle_adi": "Elmapınar Mezra Mah (kaşyayla Köyü)",
        "posta_kodu": "72502"
    },
    {
        "mahalle_id": "3_1",
        "mahalle_adi": "Emek Mah",
        "posta_kodu": "72500"
    },
    {
        "mahalle_id": "4_1",
        "mahalle_adi": "Erdemli Mah",
        "posta_kodu": "72500"
    },
    {
        "mahalle_id": "42_2",
        "mahalle_adi": "Ergünü Köyü",
        "posta_kodu": "72502"
    },
    {
        "mahalle_id": "108_2",
        "mahalle_adi": "Erikli Köyü",
        "posta_kodu": "72502"
    },
    {
        "mahalle_id": "45_2",
        "mahalle_adi": "Geçitli Köyü",
        "posta_kodu": "72502"
    },
    {
        "mahalle_id": "139_2",
        "mahalle_adi": "Gençler Köyü",
        "posta_kodu": "72502"
    },
    {
        "mahalle_id": "19_2",
        "mahalle_adi": "Girasur Mah (çayırlı Köyü)",
        "posta_kodu": "72502"
    },
    {
        "mahalle_id": "55_2",
        "mahalle_adi": "Giribani Mezra Mah (kaleyolu Köyü)",
        "posta_kodu": "72502"
    },
    {
        "mahalle_id": "104_2",
        "mahalle_adi": "Gölbaşı Mah (cevizli Köyü)",
        "posta_kodu": "72502"
    },
    {
        "mahalle_id": "125_2",
        "mahalle_adi": "Gölbaşı Mah (heybeli Köyü)",
        "posta_kodu": "72502"
    },
    {
        "mahalle_id": "37_2",
        "mahalle_adi": "Goman Mezra Mah (dörtbölük Köyü)",
        "posta_kodu": "72502"
    },
    {
        "mahalle_id": "11_2",
        "mahalle_adi": "Görtil Mah (çakırpınar Köyü)",
        "posta_kodu": "72502"
    },
    {
        "mahalle_id": "85_2",
        "mahalle_adi": "Gortir Mezra Mah (taşyuva Köyü)",
        "posta_kodu": "72502"
    },
    {
        "mahalle_id": "26_2",
        "mahalle_adi": "Göşek Mezra Mah (dereköy Köyü)",
        "posta_kodu": "72502"
    },
    {
        "mahalle_id": "70_2",
        "mahalle_adi": "Güleç Mah (meşeli Köyü)",
        "posta_kodu": "72502"
    },
    {
        "mahalle_id": "118_2",
        "mahalle_adi": "Gündoğdu Mezra Mah (çağlı Köyü)",
        "posta_kodu": "72502"
    },
    {
        "mahalle_id": "122_2",
        "mahalle_adi": "Güneşli Mah (heybeli Köyü)",
        "posta_kodu": "72502"
    },
    {
        "mahalle_id": "3_2",
        "mahalle_adi": "Güneşli Mezra Mah (acar Köyü)",
        "posta_kodu": "72502"
    },
    {
        "mahalle_id": "7_3",
        "mahalle_adi": "Günlüce Mah (yücebağ Beldesi)",
        "posta_kodu": "72510"
    },
    {
        "mahalle_id": "132_2",
        "mahalle_adi": "Günyecik Mezra Mah (kaşyayla Köyü)",
        "posta_kodu": "72502"
    },
    {
        "mahalle_id": "46_2",
        "mahalle_adi": "Gürgenli Köyü",
        "posta_kodu": "72502"
    },
    {
        "mahalle_id": "5_1",
        "mahalle_adi": "Gürpınar Mah",
        "posta_kodu": "72500"
    },
    {
        "mahalle_id": "48_2",
        "mahalle_adi": "Güvenç Mezra Mah (gürgenli Köyü)",
        "posta_kodu": "72502"
    },
    {
        "mahalle_id": "50_2",
        "mahalle_adi": "Güvercinlik Köyü",
        "posta_kodu": "72502"
    },
    {
        "mahalle_id": "106_2",
        "mahalle_adi": "Hasanbey Mah (cevizli Köyü)",
        "posta_kodu": "72502"
    },
    {
        "mahalle_id": "4_2",
        "mahalle_adi": "Hasanlar Mezra Mah (acar Köyü)",
        "posta_kodu": "72502"
    },
    {
        "mahalle_id": "6_1",
        "mahalle_adi": "Haydar Mah",
        "posta_kodu": "72500"
    },
    {
        "mahalle_id": "89_2",
        "mahalle_adi": "Haydar Mah (umurlu Köyü)",
        "posta_kodu": "72502"
    },
    {
        "mahalle_id": "86_2",
        "mahalle_adi": "Hazzank Mah (taşyuva Köyü)",
        "posta_kodu": "72502"
    },
    {
        "mahalle_id": "126_2",
        "mahalle_adi": "Heybeli Köyü",
        "posta_kodu": "72502"
    },
    {
        "mahalle_id": "87_2",
        "mahalle_adi": "Hopir Mezra Mah (taşyuva Köyü)",
        "posta_kodu": "72502"
    },
    {
        "mahalle_id": "49_2",
        "mahalle_adi": "İncesu Köyü",
        "posta_kodu": "72502"
    },
    {
        "mahalle_id": "51_2",
        "mahalle_adi": "Kaleyolu Köyü",
        "posta_kodu": "72502"
    },
    {
        "mahalle_id": "137_2",
        "mahalle_adi": "Kaman Mah (yakabağ Köyü)",
        "posta_kodu": "72502"
    },
    {
        "mahalle_id": "80_2",
        "mahalle_adi": "Karaağaç Mah (karayün Köyü)",
        "posta_kodu": "72502"
    },
    {
        "mahalle_id": "58_2",
        "mahalle_adi": "Karameşe Köyü",
        "posta_kodu": "72502"
    },
    {
        "mahalle_id": "7_1",
        "mahalle_adi": "Karşıyaka Mah",
        "posta_kodu": "72500"
    },
    {
        "mahalle_id": "2_3",
        "mahalle_adi": "Karşıyaka Mah (yücebağ Beldesi)",
        "posta_kodu": "72510"
    },
    {
        "mahalle_id": "127_2",
        "mahalle_adi": "Kaşyayla Köyü",
        "posta_kodu": "72502"
    },
    {
        "mahalle_id": "59_2",
        "mahalle_adi": "Kavaklı Köyü",
        "posta_kodu": "72502"
    },
    {
        "mahalle_id": "8_1",
        "mahalle_adi": "Kayabaşı Mah",
        "posta_kodu": "72500"
    },
    {
        "mahalle_id": "103_2",
        "mahalle_adi": "Kayadibi Mah (cevizli Köyü)",
        "posta_kodu": "72502"
    },
    {
        "mahalle_id": "74_2",
        "mahalle_adi": "Kayadibi Mah (örenağıl Köyü)",
        "posta_kodu": "72502"
    },
    {
        "mahalle_id": "63_2",
        "mahalle_adi": "Kayadüzü Köyü",
        "posta_kodu": "72502"
    },
    {
        "mahalle_id": "98_2",
        "mahalle_adi": "Keçeli Mah (yuvalar Köyü)",
        "posta_kodu": "72502"
    },
    {
        "mahalle_id": "72_2",
        "mahalle_adi": "Keçiler Köyü",
        "posta_kodu": "72502"
    },
    {
        "mahalle_id": "64_2",
        "mahalle_adi": "Kelhasan Köyü",
        "posta_kodu": "72502"
    },
    {
        "mahalle_id": "142_2",
        "mahalle_adi": "Kilis Köyü",
        "posta_kodu": "72502"
    },
    {
        "mahalle_id": "133_2",
        "mahalle_adi": "Kınalı Köyü",
        "posta_kodu": "72502"
    },
    {
        "mahalle_id": "112_2",
        "mahalle_adi": "Kısrak Mah (soğanlı Köyü)",
        "posta_kodu": "72502"
    },
    {
        "mahalle_id": "60_2",
        "mahalle_adi": "Kocanlar Mezra Mah (kavaklı Köyü)",
        "posta_kodu": "72502"
    },
    {
        "mahalle_id": "8_3",
        "mahalle_adi": "Koçkaya Mah (yücebağ Beldesi)",
        "posta_kodu": "72510"
    },
    {
        "mahalle_id": "10_2",
        "mahalle_adi": "Konaklı Mezra Mah (çakırpınar Köyü)",
        "posta_kodu": "72502"
    },
    {
        "mahalle_id": "134_2",
        "mahalle_adi": "Köprübaşı Köyü",
        "posta_kodu": "72502"
    },
    {
        "mahalle_id": "21_2",
        "mahalle_adi": "Kulaksız Köyü",
        "posta_kodu": "72502"
    },
    {
        "mahalle_id": "99_2",
        "mahalle_adi": "Kurt Mah (yuvalar Köyü)",
        "posta_kodu": "72502"
    },
    {
        "mahalle_id": "9_1",
        "mahalle_adi": "Kurtuluş Mah",
        "posta_kodu": "72500"
    },
    {
        "mahalle_id": "119_2",
        "mahalle_adi": "Kuzkoncuk Mah (çağlı Köyü)",
        "posta_kodu": "72502"
    },
    {
        "mahalle_id": "10_1",
        "mahalle_adi": "Mehmet Akif Mah",
        "posta_kodu": "72500"
    },
    {
        "mahalle_id": "91_2",
        "mahalle_adi": "Merge Mah (umurlu Köyü)",
        "posta_kodu": "72502"
    },
    {
        "mahalle_id": "79_2",
        "mahalle_adi": "Merkez Mah (karayün Köyü)",
        "posta_kodu": "72502"
    },
    {
        "mahalle_id": "71_2",
        "mahalle_adi": "Meşeli Köyü",
        "posta_kodu": "72502"
    },
    {
        "mahalle_id": "120_2",
        "mahalle_adi": "Ordu Mezra Mah (çağlı Köyü)",
        "posta_kodu": "72502"
    },
    {
        "mahalle_id": "77_2",
        "mahalle_adi": "Örenağıl Köyü",
        "posta_kodu": "72502"
    },
    {
        "mahalle_id": "11_1",
        "mahalle_adi": "Orta Mah",
        "posta_kodu": "72500"
    },
    {
        "mahalle_id": "8_2",
        "mahalle_adi": "Osmanik Mah (çakırpınar Köyü)",
        "posta_kodu": "72502"
    },
    {
        "mahalle_id": "29_2",
        "mahalle_adi": "Özlüce Mezra Mah (derince Köyü)",
        "posta_kodu": "72502"
    },
    {
        "mahalle_id": "115_2",
        "mahalle_adi": "Pazarcık Mezra Mah (balbaşı Köyü)",
        "posta_kodu": "72502"
    },
    {
        "mahalle_id": "76_2",
        "mahalle_adi": "Pıjunik Mah (örenağıl Köyü)",
        "posta_kodu": "72502"
    },
    {
        "mahalle_id": "12_1",
        "mahalle_adi": "Pınarbaşı Mah",
        "posta_kodu": "72500"
    },
    {
        "mahalle_id": "69_2",
        "mahalle_adi": "Pivank Mah (meşeli Köyü)",
        "posta_kodu": "72502"
    },
    {
        "mahalle_id": "27_2",
        "mahalle_adi": "Şahinli Mezra Mah (şahinli Köyü)",
        "posta_kodu": "72502"
    },
    {
        "mahalle_id": "53_2",
        "mahalle_adi": "Sarigan Mezra Mah (kaleyolu Köyü)",
        "posta_kodu": "72502"
    },
    {
        "mahalle_id": "101_2",
        "mahalle_adi": "Sarıkız Mah (yuvalar Köyü)",
        "posta_kodu": "72502"
    },
    {
        "mahalle_id": "82_2",
        "mahalle_adi": "Sarıyayla Köyü",
        "posta_kodu": "72502"
    },
    {
        "mahalle_id": "52_2",
        "mahalle_adi": "Şehan Mezra Mah (kaleyolu Köyü)",
        "posta_kodu": "72502"
    },
    {
        "mahalle_id": "36_2",
        "mahalle_adi": "Şengirik Mezra Mah (dörtbölük Köyü)",
        "posta_kodu": "72502"
    },
    {
        "mahalle_id": "28_1",
        "mahalle_adi": "Sevek Mah",
        "posta_kodu": "72500"
    },
    {
        "mahalle_id": "39_2",
        "mahalle_adi": "Şilfo Mezra Mah (dörtbölük Köyü)",
        "posta_kodu": "72502"
    },
    {
        "mahalle_id": "130_2",
        "mahalle_adi": "Şımdank Mah (kaşyayla Köyü)",
        "posta_kodu": "72502"
    },
    {
        "mahalle_id": "65_2",
        "mahalle_adi": "Sinemerg Mezra Mah (kelhasan Köyü)",
        "posta_kodu": "72502"
    },
    {
        "mahalle_id": "25_1",
        "mahalle_adi": "Şirinevler Mah",
        "posta_kodu": "72500"
    },
    {
        "mahalle_id": "113_2",
        "mahalle_adi": "Soğanlı Köyü",
        "posta_kodu": "72502"
    },
    {
        "mahalle_id": "92_2",
        "mahalle_adi": "Soğe Mah (umurlu Köyü)",
        "posta_kodu": "72502"
    },
    {
        "mahalle_id": "22_2",
        "mahalle_adi": "Suarkı Mah (dağçatı Köyü)",
        "posta_kodu": "72502"
    },
    {
        "mahalle_id": "116_2",
        "mahalle_adi": "Tahtika Mezra Mah (balbaşı Köyü)",
        "posta_kodu": "72502"
    },
    {
        "mahalle_id": "68_2",
        "mahalle_adi": "Taşburun Mah (turnalı Köyü)",
        "posta_kodu": "72502"
    },
    {
        "mahalle_id": "75_2",
        "mahalle_adi": "Taşlıca Mah (örenağıl Köyü)",
        "posta_kodu": "72502"
    },
    {
        "mahalle_id": "88_2",
        "mahalle_adi": "Taşyuva Köyü",
        "posta_kodu": "72502"
    },
    {
        "mahalle_id": "128_2",
        "mahalle_adi": "Taşyuva Mah (kaşyayla Köyü)",
        "posta_kodu": "72502"
    },
    {
        "mahalle_id": "22_1",
        "mahalle_adi": "Tekevler Mah",
        "posta_kodu": "72500"
    },
    {
        "mahalle_id": "13_1",
        "mahalle_adi": "Tekinler Mah",
        "posta_kodu": "72500"
    },
    {
        "mahalle_id": "3_3",
        "mahalle_adi": "Tepe Mah (yücebağ Beldesi)",
        "posta_kodu": "72510"
    },
    {
        "mahalle_id": "61_2",
        "mahalle_adi": "Tepecik Mezra Mah (kavaklı Köyü)",
        "posta_kodu": "72502"
    },
    {
        "mahalle_id": "56_2",
        "mahalle_adi": "Tire Mah (karameşe Köyü)",
        "posta_kodu": "72502"
    },
    {
        "mahalle_id": "143_2",
        "mahalle_adi": "Topluca Köyü",
        "posta_kodu": "72502"
    },
    {
        "mahalle_id": "141_2",
        "mahalle_adi": "Turnalı Köyü",
        "posta_kodu": "72502"
    },
    {
        "mahalle_id": "100_2",
        "mahalle_adi": "Üçdirek Mah (yuvalar Köyü)",
        "posta_kodu": "72502"
    },
    {
        "mahalle_id": "93_2",
        "mahalle_adi": "Umurlu Köyü",
        "posta_kodu": "72502"
    },
    {
        "mahalle_id": "138_2",
        "mahalle_adi": "Yakabağ Köyü",
        "posta_kodu": "72502"
    },
    {
        "mahalle_id": "54_2",
        "mahalle_adi": "Yamanlı Mezra Mah (kaleyolu Köyü)",
        "posta_kodu": "72502"
    },
    {
        "mahalle_id": "129_2",
        "mahalle_adi": "Yayarlı Mah (kaşyayla Köyü)",
        "posta_kodu": "72502"
    },
    {
        "mahalle_id": "14_1",
        "mahalle_adi": "Yaylatepe Mah",
        "posta_kodu": "72500"
    },
    {
        "mahalle_id": "73_2",
        "mahalle_adi": "Yedigöz Mah (örenağıl Köyü)",
        "posta_kodu": "72502"
    },
    {
        "mahalle_id": "81_2",
        "mahalle_adi": "Yelek Mez Mah (sarıyayla Köyü)",
        "posta_kodu": "72502"
    },
    {
        "mahalle_id": "15_1",
        "mahalle_adi": "Yeni Mah",
        "posta_kodu": "72500"
    },
    {
        "mahalle_id": "109_2",
        "mahalle_adi": "Yeniköy Köyü",
        "posta_kodu": "72502"
    },
    {
        "mahalle_id": "121_2",
        "mahalle_adi": "Yeniyurt Mah (heybeli Köyü)",
        "posta_kodu": "72502"
    },
    {
        "mahalle_id": "27_1",
        "mahalle_adi": "Yeşilevler Mah",
        "posta_kodu": "72500"
    },
    {
        "mahalle_id": "16_1",
        "mahalle_adi": "Yeşiller Mah",
        "posta_kodu": "72500"
    },
    {
        "mahalle_id": "17_1",
        "mahalle_adi": "Yeşilova Mah",
        "posta_kodu": "72500"
    },
    {
        "mahalle_id": "18_1",
        "mahalle_adi": "Yeşiltepe Mah",
        "posta_kodu": "72500"
    },
    {
        "mahalle_id": "94_2",
        "mahalle_adi": "Yiğitler Köyü",
        "posta_kodu": "72502"
    },
    {
        "mahalle_id": "95_2",
        "mahalle_adi": "Yiğitli Mezra Mah (yiğitler Köyü)",
        "posta_kodu": "72502"
    },
    {
        "mahalle_id": "19_1",
        "mahalle_adi": "Yıldız Mah",
        "posta_kodu": "72500"
    },
    {
        "mahalle_id": "4_3",
        "mahalle_adi": "Yıldız Mah (yücebağ Beldesi)",
        "posta_kodu": "72510"
    },
    {
        "mahalle_id": "83_2",
        "mahalle_adi": "Yıldızkaya Mah (sarıyayla Köyü)",
        "posta_kodu": "72502"
    },
    {
        "mahalle_id": "96_2",
        "mahalle_adi": "Yolüstü Köyü",
        "posta_kodu": "72502"
    },
    {
        "mahalle_id": "67_2",
        "mahalle_adi": "Yoncadüzü Mah (kilimli Köyü)",
        "posta_kodu": "72502"
    },
    {
        "mahalle_id": "31_2",
        "mahalle_adi": "Yoncalı Mezra Mah (derince Köyü)",
        "posta_kodu": "72502"
    },
    {
        "mahalle_id": "44_2",
        "mahalle_adi": "Yukarı Ergünü Mah (ergünü Köyü)",
        "posta_kodu": "72502"
    },
    {
        "mahalle_id": "62_2",
        "mahalle_adi": "Yukarı Ergünü Mah (kayadüzü Köyü)",
        "posta_kodu": "72502"
    },
    {
        "mahalle_id": "20_1",
        "mahalle_adi": "Yukarı Mah",
        "posta_kodu": "72500"
    },
    {
        "mahalle_id": "110_2",
        "mahalle_adi": "Yürekli Köyü",
        "posta_kodu": "72502"
    },
    {
        "mahalle_id": "102_2",
        "mahalle_adi": "Yuvalar Köyü",
        "posta_kodu": "72502"
    },
    {
        "mahalle_id": "47_2",
        "mahalle_adi": "Yuvalıçay Köyü",
        "posta_kodu": "72502"
    },
    {
        "mahalle_id": "21_1",
        "mahalle_adi": "Zafer Mah",
        "posta_kodu": "72500"
    },
    {
        "mahalle_id": "90_2",
        "mahalle_adi": "Ziyaret Köyü",
        "posta_kodu": "72502"
    },
    {
        "mahalle_id": "84_2",
        "mahalle_adi": "Zornik Mezra Mah (taşyuva Köyü)",
        "posta_kodu": "72502"
    }
]