[
    {
        "mahalle_id": "78_2",
        "mahalle_adi": "Akkaya Mah (saray Köyü)",
        "posta_kodu": "19802"
    },
    {
        "mahalle_id": "102_2",
        "mahalle_adi": "Akseki Köyü",
        "posta_kodu": "19802"
    },
    {
        "mahalle_id": "1_2",
        "mahalle_adi": "Alibey Mah (eskialibey Köyü)",
        "posta_kodu": "19802"
    },
    {
        "mahalle_id": "79_2",
        "mahalle_adi": "Ankara Yolu Mah (saray Köyü)",
        "posta_kodu": "19802"
    },
    {
        "mahalle_id": "20_2",
        "mahalle_adi": "Aşağı Emirhalil Köyü",
        "posta_kodu": "19802"
    },
    {
        "mahalle_id": "29_2",
        "mahalle_adi": "Aşağı Mah (çayköy Köyü)",
        "posta_kodu": "19802"
    },
    {
        "mahalle_id": "92_2",
        "mahalle_adi": "Aşağı Yeşilçat Mah (yeşilçat Köyü)",
        "posta_kodu": "19802"
    },
    {
        "mahalle_id": "24_2",
        "mahalle_adi": "Asma Mah (beydili Köyü)",
        "posta_kodu": "19802"
    },
    {
        "mahalle_id": "21_2",
        "mahalle_adi": "Ayvalıca Köyü",
        "posta_kodu": "19802"
    },
    {
        "mahalle_id": "54_2",
        "mahalle_adi": "Bağ Arkası Mah (hacıbayram Köyü)",
        "posta_kodu": "19802"
    },
    {
        "mahalle_id": "76_2",
        "mahalle_adi": "Bağözü Mah (kuruçay Köyü)",
        "posta_kodu": "19802"
    },
    {
        "mahalle_id": "22_2",
        "mahalle_adi": "Barak Köyü",
        "posta_kodu": "19802"
    },
    {
        "mahalle_id": "42_2",
        "mahalle_adi": "Boyalık Mah (derekutuğun Köyü)",
        "posta_kodu": "19802"
    },
    {
        "mahalle_id": "87_2",
        "mahalle_adi": "Büyük Mah (tevekli Köyü)",
        "posta_kodu": "19802"
    },
    {
        "mahalle_id": "96_2",
        "mahalle_adi": "Çağıl Mah (yoncalı Köyü)",
        "posta_kodu": "19802"
    },
    {
        "mahalle_id": "75_2",
        "mahalle_adi": "Çalı Sökü Mah (kuruçay Köyü)",
        "posta_kodu": "19802"
    },
    {
        "mahalle_id": "27_2",
        "mahalle_adi": "Çamlıgüney Köyü",
        "posta_kodu": "19802"
    },
    {
        "mahalle_id": "32_2",
        "mahalle_adi": "Çay Kavuştu Mah (çerkeş Köyü)",
        "posta_kodu": "19802"
    },
    {
        "mahalle_id": "71_2",
        "mahalle_adi": "Çebiş Gediği Mah (köpüklü Köyü)",
        "posta_kodu": "19802"
    },
    {
        "mahalle_id": "30_2",
        "mahalle_adi": "Çerkeş Köyü",
        "posta_kodu": "19802"
    },
    {
        "mahalle_id": "26_2",
        "mahalle_adi": "Cevizli Köyü",
        "posta_kodu": "19802"
    },
    {
        "mahalle_id": "35_2",
        "mahalle_adi": "Çukuröz Köyü",
        "posta_kodu": "19802"
    },
    {
        "mahalle_id": "40_2",
        "mahalle_adi": "Dangazlar Mah (demirciler Köyü)",
        "posta_kodu": "19802"
    },
    {
        "mahalle_id": "1_1",
        "mahalle_adi": "Dere Mah",
        "posta_kodu": "19800"
    },
    {
        "mahalle_id": "43_2",
        "mahalle_adi": "Derekutuğun Köyü",
        "posta_kodu": "19802"
    },
    {
        "mahalle_id": "44_2",
        "mahalle_adi": "Dorukseki Köyü",
        "posta_kodu": "19802"
    },
    {
        "mahalle_id": "47_2",
        "mahalle_adi": "Emirşah Köyü",
        "posta_kodu": "19802"
    },
    {
        "mahalle_id": "19_2",
        "mahalle_adi": "Enaltı Çayı Mah (ahacık Köyü)",
        "posta_kodu": "19802"
    },
    {
        "mahalle_id": "5_2",
        "mahalle_adi": "Fatih Mah (kunduzlu Köyü)",
        "posta_kodu": "19802"
    },
    {
        "mahalle_id": "10_2",
        "mahalle_adi": "Fındıcak Mah (ahacık Köyü)",
        "posta_kodu": "19802"
    },
    {
        "mahalle_id": "2_2",
        "mahalle_adi": "Gazi Mah (eskialibey Köyü)",
        "posta_kodu": "19802"
    },
    {
        "mahalle_id": "90_2",
        "mahalle_adi": "Gazi Mah (yeşilçat Köyü)",
        "posta_kodu": "19802"
    },
    {
        "mahalle_id": "65_2",
        "mahalle_adi": "Geriş Mah (kalınpelit Köyü)",
        "posta_kodu": "19802"
    },
    {
        "mahalle_id": "85_2",
        "mahalle_adi": "Göynük Harman Altı Mah (tevekli Köyü)",
        "posta_kodu": "19802"
    },
    {
        "mahalle_id": "95_2",
        "mahalle_adi": "Güleç Mah (yoncalı Köyü)",
        "posta_kodu": "19802"
    },
    {
        "mahalle_id": "33_2",
        "mahalle_adi": "Güllevük Mah (çerkeş Köyü)",
        "posta_kodu": "19802"
    },
    {
        "mahalle_id": "31_2",
        "mahalle_adi": "Güzel Bağlar Mah (çerkeş Köyü)",
        "posta_kodu": "19802"
    },
    {
        "mahalle_id": "9_2",
        "mahalle_adi": "Hacıayvat Mah (ahacık Köyü)",
        "posta_kodu": "19802"
    },
    {
        "mahalle_id": "38_2",
        "mahalle_adi": "Hacılar Mah (demirciler Köyü)",
        "posta_kodu": "19802"
    },
    {
        "mahalle_id": "84_2",
        "mahalle_adi": "Havdan Mah (tevekli Köyü)",
        "posta_kodu": "19802"
    },
    {
        "mahalle_id": "41_2",
        "mahalle_adi": "Haydar Mah (derekutuğun Köyü)",
        "posta_kodu": "19802"
    },
    {
        "mahalle_id": "57_2",
        "mahalle_adi": "Horozlar Mah (ileği Köyü)",
        "posta_kodu": "19802"
    },
    {
        "mahalle_id": "51_2",
        "mahalle_adi": "İmamoğlu Mah (evci Köyü)",
        "posta_kodu": "19802"
    },
    {
        "mahalle_id": "14_2",
        "mahalle_adi": "Karabalçık Mah (ahacık Köyü)",
        "posta_kodu": "19802"
    },
    {
        "mahalle_id": "67_2",
        "mahalle_adi": "Karakaya Köyü",
        "posta_kodu": "19802"
    },
    {
        "mahalle_id": "104_2",
        "mahalle_adi": "Karasık Mah (toyhane Köyü)",
        "posta_kodu": "19802"
    },
    {
        "mahalle_id": "15_2",
        "mahalle_adi": "Karşıköy Mah (ahacık Köyü)",
        "posta_kodu": "19802"
    },
    {
        "mahalle_id": "3_2",
        "mahalle_adi": "Karşıyaka Mah (eskialibey Köyü)",
        "posta_kodu": "19802"
    },
    {
        "mahalle_id": "72_2",
        "mahalle_adi": "Kavakkırı Mah (köpüklü Köyü)",
        "posta_kodu": "19802"
    },
    {
        "mahalle_id": "2_1",
        "mahalle_adi": "Kayabaşı Mah",
        "posta_kodu": "19800"
    },
    {
        "mahalle_id": "36_2",
        "mahalle_adi": "Kayabaşı Mah (demirciler Köyü)",
        "posta_kodu": "19802"
    },
    {
        "mahalle_id": "91_2",
        "mahalle_adi": "Kaytazlar Mah (yeşilçat Köyü)",
        "posta_kodu": "19802"
    },
    {
        "mahalle_id": "37_2",
        "mahalle_adi": "Keskinler Mah (demirciler Köyü)",
        "posta_kodu": "19802"
    },
    {
        "mahalle_id": "49_2",
        "mahalle_adi": "Kirenle Mah (evci Köyü)",
        "posta_kodu": "19802"
    },
    {
        "mahalle_id": "13_2",
        "mahalle_adi": "Kızılpelit Mah (ahacık Köyü)",
        "posta_kodu": "19802"
    },
    {
        "mahalle_id": "59_2",
        "mahalle_adi": "Kom Mah (ileği Köyü)",
        "posta_kodu": "19802"
    },
    {
        "mahalle_id": "83_2",
        "mahalle_adi": "Köm Mah (tepekutuğun Köyü)",
        "posta_kodu": "19802"
    },
    {
        "mahalle_id": "98_2",
        "mahalle_adi": "Köm Mah (yoncalı Köyü)",
        "posta_kodu": "19802"
    },
    {
        "mahalle_id": "68_2",
        "mahalle_adi": "Kömür Ocağı-1 Mah (karakaya Köyü)",
        "posta_kodu": "19802"
    },
    {
        "mahalle_id": "69_2",
        "mahalle_adi": "Kömür Ocağı-2 Mah (karakaya Köyü)",
        "posta_kodu": "19802"
    },
    {
        "mahalle_id": "97_2",
        "mahalle_adi": "Köyyeri Mah (yoncalı Köyü)",
        "posta_kodu": "19802"
    },
    {
        "mahalle_id": "6_2",
        "mahalle_adi": "Kozdere Mah (kunduzlu Köyü)",
        "posta_kodu": "19802"
    },
    {
        "mahalle_id": "73_2",
        "mahalle_adi": "Kubbedin Köyü",
        "posta_kodu": "19802"
    },
    {
        "mahalle_id": "66_2",
        "mahalle_adi": "Kürtali Damı Mah (kalınpelit Köyü)",
        "posta_kodu": "19802"
    },
    {
        "mahalle_id": "74_2",
        "mahalle_adi": "Kuruçay Köyü",
        "posta_kodu": "19802"
    },
    {
        "mahalle_id": "53_2",
        "mahalle_adi": "Kurugöl Mah (hacıbayram Köyü)",
        "posta_kodu": "19802"
    },
    {
        "mahalle_id": "103_2",
        "mahalle_adi": "Lapa Köyü",
        "posta_kodu": "19802"
    },
    {
        "mahalle_id": "23_2",
        "mahalle_adi": "Merkez Mah (bayan Köyü)",
        "posta_kodu": "19802"
    },
    {
        "mahalle_id": "25_2",
        "mahalle_adi": "Merkez Mah (beydili Köyü)",
        "posta_kodu": "19802"
    },
    {
        "mahalle_id": "34_2",
        "mahalle_adi": "Merkez Mah (çukuröz Köyü)",
        "posta_kodu": "19802"
    },
    {
        "mahalle_id": "45_2",
        "mahalle_adi": "Merkez Mah (emirhalil Köyü)",
        "posta_kodu": "19802"
    },
    {
        "mahalle_id": "52_2",
        "mahalle_adi": "Merkez Mah (evci Köyü)",
        "posta_kodu": "19802"
    },
    {
        "mahalle_id": "100_2",
        "mahalle_adi": "Merkez Mah (falı Köyü)",
        "posta_kodu": "19802"
    },
    {
        "mahalle_id": "56_2",
        "mahalle_adi": "Merkez Mah (hacıbayram Köyü)",
        "posta_kodu": "19802"
    },
    {
        "mahalle_id": "58_2",
        "mahalle_adi": "Merkez Mah (ileği Köyü)",
        "posta_kodu": "19802"
    },
    {
        "mahalle_id": "61_2",
        "mahalle_adi": "Merkez Mah (ishaklı Köyü)",
        "posta_kodu": "19802"
    },
    {
        "mahalle_id": "63_2",
        "mahalle_adi": "Merkez Mah (kalınpelit Köyü)",
        "posta_kodu": "19802"
    },
    {
        "mahalle_id": "70_2",
        "mahalle_adi": "Merkez Mah (köpüklü Köyü)",
        "posta_kodu": "19802"
    },
    {
        "mahalle_id": "77_2",
        "mahalle_adi": "Merkez Mah (sağpazar Köyü)",
        "posta_kodu": "19802"
    },
    {
        "mahalle_id": "80_2",
        "mahalle_adi": "Merkez Mah (saray Köyü)",
        "posta_kodu": "19802"
    },
    {
        "mahalle_id": "89_2",
        "mahalle_adi": "Merkez Mah (yenişıhlar Köyü)",
        "posta_kodu": "19802"
    },
    {
        "mahalle_id": "46_2",
        "mahalle_adi": "Mezarlık Mevki Mah (emirhalil Köyü)",
        "posta_kodu": "19802"
    },
    {
        "mahalle_id": "18_2",
        "mahalle_adi": "Nasıflar Mah (ahacık Köyü)",
        "posta_kodu": "19802"
    },
    {
        "mahalle_id": "11_2",
        "mahalle_adi": "Nazpınar Mah (ahacık Köyü)",
        "posta_kodu": "19802"
    },
    {
        "mahalle_id": "60_2",
        "mahalle_adi": "Oba Mah (ileği Köyü)",
        "posta_kodu": "19802"
    },
    {
        "mahalle_id": "86_2",
        "mahalle_adi": "Orta Mah (tevekli Köyü)",
        "posta_kodu": "19802"
    },
    {
        "mahalle_id": "55_2",
        "mahalle_adi": "Osmanyeri Mah (hacıbayram Köyü)",
        "posta_kodu": "19802"
    },
    {
        "mahalle_id": "101_2",
        "mahalle_adi": "Pancarlık Köyü",
        "posta_kodu": "19802"
    },
    {
        "mahalle_id": "82_2",
        "mahalle_adi": "Semer Deresi Mah (tepekutuğun Köyü)",
        "posta_kodu": "19802"
    },
    {
        "mahalle_id": "12_2",
        "mahalle_adi": "Soyuk Mah (ahacık Köyü)",
        "posta_kodu": "19802"
    },
    {
        "mahalle_id": "93_2",
        "mahalle_adi": "Sungur Mah (yoncalı Köyü)",
        "posta_kodu": "19802"
    },
    {
        "mahalle_id": "50_2",
        "mahalle_adi": "Taşlık Mah (evci Köyü)",
        "posta_kodu": "19802"
    },
    {
        "mahalle_id": "16_2",
        "mahalle_adi": "Taytak Mah (ahacık Köyü)",
        "posta_kodu": "19802"
    },
    {
        "mahalle_id": "3_1",
        "mahalle_adi": "Tepebayat Mah",
        "posta_kodu": "19800"
    },
    {
        "mahalle_id": "81_2",
        "mahalle_adi": "Tepekutuğun Köyü",
        "posta_kodu": "19802"
    },
    {
        "mahalle_id": "88_2",
        "mahalle_adi": "Toyhane Köyü",
        "posta_kodu": "19802"
    },
    {
        "mahalle_id": "62_2",
        "mahalle_adi": "Ürgüpler Mah (kalınpelit Köyü)",
        "posta_kodu": "19802"
    },
    {
        "mahalle_id": "4_1",
        "mahalle_adi": "Yatukcu Mah",
        "posta_kodu": "19800"
    },
    {
        "mahalle_id": "7_2",
        "mahalle_adi": "Yazlık Mah (kunduzlu Köyü)",
        "posta_kodu": "19802"
    },
    {
        "mahalle_id": "5_1",
        "mahalle_adi": "Yeni Mah",
        "posta_kodu": "19800"
    },
    {
        "mahalle_id": "4_2",
        "mahalle_adi": "Yeni Mah (eskialibey Köyü)",
        "posta_kodu": "19802"
    },
    {
        "mahalle_id": "8_2",
        "mahalle_adi": "Yeni Mah (kunduzlu Köyü)",
        "posta_kodu": "19802"
    },
    {
        "mahalle_id": "39_2",
        "mahalle_adi": "Yenicami Mah (demirciler Köyü)",
        "posta_kodu": "19802"
    },
    {
        "mahalle_id": "99_2",
        "mahalle_adi": "Yeniköy Köyü",
        "posta_kodu": "19802"
    },
    {
        "mahalle_id": "64_2",
        "mahalle_adi": "Yeşilyurt Mah (kalınpelit Köyü)",
        "posta_kodu": "19802"
    },
    {
        "mahalle_id": "17_2",
        "mahalle_adi": "Yüceardı Mah (ahacık Köyü)",
        "posta_kodu": "19802"
    },
    {
        "mahalle_id": "28_2",
        "mahalle_adi": "Yukarı Mah (çayköy Köyü)",
        "posta_kodu": "19802"
    },
    {
        "mahalle_id": "94_2",
        "mahalle_adi": "Yukarı Mah (yoncalı Köyü)",
        "posta_kodu": "19802"
    },
    {
        "mahalle_id": "48_2",
        "mahalle_adi": "Yukarı Taşlık Mah (evci Köyü)",
        "posta_kodu": "19802"
    }
]