[
    {
        "mahalle_id": "105_2",
        "mahalle_adi": "Abdi Mah (karadonu Köyü)",
        "posta_kodu": "37902"
    },
    {
        "mahalle_id": "125_2",
        "mahalle_adi": "Abdullah Mah (kozköy Köyü)",
        "posta_kodu": "37902"
    },
    {
        "mahalle_id": "61_2",
        "mahalle_adi": "Abuda Mah (çat Köyü)",
        "posta_kodu": "37902"
    },
    {
        "mahalle_id": "91_2",
        "mahalle_adi": "Abut Mah (ikizciler Köyü)",
        "posta_kodu": "37902"
    },
    {
        "mahalle_id": "135_2",
        "mahalle_adi": "Ahlatcık Mah (kösreli Köyü)",
        "posta_kodu": "37902"
    },
    {
        "mahalle_id": "45_2",
        "mahalle_adi": "Akmanoğlu Mah (cambaz Köyü)",
        "posta_kodu": "37902"
    },
    {
        "mahalle_id": "10_2",
        "mahalle_adi": "Akpınar Mah (afşarimam Köyü)",
        "posta_kodu": "37902"
    },
    {
        "mahalle_id": "138_2",
        "mahalle_adi": "Alacık Mah (kösreli Köyü)",
        "posta_kodu": "37902"
    },
    {
        "mahalle_id": "20_2",
        "mahalle_adi": "Ali Ağa Mah (alacık Köyü)",
        "posta_kodu": "37902"
    },
    {
        "mahalle_id": "136_2",
        "mahalle_adi": "Ali Efendi Mah (kösreli Köyü)",
        "posta_kodu": "37902"
    },
    {
        "mahalle_id": "12_2",
        "mahalle_adi": "Aliağa Mah (afşarimam Köyü)",
        "posta_kodu": "37902"
    },
    {
        "mahalle_id": "159_2",
        "mahalle_adi": "Ambarlı Mah (uzunöz Köyü)",
        "posta_kodu": "37902"
    },
    {
        "mahalle_id": "137_2",
        "mahalle_adi": "Arabacılar Mah (kösreli Köyü)",
        "posta_kodu": "37902"
    },
    {
        "mahalle_id": "4_2",
        "mahalle_adi": "Argı Mah (afşargüney Köyü)",
        "posta_kodu": "37902"
    },
    {
        "mahalle_id": "58_2",
        "mahalle_adi": "Aşağı Çatak Mah (çatak Köyü)",
        "posta_kodu": "37902"
    },
    {
        "mahalle_id": "1_2",
        "mahalle_adi": "Aşağı Güney Mah (afşargüney Köyü)",
        "posta_kodu": "37902"
    },
    {
        "mahalle_id": "32_2",
        "mahalle_adi": "Aşağı Kışla Mah (beşören Köyü)",
        "posta_kodu": "37902"
    },
    {
        "mahalle_id": "143_2",
        "mahalle_adi": "Aşağı Sarpun Mah (sarpun Köyü)",
        "posta_kodu": "37902"
    },
    {
        "mahalle_id": "158_2",
        "mahalle_adi": "Ayazoğlu Mah (uzunöz Köyü)",
        "posta_kodu": "37902"
    },
    {
        "mahalle_id": "113_2",
        "mahalle_adi": "Battallar Mah (karaman Köyü)",
        "posta_kodu": "37902"
    },
    {
        "mahalle_id": "147_2",
        "mahalle_adi": "Baydıoğlu Mah (sipahiler Köyü)",
        "posta_kodu": "37902"
    },
    {
        "mahalle_id": "108_2",
        "mahalle_adi": "Bediroğlu Mah (karaman Köyü)",
        "posta_kodu": "37902"
    },
    {
        "mahalle_id": "118_2",
        "mahalle_adi": "Bideci Mah (kayadibi Köyü)",
        "posta_kodu": "37902"
    },
    {
        "mahalle_id": "37_2",
        "mahalle_adi": "Boğaz Mah (beyalan Köyü)",
        "posta_kodu": "37902"
    },
    {
        "mahalle_id": "117_2",
        "mahalle_adi": "Boyacı Mah (kayadibi Köyü)",
        "posta_kodu": "37902"
    },
    {
        "mahalle_id": "40_2",
        "mahalle_adi": "Bürüm Yayla Evleri Mah (bürüm Köyü)",
        "posta_kodu": "37902"
    },
    {
        "mahalle_id": "119_2",
        "mahalle_adi": "Çakal Mah (kayadibi Köyü)",
        "posta_kodu": "37902"
    },
    {
        "mahalle_id": "29_2",
        "mahalle_adi": "Çakıllı Mah (belören Köyü)",
        "posta_kodu": "37902"
    },
    {
        "mahalle_id": "149_2",
        "mahalle_adi": "Çal 1 Mah (sipahiler Köyü)",
        "posta_kodu": "37902"
    },
    {
        "mahalle_id": "150_2",
        "mahalle_adi": "Çal 2 Mah (sipahiler Köyü)",
        "posta_kodu": "37902"
    },
    {
        "mahalle_id": "1_1",
        "mahalle_adi": "Camievsat Mah",
        "posta_kodu": "37900"
    },
    {
        "mahalle_id": "2_1",
        "mahalle_adi": "Camikebir Mah",
        "posta_kodu": "37900"
    },
    {
        "mahalle_id": "162_2",
        "mahalle_adi": "Canbazoğlu Mah (uzunöz Köyü)",
        "posta_kodu": "37902"
    },
    {
        "mahalle_id": "36_2",
        "mahalle_adi": "Çayan Mah (beyalan Köyü)",
        "posta_kodu": "37902"
    },
    {
        "mahalle_id": "101_2",
        "mahalle_adi": "Çelebi Mah (karadonu Köyü)",
        "posta_kodu": "37902"
    },
    {
        "mahalle_id": "96_2",
        "mahalle_adi": "Çırak Mah (imralı Köyü)",
        "posta_kodu": "37902"
    },
    {
        "mahalle_id": "24_2",
        "mahalle_adi": "Çolak Mah (alacık Köyü)",
        "posta_kodu": "37902"
    },
    {
        "mahalle_id": "114_2",
        "mahalle_adi": "Çuha Mah (kayadibi Köyü)",
        "posta_kodu": "37902"
    },
    {
        "mahalle_id": "70_2",
        "mahalle_adi": "Çukur Mah (ersizler Köyü)",
        "posta_kodu": "37902"
    },
    {
        "mahalle_id": "69_2",
        "mahalle_adi": "Cumhuriyet Mah (ersizler Köyü)",
        "posta_kodu": "37902"
    },
    {
        "mahalle_id": "85_2",
        "mahalle_adi": "Curalar Mah (iğdir Köyü)",
        "posta_kodu": "37902"
    },
    {
        "mahalle_id": "123_2",
        "mahalle_adi": "Depeyurt Mah (koyunkırtık Köyü)",
        "posta_kodu": "37902"
    },
    {
        "mahalle_id": "86_2",
        "mahalle_adi": "Dereköy Mah (iğdir Köyü)",
        "posta_kodu": "37902"
    },
    {
        "mahalle_id": "44_2",
        "mahalle_adi": "Dibek Mah (cambaz Köyü)",
        "posta_kodu": "37902"
    },
    {
        "mahalle_id": "14_2",
        "mahalle_adi": "Diprecci Mah (ahmetbeşe Köyü)",
        "posta_kodu": "37902"
    },
    {
        "mahalle_id": "110_2",
        "mahalle_adi": "Dıraban Mah (karaman Köyü)",
        "posta_kodu": "37902"
    },
    {
        "mahalle_id": "33_2",
        "mahalle_adi": "Doruk Mah (beyalan Köyü)",
        "posta_kodu": "37902"
    },
    {
        "mahalle_id": "152_2",
        "mahalle_adi": "Durasanlar Mah (taşpınar Köyü)",
        "posta_kodu": "37902"
    },
    {
        "mahalle_id": "161_2",
        "mahalle_adi": "Ecevit Mah (uzunöz Köyü)",
        "posta_kodu": "37902"
    },
    {
        "mahalle_id": "8_2",
        "mahalle_adi": "Eminoğlu Mah (afşarimam Köyü)",
        "posta_kodu": "37902"
    },
    {
        "mahalle_id": "52_2",
        "mahalle_adi": "Esentepe Mah (camili Köyü)",
        "posta_kodu": "37902"
    },
    {
        "mahalle_id": "126_2",
        "mahalle_adi": "Eskimeşe Mah (kozköy Köyü)",
        "posta_kodu": "37902"
    },
    {
        "mahalle_id": "98_2",
        "mahalle_adi": "Geriş Mah (karadonu Köyü)",
        "posta_kodu": "37902"
    },
    {
        "mahalle_id": "128_2",
        "mahalle_adi": "Gürcü Mah (kozköy Köyü)",
        "posta_kodu": "37902"
    },
    {
        "mahalle_id": "48_2",
        "mahalle_adi": "Habiboğlu Mah (camili Köyü)",
        "posta_kodu": "37902"
    },
    {
        "mahalle_id": "43_2",
        "mahalle_adi": "Hacıömer Mah (cambaz Köyü)",
        "posta_kodu": "37902"
    },
    {
        "mahalle_id": "130_2",
        "mahalle_adi": "Haramlar Mah (kozköy Köyü)",
        "posta_kodu": "37902"
    },
    {
        "mahalle_id": "3_2",
        "mahalle_adi": "Hatip Mah (afşargüney Köyü)",
        "posta_kodu": "37902"
    },
    {
        "mahalle_id": "157_2",
        "mahalle_adi": "Hoca Ustaoğlu Mah (topçu Köyü)",
        "posta_kodu": "37902"
    },
    {
        "mahalle_id": "153_2",
        "mahalle_adi": "Hüsün Mah (taşpınar Köyü)",
        "posta_kodu": "37902"
    },
    {
        "mahalle_id": "76_2",
        "mahalle_adi": "İlata Mah (güllüce Köyü)",
        "posta_kodu": "37902"
    },
    {
        "mahalle_id": "7_2",
        "mahalle_adi": "İmam Mah (afşarimam Köyü)",
        "posta_kodu": "37902"
    },
    {
        "mahalle_id": "75_2",
        "mahalle_adi": "İmam Mah (ersizlerdede Köyü)",
        "posta_kodu": "37902"
    },
    {
        "mahalle_id": "72_2",
        "mahalle_adi": "İpsinne Mah (ersizlerdede Köyü)",
        "posta_kodu": "37902"
    },
    {
        "mahalle_id": "127_2",
        "mahalle_adi": "Kabaoğlu Mah (kozköy Köyü)",
        "posta_kodu": "37902"
    },
    {
        "mahalle_id": "89_2",
        "mahalle_adi": "Kadalı Mah (ikizciler Köyü)",
        "posta_kodu": "37902"
    },
    {
        "mahalle_id": "154_2",
        "mahalle_adi": "Kanlıcadere Mah (taşpınar Köyü)",
        "posta_kodu": "37902"
    },
    {
        "mahalle_id": "74_2",
        "mahalle_adi": "Karaahmet Mah (ersizlerdede Köyü)",
        "posta_kodu": "37902"
    },
    {
        "mahalle_id": "51_2",
        "mahalle_adi": "Karadere Mah (camili Köyü)",
        "posta_kodu": "37902"
    },
    {
        "mahalle_id": "80_2",
        "mahalle_adi": "Karagöz Mah (güney Köyü)",
        "posta_kodu": "37902"
    },
    {
        "mahalle_id": "19_2",
        "mahalle_adi": "Karagürgen Mah (alacık Köyü)",
        "posta_kodu": "37902"
    },
    {
        "mahalle_id": "73_2",
        "mahalle_adi": "Karaş Mah (ersizlerdede Köyü)",
        "posta_kodu": "37902"
    },
    {
        "mahalle_id": "50_2",
        "mahalle_adi": "Karşı Mah (camili Köyü)",
        "posta_kodu": "37902"
    },
    {
        "mahalle_id": "115_2",
        "mahalle_adi": "Kaya Mah (kayadibi Köyü)",
        "posta_kodu": "37902"
    },
    {
        "mahalle_id": "156_2",
        "mahalle_adi": "Kayaarkası Mah (topçu Köyü)",
        "posta_kodu": "37902"
    },
    {
        "mahalle_id": "46_2",
        "mahalle_adi": "Kazoğlu Mah (cambaz Köyü)",
        "posta_kodu": "37902"
    },
    {
        "mahalle_id": "103_2",
        "mahalle_adi": "Kerpiç Mah (karadonu Köyü)",
        "posta_kodu": "37902"
    },
    {
        "mahalle_id": "107_2",
        "mahalle_adi": "Kervansaray Mah (karadonu Köyü)",
        "posta_kodu": "37902"
    },
    {
        "mahalle_id": "39_2",
        "mahalle_adi": "Kışla Mah (bürüm Köyü)",
        "posta_kodu": "37902"
    },
    {
        "mahalle_id": "129_2",
        "mahalle_adi": "Kışla Mah (kozköy Köyü)",
        "posta_kodu": "37902"
    },
    {
        "mahalle_id": "144_2",
        "mahalle_adi": "Kocaoğlu Mah (sarpun Köyü)",
        "posta_kodu": "37902"
    },
    {
        "mahalle_id": "90_2",
        "mahalle_adi": "Koçcuğaz Mah (ikizciler Köyü)",
        "posta_kodu": "37902"
    },
    {
        "mahalle_id": "5_2",
        "mahalle_adi": "Kör İsmailağa Mah (afşargüney Köyü)",
        "posta_kodu": "37902"
    },
    {
        "mahalle_id": "83_2",
        "mahalle_adi": "Kubatoğlu Mah (iğdir Köyü)",
        "posta_kodu": "37902"
    },
    {
        "mahalle_id": "109_2",
        "mahalle_adi": "Küme Evleri Mah (karaman Köyü)",
        "posta_kodu": "37902"
    },
    {
        "mahalle_id": "102_2",
        "mahalle_adi": "Kurtoğlu Mah (karadonu Köyü)",
        "posta_kodu": "37902"
    },
    {
        "mahalle_id": "141_2",
        "mahalle_adi": "Kuş Mah (köstekçiler Köyü)",
        "posta_kodu": "37902"
    },
    {
        "mahalle_id": "92_2",
        "mahalle_adi": "Kuşca Mah (ikizciler Köyü)",
        "posta_kodu": "37902"
    },
    {
        "mahalle_id": "148_2",
        "mahalle_adi": "Kuz Mah (sipahiler Köyü)",
        "posta_kodu": "37902"
    },
    {
        "mahalle_id": "97_2",
        "mahalle_adi": "Kuztarla Mah (imralı Köyü)",
        "posta_kodu": "37902"
    },
    {
        "mahalle_id": "56_2",
        "mahalle_adi": "Masruf Mah (camili Köyü)",
        "posta_kodu": "37902"
    },
    {
        "mahalle_id": "11_2",
        "mahalle_adi": "Merkez Mah (afşarimam Köyü)",
        "posta_kodu": "37902"
    },
    {
        "mahalle_id": "16_2",
        "mahalle_adi": "Merkez Mah (ahmetbeşe Köyü)",
        "posta_kodu": "37902"
    },
    {
        "mahalle_id": "18_2",
        "mahalle_adi": "Merkez Mah (alacık Köyü)",
        "posta_kodu": "37902"
    },
    {
        "mahalle_id": "25_2",
        "mahalle_adi": "Merkez Mah (avcıpınar Köyü)",
        "posta_kodu": "37902"
    },
    {
        "mahalle_id": "26_2",
        "mahalle_adi": "Merkez Mah (belören Köyü)",
        "posta_kodu": "37902"
    },
    {
        "mahalle_id": "30_2",
        "mahalle_adi": "Merkez Mah (beşören Köyü)",
        "posta_kodu": "37902"
    },
    {
        "mahalle_id": "38_2",
        "mahalle_adi": "Merkez Mah (bürüm Köyü)",
        "posta_kodu": "37902"
    },
    {
        "mahalle_id": "47_2",
        "mahalle_adi": "Merkez Mah (camili Köyü)",
        "posta_kodu": "37902"
    },
    {
        "mahalle_id": "60_2",
        "mahalle_adi": "Merkez Mah (çat Köyü)",
        "posta_kodu": "37902"
    },
    {
        "mahalle_id": "57_2",
        "mahalle_adi": "Merkez Mah (çatak Köyü)",
        "posta_kodu": "37902"
    },
    {
        "mahalle_id": "64_2",
        "mahalle_adi": "Merkez Mah (çaybükü Köyü)",
        "posta_kodu": "37902"
    },
    {
        "mahalle_id": "68_2",
        "mahalle_adi": "Merkez Mah (ersizler Köyü)",
        "posta_kodu": "37902"
    },
    {
        "mahalle_id": "71_2",
        "mahalle_adi": "Merkez Mah (ersizlerdede Köyü)",
        "posta_kodu": "37902"
    },
    {
        "mahalle_id": "77_2",
        "mahalle_adi": "Merkez Mah (güllüce Köyü)",
        "posta_kodu": "37902"
    },
    {
        "mahalle_id": "79_2",
        "mahalle_adi": "Merkez Mah (güney Köyü)",
        "posta_kodu": "37902"
    },
    {
        "mahalle_id": "81_2",
        "mahalle_adi": "Merkez Mah (iğdir Köyü)",
        "posta_kodu": "37902"
    },
    {
        "mahalle_id": "93_2",
        "mahalle_adi": "Merkez Mah (ikizciler Köyü)",
        "posta_kodu": "37902"
    },
    {
        "mahalle_id": "95_2",
        "mahalle_adi": "Merkez Mah (imralı Köyü)",
        "posta_kodu": "37902"
    },
    {
        "mahalle_id": "112_2",
        "mahalle_adi": "Merkez Mah (karaman Köyü)",
        "posta_kodu": "37902"
    },
    {
        "mahalle_id": "120_2",
        "mahalle_adi": "Merkez Mah (kesepınar Köyü)",
        "posta_kodu": "37902"
    },
    {
        "mahalle_id": "131_2",
        "mahalle_adi": "Merkez Mah (kösreli Köyü)",
        "posta_kodu": "37902"
    },
    {
        "mahalle_id": "139_2",
        "mahalle_adi": "Merkez Mah (köstekçiler Köyü)",
        "posta_kodu": "37902"
    },
    {
        "mahalle_id": "121_2",
        "mahalle_adi": "Merkez Mah (koyunkırtık Köyü)",
        "posta_kodu": "37902"
    },
    {
        "mahalle_id": "142_2",
        "mahalle_adi": "Merkez Mah (sarpun Köyü)",
        "posta_kodu": "37902"
    },
    {
        "mahalle_id": "145_2",
        "mahalle_adi": "Merkez Mah (sipahiler Köyü)",
        "posta_kodu": "37902"
    },
    {
        "mahalle_id": "151_2",
        "mahalle_adi": "Merkez Mah (taşpınar Köyü)",
        "posta_kodu": "37902"
    },
    {
        "mahalle_id": "155_2",
        "mahalle_adi": "Merkez Mah (topçu Köyü)",
        "posta_kodu": "37902"
    },
    {
        "mahalle_id": "124_2",
        "mahalle_adi": "Mollahasan Mah (koyunkırtık Köyü)",
        "posta_kodu": "37902"
    },
    {
        "mahalle_id": "3_1",
        "mahalle_adi": "Müderris Mah",
        "posta_kodu": "37900"
    },
    {
        "mahalle_id": "6_2",
        "mahalle_adi": "Muratoğlu Mah (afşargüney Köyü)",
        "posta_kodu": "37902"
    },
    {
        "mahalle_id": "133_2",
        "mahalle_adi": "Nazır Mah (kösreli Köyü)",
        "posta_kodu": "37902"
    },
    {
        "mahalle_id": "146_2",
        "mahalle_adi": "Ödemiş Mah (sipahiler Köyü)",
        "posta_kodu": "37902"
    },
    {
        "mahalle_id": "106_2",
        "mahalle_adi": "Öksüzler Mah (karadonu Köyü)",
        "posta_kodu": "37902"
    },
    {
        "mahalle_id": "49_2",
        "mahalle_adi": "Ortakçıoğlu Mah (camili Köyü)",
        "posta_kodu": "37902"
    },
    {
        "mahalle_id": "122_2",
        "mahalle_adi": "Ortaköy Mah (koyunkırtık Köyü)",
        "posta_kodu": "37902"
    },
    {
        "mahalle_id": "34_2",
        "mahalle_adi": "Öteyüz Mah (beyalan Köyü)",
        "posta_kodu": "37902"
    },
    {
        "mahalle_id": "132_2",
        "mahalle_adi": "Saka Mah (kösreli Köyü)",
        "posta_kodu": "37902"
    },
    {
        "mahalle_id": "42_2",
        "mahalle_adi": "Şalgamoğlu Mah (cambaz Köyü)",
        "posta_kodu": "37902"
    },
    {
        "mahalle_id": "4_1",
        "mahalle_adi": "Saman Mah",
        "posta_kodu": "37900"
    },
    {
        "mahalle_id": "41_2",
        "mahalle_adi": "Samanlıklar Mah (bürüm Köyü)",
        "posta_kodu": "37902"
    },
    {
        "mahalle_id": "9_2",
        "mahalle_adi": "Samutoğlu Mah (afşarimam Köyü)",
        "posta_kodu": "37902"
    },
    {
        "mahalle_id": "88_2",
        "mahalle_adi": "Sarköy Mah (ikizciler Köyü)",
        "posta_kodu": "37902"
    },
    {
        "mahalle_id": "140_2",
        "mahalle_adi": "Satı Mah (köstekçiler Köyü)",
        "posta_kodu": "37902"
    },
    {
        "mahalle_id": "160_2",
        "mahalle_adi": "Satıoğlu Mah (uzunöz Köyü)",
        "posta_kodu": "37902"
    },
    {
        "mahalle_id": "100_2",
        "mahalle_adi": "Şatır Mah (karadonu Köyü)",
        "posta_kodu": "37902"
    },
    {
        "mahalle_id": "35_2",
        "mahalle_adi": "Sazak Mah (beyalan Köyü)",
        "posta_kodu": "37902"
    },
    {
        "mahalle_id": "62_2",
        "mahalle_adi": "Sırma Mah (çat Köyü)",
        "posta_kodu": "37902"
    },
    {
        "mahalle_id": "54_2",
        "mahalle_adi": "Şişmanoğlu Mah (camili Köyü)",
        "posta_kodu": "37902"
    },
    {
        "mahalle_id": "55_2",
        "mahalle_adi": "Softaoğlu Mah (camili Köyü)",
        "posta_kodu": "37902"
    },
    {
        "mahalle_id": "27_2",
        "mahalle_adi": "Sofuoğlu Mah (belören Köyü)",
        "posta_kodu": "37902"
    },
    {
        "mahalle_id": "66_2",
        "mahalle_adi": "Taşçanak Mah (çaybükü Köyü)",
        "posta_kodu": "37902"
    },
    {
        "mahalle_id": "99_2",
        "mahalle_adi": "Tepe Mah (karadonu Köyü)",
        "posta_kodu": "37902"
    },
    {
        "mahalle_id": "104_2",
        "mahalle_adi": "Tokalak Mah (karadonu Köyü)",
        "posta_kodu": "37902"
    },
    {
        "mahalle_id": "21_2",
        "mahalle_adi": "Topçu Mah (alacık Köyü)",
        "posta_kodu": "37902"
    },
    {
        "mahalle_id": "84_2",
        "mahalle_adi": "Tosyalı Mah (iğdir Köyü)",
        "posta_kodu": "37902"
    },
    {
        "mahalle_id": "15_2",
        "mahalle_adi": "Tulumoğlu Mah (ahmetbeşe Köyü)",
        "posta_kodu": "37902"
    },
    {
        "mahalle_id": "53_2",
        "mahalle_adi": "Tülüoğlu Mah (camili Köyü)",
        "posta_kodu": "37902"
    },
    {
        "mahalle_id": "82_2",
        "mahalle_adi": "Ulacık Mah (iğdir Köyü)",
        "posta_kodu": "37902"
    },
    {
        "mahalle_id": "67_2",
        "mahalle_adi": "Uvaz Mah (çaybükü Köyü)",
        "posta_kodu": "37902"
    },
    {
        "mahalle_id": "134_2",
        "mahalle_adi": "Uzun Ahmet Mah (kösreli Köyü)",
        "posta_kodu": "37902"
    },
    {
        "mahalle_id": "17_2",
        "mahalle_adi": "Verziyan Mah (ahmetbeşe Köyü)",
        "posta_kodu": "37902"
    },
    {
        "mahalle_id": "78_2",
        "mahalle_adi": "Yahya Mah (güney Köyü)",
        "posta_kodu": "37902"
    },
    {
        "mahalle_id": "63_2",
        "mahalle_adi": "Yayla Evleri Mah (çaybükü Köyü)",
        "posta_kodu": "37902"
    },
    {
        "mahalle_id": "111_2",
        "mahalle_adi": "Yayla Evleri Mah (karaman Köyü)",
        "posta_kodu": "37902"
    },
    {
        "mahalle_id": "28_2",
        "mahalle_adi": "Yayla Mah (belören Köyü)",
        "posta_kodu": "37902"
    },
    {
        "mahalle_id": "65_2",
        "mahalle_adi": "Yayla Mah (çaybükü Köyü)",
        "posta_kodu": "37902"
    },
    {
        "mahalle_id": "87_2",
        "mahalle_adi": "Yayla Mah (iğdir Köyü)",
        "posta_kodu": "37902"
    },
    {
        "mahalle_id": "94_2",
        "mahalle_adi": "Yayla Mah (imralı Köyü)",
        "posta_kodu": "37902"
    },
    {
        "mahalle_id": "164_2",
        "mahalle_adi": "Yayla Mah (uzunöz Köyü)",
        "posta_kodu": "37902"
    },
    {
        "mahalle_id": "13_2",
        "mahalle_adi": "Yeni Mah (afşarimam Köyü)",
        "posta_kodu": "37902"
    },
    {
        "mahalle_id": "163_2",
        "mahalle_adi": "Yongacı Mah (uzunöz Köyü)",
        "posta_kodu": "37902"
    },
    {
        "mahalle_id": "59_2",
        "mahalle_adi": "Yukarı Çatak Mah (çatak Köyü)",
        "posta_kodu": "37902"
    },
    {
        "mahalle_id": "2_2",
        "mahalle_adi": "Yukarı Güney Mah (afşargüney Köyü)",
        "posta_kodu": "37902"
    },
    {
        "mahalle_id": "31_2",
        "mahalle_adi": "Yukarı Kışla Mah (beşören Köyü)",
        "posta_kodu": "37902"
    },
    {
        "mahalle_id": "116_2",
        "mahalle_adi": "Yukarı Mah (kayadibi Köyü)",
        "posta_kodu": "37902"
    },
    {
        "mahalle_id": "22_2",
        "mahalle_adi": "Yusuf Mah (alacık Köyü)",
        "posta_kodu": "37902"
    },
    {
        "mahalle_id": "23_2",
        "mahalle_adi": "Zeybek Mah (alacık Köyü)",
        "posta_kodu": "37902"
    }
]