[
    {
        "mahalle_id": "259_2",
        "mahalle_adi": "Afatlar Mah (yazıköy Köyü)",
        "posta_kodu": "14902"
    },
    {
        "mahalle_id": "261_2",
        "mahalle_adi": "Afatlar Yayla Mah (yazıköy Köyü)",
        "posta_kodu": "14902"
    },
    {
        "mahalle_id": "156_2",
        "mahalle_adi": "Ağagil Mah (karacadağdemirciler Köyü)",
        "posta_kodu": "14902"
    },
    {
        "mahalle_id": "52_2",
        "mahalle_adi": "Akçagil Mah (çağış Köyü)",
        "posta_kodu": "14902"
    },
    {
        "mahalle_id": "208_2",
        "mahalle_adi": "Akkadim Mah (ortaca Köyü)",
        "posta_kodu": "14902"
    },
    {
        "mahalle_id": "19_2",
        "mahalle_adi": "Aktaş Mah (aktaşkurtlar Köyü)",
        "posta_kodu": "14902"
    },
    {
        "mahalle_id": "271_2",
        "mahalle_adi": "Apsarı Mah (yeşilvadi Köyü)",
        "posta_kodu": "14902"
    },
    {
        "mahalle_id": "40_2",
        "mahalle_adi": "Aşağı Mah (balcılar Köyü)",
        "posta_kodu": "14902"
    },
    {
        "mahalle_id": "49_2",
        "mahalle_adi": "Aşağı Mah (bünüş Köyü)",
        "posta_kodu": "14902"
    },
    {
        "mahalle_id": "203_2",
        "mahalle_adi": "Aşağı Mah (nuhören Köyü)",
        "posta_kodu": "14902"
    },
    {
        "mahalle_id": "114_2",
        "mahalle_adi": "Aşağı Yayla Mah (göynükören Köyü)",
        "posta_kodu": "14902"
    },
    {
        "mahalle_id": "275_2",
        "mahalle_adi": "Avcılar Mah (yukarıörenbaşı Köyü)",
        "posta_kodu": "14902"
    },
    {
        "mahalle_id": "157_2",
        "mahalle_adi": "Avlasızgil Mah (karacadağdemirciler Köyü)",
        "posta_kodu": "14902"
    },
    {
        "mahalle_id": "111_2",
        "mahalle_adi": "Ayvatlar Mah (göynükören Köyü)",
        "posta_kodu": "14902"
    },
    {
        "mahalle_id": "9_1",
        "mahalle_adi": "Bahçelievler Mah",
        "posta_kodu": "14900"
    },
    {
        "mahalle_id": "211_2",
        "mahalle_adi": "Baltacılar Mah (örencik Köyü)",
        "posta_kodu": "14902"
    },
    {
        "mahalle_id": "31_2",
        "mahalle_adi": "Battallar Mah (aydınlar Köyü)",
        "posta_kodu": "14902"
    },
    {
        "mahalle_id": "118_2",
        "mahalle_adi": "Bıçakcılar Mah (güneydemirciler Köyü)",
        "posta_kodu": "14902"
    },
    {
        "mahalle_id": "121_2",
        "mahalle_adi": "Bıçakcılar Yayla Mah (güneydemirciler Köyü)",
        "posta_kodu": "14902"
    },
    {
        "mahalle_id": "47_2",
        "mahalle_adi": "Birinciafşar Köyü",
        "posta_kodu": "14902"
    },
    {
        "mahalle_id": "20_2",
        "mahalle_adi": "Bozkuş Mah (aktaşkurtlar Köyü)",
        "posta_kodu": "14902"
    },
    {
        "mahalle_id": "80_2",
        "mahalle_adi": "Bozuklar Mah (davutbeyli Köyü)",
        "posta_kodu": "14902"
    },
    {
        "mahalle_id": "104_2",
        "mahalle_adi": "Burgucu Mah (eymir Köyü)",
        "posta_kodu": "14902"
    },
    {
        "mahalle_id": "51_2",
        "mahalle_adi": "Çağış Mah (çağış Köyü)",
        "posta_kodu": "14902"
    },
    {
        "mahalle_id": "54_2",
        "mahalle_adi": "Çağış Yaylası Mah (çağış Köyü)",
        "posta_kodu": "14902"
    },
    {
        "mahalle_id": "25_2",
        "mahalle_adi": "Çalca Mah (asmaca Köyü)",
        "posta_kodu": "14902"
    },
    {
        "mahalle_id": "197_2",
        "mahalle_adi": "Çengeller Mah (muratfakılar Köyü)",
        "posta_kodu": "14902"
    },
    {
        "mahalle_id": "199_2",
        "mahalle_adi": "Çengeller Yayla Mah (muratfakılar Köyü)",
        "posta_kodu": "14902"
    },
    {
        "mahalle_id": "112_2",
        "mahalle_adi": "Çobanlar Mah (göynükören Köyü)",
        "posta_kodu": "14902"
    },
    {
        "mahalle_id": "185_2",
        "mahalle_adi": "Çongallar Mah (macarlar Köyü)",
        "posta_kodu": "14902"
    },
    {
        "mahalle_id": "279_2",
        "mahalle_adi": "Çukur Mah (yunuslar Köyü)",
        "posta_kodu": "14902"
    },
    {
        "mahalle_id": "1_1",
        "mahalle_adi": "Dayıoğlu Mah",
        "posta_kodu": "14900"
    },
    {
        "mahalle_id": "180_2",
        "mahalle_adi": "Demirci Mah (külef Köyü)",
        "posta_kodu": "14902"
    },
    {
        "mahalle_id": "276_2",
        "mahalle_adi": "Demirci Mah (yukarıörenbaşı Köyü)",
        "posta_kodu": "14902"
    },
    {
        "mahalle_id": "115_2",
        "mahalle_adi": "Demirciler Mah (merkez Mah) (güneydemirciler Köyü)",
        "posta_kodu": "14902"
    },
    {
        "mahalle_id": "2_1",
        "mahalle_adi": "Demirciler Mah",
        "posta_kodu": "14900"
    },
    {
        "mahalle_id": "8_1",
        "mahalle_adi": "Demircilerosb Mah",
        "posta_kodu": "14900"
    },
    {
        "mahalle_id": "63_2",
        "mahalle_adi": "Dere Mah (merkez Mah) (çayörengüney Köyü)",
        "posta_kodu": "14902"
    },
    {
        "mahalle_id": "147_2",
        "mahalle_adi": "Dere Mah (kapaklı Köyü)",
        "posta_kodu": "14902"
    },
    {
        "mahalle_id": "159_2",
        "mahalle_adi": "Dere Mah (karacadağdemirciler Köyü)",
        "posta_kodu": "14902"
    },
    {
        "mahalle_id": "150_2",
        "mahalle_adi": "Dereköy Mah (karacadağ Köyü)",
        "posta_kodu": "14902"
    },
    {
        "mahalle_id": "165_2",
        "mahalle_adi": "Deveyatağı Yaylası Mah (karapazar Köyü)",
        "posta_kodu": "14902"
    },
    {
        "mahalle_id": "225_2",
        "mahalle_adi": "Deyişler Mah (sofular Köyü)",
        "posta_kodu": "14902"
    },
    {
        "mahalle_id": "226_2",
        "mahalle_adi": "Deyişler Yaylası Mah (sofular Köyü)",
        "posta_kodu": "14902"
    },
    {
        "mahalle_id": "10_2",
        "mahalle_adi": "Doğancılar Mah (akçabey Köyü)",
        "posta_kodu": "14902"
    },
    {
        "mahalle_id": "107_2",
        "mahalle_adi": "Dümenler Mah (geçitler Köyü)",
        "posta_kodu": "14902"
    },
    {
        "mahalle_id": "109_2",
        "mahalle_adi": "Dümenler Yayla Mah (geçitler Köyü)",
        "posta_kodu": "14902"
    },
    {
        "mahalle_id": "253_2",
        "mahalle_adi": "Dursunlar Mah (yakakaya Köyü)",
        "posta_kodu": "14902"
    },
    {
        "mahalle_id": "184_2",
        "mahalle_adi": "Ecinlioğlu Mah (macarlar Köyü)",
        "posta_kodu": "14902"
    },
    {
        "mahalle_id": "37_2",
        "mahalle_adi": "Ekmenler Mah (bahçedere Köyü)",
        "posta_kodu": "14902"
    },
    {
        "mahalle_id": "43_2",
        "mahalle_adi": "Eminağa Mah (beşkonak Köyü)",
        "posta_kodu": "14902"
    },
    {
        "mahalle_id": "230_2",
        "mahalle_adi": "Emirler Mah (sungurlar Köyü)",
        "posta_kodu": "14902"
    },
    {
        "mahalle_id": "252_2",
        "mahalle_adi": "Evrenler Mah (yakakaya Köyü)",
        "posta_kodu": "14902"
    },
    {
        "mahalle_id": "45_2",
        "mahalle_adi": "Fadıllar Mah (beşkonak Köyü)",
        "posta_kodu": "14902"
    },
    {
        "mahalle_id": "119_2",
        "mahalle_adi": "Gaziler Mah (güneydemirciler Köyü)",
        "posta_kodu": "14902"
    },
    {
        "mahalle_id": "120_2",
        "mahalle_adi": "Gaziler Yayla Mah (güneydemirciler Köyü)",
        "posta_kodu": "14902"
    },
    {
        "mahalle_id": "36_2",
        "mahalle_adi": "Gökçeler Mah (bahçedere Köyü)",
        "posta_kodu": "14902"
    },
    {
        "mahalle_id": "17_2",
        "mahalle_adi": "Gölcük Mah (aktaş Köyü)",
        "posta_kodu": "14902"
    },
    {
        "mahalle_id": "84_2",
        "mahalle_adi": "Gözümler Mah (demircisopran Köyü)",
        "posta_kodu": "14902"
    },
    {
        "mahalle_id": "64_2",
        "mahalle_adi": "Güney Mah (çayörengüney Köyü)",
        "posta_kodu": "14902"
    },
    {
        "mahalle_id": "116_2",
        "mahalle_adi": "Hacı İpekler Mah (güneydemirciler Köyü)",
        "posta_kodu": "14902"
    },
    {
        "mahalle_id": "83_2",
        "mahalle_adi": "Hacı Muslar Mah (demircisopran Köyü)",
        "posta_kodu": "14902"
    },
    {
        "mahalle_id": "96_2",
        "mahalle_adi": "Hatıplar Mah (enseliler Köyü)",
        "posta_kodu": "14902"
    },
    {
        "mahalle_id": "158_2",
        "mahalle_adi": "İmamlar Mah (karacadağdemirciler Köyü)",
        "posta_kodu": "14902"
    },
    {
        "mahalle_id": "38_2",
        "mahalle_adi": "İmanlar Mah (bahçedere Köyü)",
        "posta_kodu": "14902"
    },
    {
        "mahalle_id": "190_2",
        "mahalle_adi": "İmreşe Mah (mankallar Köyü)",
        "posta_kodu": "14902"
    },
    {
        "mahalle_id": "241_2",
        "mahalle_adi": "Işıklı Mah (ulaşlar Köyü)",
        "posta_kodu": "14902"
    },
    {
        "mahalle_id": "222_2",
        "mahalle_adi": "Ispahlar Mah (sipahiler Köyü)",
        "posta_kodu": "14902"
    },
    {
        "mahalle_id": "117_2",
        "mahalle_adi": "Kabaklar Mah (güneydemirciler Köyü)",
        "posta_kodu": "14902"
    },
    {
        "mahalle_id": "3_1",
        "mahalle_adi": "Kabiller Mah",
        "posta_kodu": "14900"
    },
    {
        "mahalle_id": "206_2",
        "mahalle_adi": "Kadimler Mah (ortaca Köyü)",
        "posta_kodu": "14902"
    },
    {
        "mahalle_id": "79_2",
        "mahalle_adi": "Kandak Mah (davutbeyli Köyü)",
        "posta_kodu": "14902"
    },
    {
        "mahalle_id": "53_2",
        "mahalle_adi": "Kapçı Evi Mah (çağış Köyü)",
        "posta_kodu": "14902"
    },
    {
        "mahalle_id": "100_2",
        "mahalle_adi": "Karakuz Mah (ertuğrulköy Köyü)",
        "posta_kodu": "14902"
    },
    {
        "mahalle_id": "44_2",
        "mahalle_adi": "Karşı Mah (beşkonak Köyü)",
        "posta_kodu": "14902"
    },
    {
        "mahalle_id": "68_2",
        "mahalle_adi": "Karşı Yayla Mah (çoğullu Köyü)",
        "posta_kodu": "14902"
    },
    {
        "mahalle_id": "12_2",
        "mahalle_adi": "Katırcıoğlu Mah (akçabey Köyü)",
        "posta_kodu": "14902"
    },
    {
        "mahalle_id": "151_2",
        "mahalle_adi": "Kayabaşı Mah (karacadağ Köyü)",
        "posta_kodu": "14902"
    },
    {
        "mahalle_id": "173_2",
        "mahalle_adi": "Kıncallar Mah (koçumlar Köyü)",
        "posta_kodu": "14902"
    },
    {
        "mahalle_id": "176_2",
        "mahalle_adi": "Kıncallar Yaylası Mah (koçumlar Köyü)",
        "posta_kodu": "14902"
    },
    {
        "mahalle_id": "277_2",
        "mahalle_adi": "Kırbızlar Mah (yukarıörenbaşı Köyü)",
        "posta_kodu": "14902"
    },
    {
        "mahalle_id": "4_1",
        "mahalle_adi": "Kitirler Mah",
        "posta_kodu": "14900"
    },
    {
        "mahalle_id": "236_2",
        "mahalle_adi": "Koçlar Mah (tatlar Köyü)",
        "posta_kodu": "14902"
    },
    {
        "mahalle_id": "238_2",
        "mahalle_adi": "Koçlar Yaylası Mah (tatlar Köyü)",
        "posta_kodu": "14902"
    },
    {
        "mahalle_id": "11_2",
        "mahalle_adi": "Köseler Mah (akçabey Köyü)",
        "posta_kodu": "14902"
    },
    {
        "mahalle_id": "33_2",
        "mahalle_adi": "Köy Yaylası Mah (bahçedere Köyü)",
        "posta_kodu": "14902"
    },
    {
        "mahalle_id": "163_2",
        "mahalle_adi": "Küllü Yayla Mah (karapazar Köyü)",
        "posta_kodu": "14902"
    },
    {
        "mahalle_id": "247_2",
        "mahalle_adi": "Kurtça Mah (yağdaş Köyü)",
        "posta_kodu": "14902"
    },
    {
        "mahalle_id": "18_2",
        "mahalle_adi": "Kurtlar Mah (aktaşkurtlar Köyü)",
        "posta_kodu": "14902"
    },
    {
        "mahalle_id": "283_2",
        "mahalle_adi": "Kurtlar Mah (zeyneller Köyü)",
        "posta_kodu": "14902"
    },
    {
        "mahalle_id": "186_2",
        "mahalle_adi": "Macarlar Mah (macarlar Köyü)",
        "posta_kodu": "14902"
    },
    {
        "mahalle_id": "70_2",
        "mahalle_adi": "Mandıra Mah (çukurca Köyü)",
        "posta_kodu": "14902"
    },
    {
        "mahalle_id": "217_2",
        "mahalle_adi": "Mandıralar Mah (samat Köyü)",
        "posta_kodu": "14902"
    },
    {
        "mahalle_id": "113_2",
        "mahalle_adi": "Markuşa Yaylası Mah (göynükören Köyü)",
        "posta_kodu": "14902"
    },
    {
        "mahalle_id": "130_2",
        "mahalle_adi": "Mehmet Beylik Mah (havullu Köyü)",
        "posta_kodu": "14902"
    },
    {
        "mahalle_id": "133_2",
        "mahalle_adi": "Mehmet Beylik Yaylası Mah (havullu Köyü)",
        "posta_kodu": "14902"
    },
    {
        "mahalle_id": "1_2",
        "mahalle_adi": "Merkez Mah (afşartarakçı Köyü)",
        "posta_kodu": "14902"
    },
    {
        "mahalle_id": "3_2",
        "mahalle_adi": "Merkez Mah (ağızörengüney Köyü)",
        "posta_kodu": "14902"
    },
    {
        "mahalle_id": "5_2",
        "mahalle_adi": "Merkez Mah (ahmetler Köyü)",
        "posta_kodu": "14902"
    },
    {
        "mahalle_id": "7_2",
        "mahalle_adi": "Merkez Mah (akbaş Köyü)",
        "posta_kodu": "14902"
    },
    {
        "mahalle_id": "9_2",
        "mahalle_adi": "Merkez Mah (akçabey Köyü)",
        "posta_kodu": "14902"
    },
    {
        "mahalle_id": "14_2",
        "mahalle_adi": "Merkez Mah (akçaşehir Köyü)",
        "posta_kodu": "14902"
    },
    {
        "mahalle_id": "16_2",
        "mahalle_adi": "Merkez Mah (aktaş Köyü)",
        "posta_kodu": "14902"
    },
    {
        "mahalle_id": "28_2",
        "mahalle_adi": "Merkez Mah (aşağıörenbaşı Köyü)",
        "posta_kodu": "14902"
    },
    {
        "mahalle_id": "26_2",
        "mahalle_adi": "Merkez Mah (aşağıovacık Köyü)",
        "posta_kodu": "14902"
    },
    {
        "mahalle_id": "22_2",
        "mahalle_adi": "Merkez Mah (asmaca Köyü)",
        "posta_kodu": "14902"
    },
    {
        "mahalle_id": "30_2",
        "mahalle_adi": "Merkez Mah (aydınlar Köyü)",
        "posta_kodu": "14902"
    },
    {
        "mahalle_id": "34_2",
        "mahalle_adi": "Merkez Mah (bahçedere Köyü)",
        "posta_kodu": "14902"
    },
    {
        "mahalle_id": "39_2",
        "mahalle_adi": "Merkez Mah (balcılar Köyü)",
        "posta_kodu": "14902"
    },
    {
        "mahalle_id": "48_2",
        "mahalle_adi": "Merkez Mah (bünüş Köyü)",
        "posta_kodu": "14902"
    },
    {
        "mahalle_id": "58_2",
        "mahalle_adi": "Merkez Mah (çalaman Köyü)",
        "posta_kodu": "14902"
    },
    {
        "mahalle_id": "59_2",
        "mahalle_adi": "Merkez Mah (çalışlar Köyü)",
        "posta_kodu": "14902"
    },
    {
        "mahalle_id": "61_2",
        "mahalle_adi": "Merkez Mah (çayören Köyü)",
        "posta_kodu": "14902"
    },
    {
        "mahalle_id": "66_2",
        "mahalle_adi": "Merkez Mah (çoğullu Köyü)",
        "posta_kodu": "14902"
    },
    {
        "mahalle_id": "69_2",
        "mahalle_adi": "Merkez Mah (çukurca Köyü)",
        "posta_kodu": "14902"
    },
    {
        "mahalle_id": "72_2",
        "mahalle_adi": "Merkez Mah (dağkara Köyü)",
        "posta_kodu": "14902"
    },
    {
        "mahalle_id": "76_2",
        "mahalle_adi": "Merkez Mah (danişmentler Köyü)",
        "posta_kodu": "14902"
    },
    {
        "mahalle_id": "78_2",
        "mahalle_adi": "Merkez Mah (davutbeyli Köyü)",
        "posta_kodu": "14902"
    },
    {
        "mahalle_id": "82_2",
        "mahalle_adi": "Merkez Mah (demircisopran Köyü)",
        "posta_kodu": "14902"
    },
    {
        "mahalle_id": "87_2",
        "mahalle_adi": "Merkez Mah (demirler Köyü)",
        "posta_kodu": "14902"
    },
    {
        "mahalle_id": "89_2",
        "mahalle_adi": "Merkez Mah (dikmen Köyü)",
        "posta_kodu": "14902"
    },
    {
        "mahalle_id": "91_2",
        "mahalle_adi": "Merkez Mah (dursunfakı Köyü)",
        "posta_kodu": "14902"
    },
    {
        "mahalle_id": "93_2",
        "mahalle_adi": "Merkez Mah (elören Köyü)",
        "posta_kodu": "14902"
    },
    {
        "mahalle_id": "95_2",
        "mahalle_adi": "Merkez Mah (enseliler Köyü)",
        "posta_kodu": "14902"
    },
    {
        "mahalle_id": "99_2",
        "mahalle_adi": "Merkez Mah (ertuğrulköy Köyü)",
        "posta_kodu": "14902"
    },
    {
        "mahalle_id": "103_2",
        "mahalle_adi": "Merkez Mah (eymir Köyü)",
        "posta_kodu": "14902"
    },
    {
        "mahalle_id": "106_2",
        "mahalle_adi": "Merkez Mah (geçitler Köyü)",
        "posta_kodu": "14902"
    },
    {
        "mahalle_id": "110_2",
        "mahalle_adi": "Merkez Mah (göynükören Köyü)",
        "posta_kodu": "14902"
    },
    {
        "mahalle_id": "122_2",
        "mahalle_adi": "Merkez Mah (hacılar Köyü)",
        "posta_kodu": "14902"
    },
    {
        "mahalle_id": "124_2",
        "mahalle_adi": "Merkez Mah (halaçlar Köyü)",
        "posta_kodu": "14902"
    },
    {
        "mahalle_id": "128_2",
        "mahalle_adi": "Merkez Mah (hasanlar Köyü)",
        "posta_kodu": "14902"
    },
    {
        "mahalle_id": "131_2",
        "mahalle_adi": "Merkez Mah (havullu Köyü)",
        "posta_kodu": "14902"
    },
    {
        "mahalle_id": "137_2",
        "mahalle_adi": "Merkez Mah (ıbrıcak Köyü)",
        "posta_kodu": "14902"
    },
    {
        "mahalle_id": "138_2",
        "mahalle_adi": "Merkez Mah (ikinciafşar Köyü)",
        "posta_kodu": "14902"
    },
    {
        "mahalle_id": "140_2",
        "mahalle_adi": "Merkez Mah (imamlar Köyü)",
        "posta_kodu": "14902"
    },
    {
        "mahalle_id": "142_2",
        "mahalle_adi": "Merkez Mah (inköy Köyü)",
        "posta_kodu": "14902"
    },
    {
        "mahalle_id": "144_2",
        "mahalle_adi": "Merkez Mah (kalaç Köyü)",
        "posta_kodu": "14902"
    },
    {
        "mahalle_id": "146_2",
        "mahalle_adi": "Merkez Mah (kapaklı Köyü)",
        "posta_kodu": "14902"
    },
    {
        "mahalle_id": "149_2",
        "mahalle_adi": "Merkez Mah (karacadağ Köyü)",
        "posta_kodu": "14902"
    },
    {
        "mahalle_id": "154_2",
        "mahalle_adi": "Merkez Mah (karacadağdemirciler Köyü)",
        "posta_kodu": "14902"
    },
    {
        "mahalle_id": "162_2",
        "mahalle_adi": "Merkez Mah (karapazar Köyü)",
        "posta_kodu": "14902"
    },
    {
        "mahalle_id": "166_2",
        "mahalle_adi": "Merkez Mah (kavacık Köyü)",
        "posta_kodu": "14902"
    },
    {
        "mahalle_id": "167_2",
        "mahalle_adi": "Merkez Mah (kayıkiraz Köyü)",
        "posta_kodu": "14902"
    },
    {
        "mahalle_id": "169_2",
        "mahalle_adi": "Merkez Mah (kayısopran Köyü)",
        "posta_kodu": "14902"
    },
    {
        "mahalle_id": "171_2",
        "mahalle_adi": "Merkez Mah (kazanlar Köyü)",
        "posta_kodu": "14902"
    },
    {
        "mahalle_id": "174_2",
        "mahalle_adi": "Merkez Mah (koçumlar Köyü)",
        "posta_kodu": "14902"
    },
    {
        "mahalle_id": "177_2",
        "mahalle_adi": "Merkez Mah (kösreli Köyü)",
        "posta_kodu": "14902"
    },
    {
        "mahalle_id": "182_2",
        "mahalle_adi": "Merkez Mah (kürkçüler Köyü)",
        "posta_kodu": "14902"
    },
    {
        "mahalle_id": "187_2",
        "mahalle_adi": "Merkez Mah (macarlar Köyü)",
        "posta_kodu": "14902"
    },
    {
        "mahalle_id": "189_2",
        "mahalle_adi": "Merkez Mah (mankallar Köyü)",
        "posta_kodu": "14902"
    },
    {
        "mahalle_id": "192_2",
        "mahalle_adi": "Merkez Mah (mircekiraz Köyü)",
        "posta_kodu": "14902"
    },
    {
        "mahalle_id": "194_2",
        "mahalle_adi": "Merkez Mah (mukamlar Köyü)",
        "posta_kodu": "14902"
    },
    {
        "mahalle_id": "196_2",
        "mahalle_adi": "Merkez Mah (muratfakılar Köyü)",
        "posta_kodu": "14902"
    },
    {
        "mahalle_id": "200_2",
        "mahalle_adi": "Merkez Mah (mürdükler Köyü)",
        "posta_kodu": "14902"
    },
    {
        "mahalle_id": "202_2",
        "mahalle_adi": "Merkez Mah (nuhören Köyü)",
        "posta_kodu": "14902"
    },
    {
        "mahalle_id": "210_2",
        "mahalle_adi": "Merkez Mah (örencik Köyü)",
        "posta_kodu": "14902"
    },
    {
        "mahalle_id": "213_2",
        "mahalle_adi": "Merkez Mah (salur Köyü)",
        "posta_kodu": "14902"
    },
    {
        "mahalle_id": "215_2",
        "mahalle_adi": "Merkez Mah (samat Köyü)",
        "posta_kodu": "14902"
    },
    {
        "mahalle_id": "218_2",
        "mahalle_adi": "Merkez Mah (sapanlıurgancılar Köyü)",
        "posta_kodu": "14902"
    },
    {
        "mahalle_id": "220_2",
        "mahalle_adi": "Merkez Mah (sarıoğlu Köyü)",
        "posta_kodu": "14902"
    },
    {
        "mahalle_id": "221_2",
        "mahalle_adi": "Merkez Mah (sipahiler Köyü)",
        "posta_kodu": "14902"
    },
    {
        "mahalle_id": "224_2",
        "mahalle_adi": "Merkez Mah (sofular Köyü)",
        "posta_kodu": "14902"
    },
    {
        "mahalle_id": "228_2",
        "mahalle_adi": "Merkez Mah (sungurlar Köyü)",
        "posta_kodu": "14902"
    },
    {
        "mahalle_id": "235_2",
        "mahalle_adi": "Merkez Mah (tatlar Köyü)",
        "posta_kodu": "14902"
    },
    {
        "mahalle_id": "239_2",
        "mahalle_adi": "Merkez Mah (ulaşlar Köyü)",
        "posta_kodu": "14902"
    },
    {
        "mahalle_id": "244_2",
        "mahalle_adi": "Merkez Mah (ümitköy Köyü)",
        "posta_kodu": "14902"
    },
    {
        "mahalle_id": "246_2",
        "mahalle_adi": "Merkez Mah (yağdaş Köyü)",
        "posta_kodu": "14902"
    },
    {
        "mahalle_id": "249_2",
        "mahalle_adi": "Merkez Mah (yakaboy Köyü)",
        "posta_kodu": "14902"
    },
    {
        "mahalle_id": "256_2",
        "mahalle_adi": "Merkez Mah (yazıkara Köyü)",
        "posta_kodu": "14902"
    },
    {
        "mahalle_id": "257_2",
        "mahalle_adi": "Merkez Mah (yazıköy Köyü)",
        "posta_kodu": "14902"
    },
    {
        "mahalle_id": "263_2",
        "mahalle_adi": "Merkez Mah (yelkenler Köyü)",
        "posta_kodu": "14902"
    },
    {
        "mahalle_id": "266_2",
        "mahalle_adi": "Merkez Mah (yenecik Köyü)",
        "posta_kodu": "14902"
    },
    {
        "mahalle_id": "268_2",
        "mahalle_adi": "Merkez Mah (yeniyapar Köyü)",
        "posta_kodu": "14902"
    },
    {
        "mahalle_id": "270_2",
        "mahalle_adi": "Merkez Mah (yeşilvadi Köyü)",
        "posta_kodu": "14902"
    },
    {
        "mahalle_id": "274_2",
        "mahalle_adi": "Merkez Mah (yukarıörenbaşı Köyü)",
        "posta_kodu": "14902"
    },
    {
        "mahalle_id": "272_2",
        "mahalle_adi": "Merkez Mah (yukarıovacık Köyü)",
        "posta_kodu": "14902"
    },
    {
        "mahalle_id": "278_2",
        "mahalle_adi": "Merkez Mah (yunuslar Köyü)",
        "posta_kodu": "14902"
    },
    {
        "mahalle_id": "281_2",
        "mahalle_adi": "Merkez Mah (zeyneller Köyü)",
        "posta_kodu": "14902"
    },
    {
        "mahalle_id": "56_2",
        "mahalle_adi": "Merkez Yayla Mah (çalaman Köyü)",
        "posta_kodu": "14902"
    },
    {
        "mahalle_id": "74_2",
        "mahalle_adi": "Merkez Yayla Mah (dağkara Köyü)",
        "posta_kodu": "14902"
    },
    {
        "mahalle_id": "108_2",
        "mahalle_adi": "Merkez Yayla Mah (geçitler Köyü)",
        "posta_kodu": "14902"
    },
    {
        "mahalle_id": "161_2",
        "mahalle_adi": "Merkez Yayla Mah (karacadağdemirciler Köyü)",
        "posta_kodu": "14902"
    },
    {
        "mahalle_id": "178_2",
        "mahalle_adi": "Merkez Yayla Mah (kösreli Köyü)",
        "posta_kodu": "14902"
    },
    {
        "mahalle_id": "198_2",
        "mahalle_adi": "Merkez Yayla Mah (muratfakılar Köyü)",
        "posta_kodu": "14902"
    },
    {
        "mahalle_id": "209_2",
        "mahalle_adi": "Merkez Yayla Mah (ortaca Köyü)",
        "posta_kodu": "14902"
    },
    {
        "mahalle_id": "219_2",
        "mahalle_adi": "Merkez Yayla Mah (sapanlıurgancılar Köyü)",
        "posta_kodu": "14902"
    },
    {
        "mahalle_id": "237_2",
        "mahalle_adi": "Merkez Yayla Mah (tatlar Köyü)",
        "posta_kodu": "14902"
    },
    {
        "mahalle_id": "242_2",
        "mahalle_adi": "Merkez Yayla Mah (ulaşlar Köyü)",
        "posta_kodu": "14902"
    },
    {
        "mahalle_id": "260_2",
        "mahalle_adi": "Merkez Yayla Mah (yazıköy Köyü)",
        "posta_kodu": "14902"
    },
    {
        "mahalle_id": "280_2",
        "mahalle_adi": "Merkez Yayla Mah (yunuslar Köyü)",
        "posta_kodu": "14902"
    },
    {
        "mahalle_id": "129_2",
        "mahalle_adi": "Merkez Yaylası Mah (hasanlar Köyü)",
        "posta_kodu": "14902"
    },
    {
        "mahalle_id": "132_2",
        "mahalle_adi": "Merkez Yaylası Mah (havullu Köyü)",
        "posta_kodu": "14902"
    },
    {
        "mahalle_id": "145_2",
        "mahalle_adi": "Merkez Yaylası Mah (kalaç Köyü)",
        "posta_kodu": "14902"
    },
    {
        "mahalle_id": "175_2",
        "mahalle_adi": "Merkez Yaylası Mah (koçumlar Köyü)",
        "posta_kodu": "14902"
    },
    {
        "mahalle_id": "273_2",
        "mahalle_adi": "Merkez Yaylası Mah (yukarıovacık Köyü)",
        "posta_kodu": "14902"
    },
    {
        "mahalle_id": "5_1",
        "mahalle_adi": "Orta Mah",
        "posta_kodu": "14900"
    },
    {
        "mahalle_id": "23_2",
        "mahalle_adi": "Orta Mah (asmaca Köyü)",
        "posta_kodu": "14902"
    },
    {
        "mahalle_id": "135_2",
        "mahalle_adi": "Orta Mah (ıbrıcak Köyü)",
        "posta_kodu": "14902"
    },
    {
        "mahalle_id": "126_2",
        "mahalle_adi": "Sağlık Mah (halaçlar Köyü)",
        "posta_kodu": "14902"
    },
    {
        "mahalle_id": "67_2",
        "mahalle_adi": "Şahallar Mah (çoğullu Köyü)",
        "posta_kodu": "14902"
    },
    {
        "mahalle_id": "6_1",
        "mahalle_adi": "Seviller Mah",
        "posta_kodu": "14900"
    },
    {
        "mahalle_id": "179_2",
        "mahalle_adi": "Seyfe Mah (külef Köyü)",
        "posta_kodu": "14902"
    },
    {
        "mahalle_id": "240_2",
        "mahalle_adi": "Seyitler Mah (ulaşlar Köyü)",
        "posta_kodu": "14902"
    },
    {
        "mahalle_id": "243_2",
        "mahalle_adi": "Seyitler Yaylası Mah (ulaşlar Köyü)",
        "posta_kodu": "14902"
    },
    {
        "mahalle_id": "207_2",
        "mahalle_adi": "Sinanlar Mah (ortaca Köyü)",
        "posta_kodu": "14902"
    },
    {
        "mahalle_id": "136_2",
        "mahalle_adi": "Siyamlar Mah (ıbrıcak Köyü)",
        "posta_kodu": "14902"
    },
    {
        "mahalle_id": "227_2",
        "mahalle_adi": "Sofular Yaylası Mah (sofular Köyü)",
        "posta_kodu": "14902"
    },
    {
        "mahalle_id": "155_2",
        "mahalle_adi": "Sömerciler Mah (karacadağdemirciler Köyü)",
        "posta_kodu": "14902"
    },
    {
        "mahalle_id": "160_2",
        "mahalle_adi": "Sömerciler Yayla Mah (karacadağdemirciler Köyü)",
        "posta_kodu": "14902"
    },
    {
        "mahalle_id": "85_2",
        "mahalle_adi": "Şükürler Mah (demircisopran Köyü)",
        "posta_kodu": "14902"
    },
    {
        "mahalle_id": "232_2",
        "mahalle_adi": "Süller Mah (süllertoklar Köyü)",
        "posta_kodu": "14902"
    },
    {
        "mahalle_id": "234_2",
        "mahalle_adi": "Süller Yaylası Mah (süllertoklar Köyü)",
        "posta_kodu": "14902"
    },
    {
        "mahalle_id": "42_2",
        "mahalle_adi": "Tataroğlu Mah (beşkonak Köyü)",
        "posta_kodu": "14902"
    },
    {
        "mahalle_id": "164_2",
        "mahalle_adi": "Teççebel Yaylası Mah (karapazar Köyü)",
        "posta_kodu": "14902"
    },
    {
        "mahalle_id": "101_2",
        "mahalle_adi": "Tekfur Mah (ertuğrulköy Köyü)",
        "posta_kodu": "14902"
    },
    {
        "mahalle_id": "254_2",
        "mahalle_adi": "Tepe Mah (yakakaya Köyü)",
        "posta_kodu": "14902"
    },
    {
        "mahalle_id": "231_2",
        "mahalle_adi": "Toklar Mah (süllertoklar Köyü)",
        "posta_kodu": "14902"
    },
    {
        "mahalle_id": "233_2",
        "mahalle_adi": "Toklar Yaylası Mah (süllertoklar Köyü)",
        "posta_kodu": "14902"
    },
    {
        "mahalle_id": "152_2",
        "mahalle_adi": "Tozaklar Mah (karacadağ Köyü)",
        "posta_kodu": "14902"
    },
    {
        "mahalle_id": "258_2",
        "mahalle_adi": "Üçpınar Mah (yazıköy Köyü)",
        "posta_kodu": "14902"
    },
    {
        "mahalle_id": "262_2",
        "mahalle_adi": "Üçpınar Yayla Mah (yazıköy Köyü)",
        "posta_kodu": "14902"
    },
    {
        "mahalle_id": "55_2",
        "mahalle_adi": "Yaman Mah (çalaman Köyü)",
        "posta_kodu": "14902"
    },
    {
        "mahalle_id": "57_2",
        "mahalle_adi": "Yaman Yaylası Mah (çalaman Köyü)",
        "posta_kodu": "14902"
    },
    {
        "mahalle_id": "264_2",
        "mahalle_adi": "Yanıklar Mah (yelkenler Köyü)",
        "posta_kodu": "14902"
    },
    {
        "mahalle_id": "73_2",
        "mahalle_adi": "Yanşaba Mah (dağkara Köyü)",
        "posta_kodu": "14902"
    },
    {
        "mahalle_id": "75_2",
        "mahalle_adi": "Yanşaba Yaylası Mah (dağkara Köyü)",
        "posta_kodu": "14902"
    },
    {
        "mahalle_id": "2_2",
        "mahalle_adi": "Yayla Mah (afşartarakçı Köyü)",
        "posta_kodu": "14902"
    },
    {
        "mahalle_id": "4_2",
        "mahalle_adi": "Yayla Mah (ağızörengüney Köyü)",
        "posta_kodu": "14902"
    },
    {
        "mahalle_id": "6_2",
        "mahalle_adi": "Yayla Mah (ahmetler Köyü)",
        "posta_kodu": "14902"
    },
    {
        "mahalle_id": "8_2",
        "mahalle_adi": "Yayla Mah (akbaş Köyü)",
        "posta_kodu": "14902"
    },
    {
        "mahalle_id": "13_2",
        "mahalle_adi": "Yayla Mah (akçabey Köyü)",
        "posta_kodu": "14902"
    },
    {
        "mahalle_id": "15_2",
        "mahalle_adi": "Yayla Mah (akçaşehir Köyü)",
        "posta_kodu": "14902"
    },
    {
        "mahalle_id": "21_2",
        "mahalle_adi": "Yayla Mah (aktaşkurtlar Köyü)",
        "posta_kodu": "14902"
    },
    {
        "mahalle_id": "29_2",
        "mahalle_adi": "Yayla Mah (aşağıörenbaşı Köyü)",
        "posta_kodu": "14902"
    },
    {
        "mahalle_id": "27_2",
        "mahalle_adi": "Yayla Mah (aşağıovacık Köyü)",
        "posta_kodu": "14902"
    },
    {
        "mahalle_id": "24_2",
        "mahalle_adi": "Yayla Mah (asmaca Köyü)",
        "posta_kodu": "14902"
    },
    {
        "mahalle_id": "32_2",
        "mahalle_adi": "Yayla Mah (aydınlar Köyü)",
        "posta_kodu": "14902"
    },
    {
        "mahalle_id": "35_2",
        "mahalle_adi": "Yayla Mah (bahçedere Köyü)",
        "posta_kodu": "14902"
    },
    {
        "mahalle_id": "41_2",
        "mahalle_adi": "Yayla Mah (balcılar Köyü)",
        "posta_kodu": "14902"
    },
    {
        "mahalle_id": "46_2",
        "mahalle_adi": "Yayla Mah (beşkonak Köyü)",
        "posta_kodu": "14902"
    },
    {
        "mahalle_id": "50_2",
        "mahalle_adi": "Yayla Mah (bünüş Köyü)",
        "posta_kodu": "14902"
    },
    {
        "mahalle_id": "60_2",
        "mahalle_adi": "Yayla Mah (çalışlar Köyü)",
        "posta_kodu": "14902"
    },
    {
        "mahalle_id": "62_2",
        "mahalle_adi": "Yayla Mah (çayören Köyü)",
        "posta_kodu": "14902"
    },
    {
        "mahalle_id": "65_2",
        "mahalle_adi": "Yayla Mah (çayörengüney Köyü)",
        "posta_kodu": "14902"
    },
    {
        "mahalle_id": "71_2",
        "mahalle_adi": "Yayla Mah (çukurca Köyü)",
        "posta_kodu": "14902"
    },
    {
        "mahalle_id": "77_2",
        "mahalle_adi": "Yayla Mah (danişmentler Köyü)",
        "posta_kodu": "14902"
    },
    {
        "mahalle_id": "81_2",
        "mahalle_adi": "Yayla Mah (davutbeyli Köyü)",
        "posta_kodu": "14902"
    },
    {
        "mahalle_id": "86_2",
        "mahalle_adi": "Yayla Mah (demircisopran Köyü)",
        "posta_kodu": "14902"
    },
    {
        "mahalle_id": "88_2",
        "mahalle_adi": "Yayla Mah (demirler Köyü)",
        "posta_kodu": "14902"
    },
    {
        "mahalle_id": "90_2",
        "mahalle_adi": "Yayla Mah (dikmen Köyü)",
        "posta_kodu": "14902"
    },
    {
        "mahalle_id": "92_2",
        "mahalle_adi": "Yayla Mah (dursunfakı Köyü)",
        "posta_kodu": "14902"
    },
    {
        "mahalle_id": "94_2",
        "mahalle_adi": "Yayla Mah (elören Köyü)",
        "posta_kodu": "14902"
    },
    {
        "mahalle_id": "98_2",
        "mahalle_adi": "Yayla Mah (enseliler Köyü)",
        "posta_kodu": "14902"
    },
    {
        "mahalle_id": "102_2",
        "mahalle_adi": "Yayla Mah (ertuğrulköy Köyü)",
        "posta_kodu": "14902"
    },
    {
        "mahalle_id": "105_2",
        "mahalle_adi": "Yayla Mah (eymir Köyü)",
        "posta_kodu": "14902"
    },
    {
        "mahalle_id": "123_2",
        "mahalle_adi": "Yayla Mah (hacılar Köyü)",
        "posta_kodu": "14902"
    },
    {
        "mahalle_id": "127_2",
        "mahalle_adi": "Yayla Mah (halaçlar Köyü)",
        "posta_kodu": "14902"
    },
    {
        "mahalle_id": "139_2",
        "mahalle_adi": "Yayla Mah (ikinciafşar Köyü)",
        "posta_kodu": "14902"
    },
    {
        "mahalle_id": "141_2",
        "mahalle_adi": "Yayla Mah (imamlar Köyü)",
        "posta_kodu": "14902"
    },
    {
        "mahalle_id": "143_2",
        "mahalle_adi": "Yayla Mah (inköy Köyü)",
        "posta_kodu": "14902"
    },
    {
        "mahalle_id": "148_2",
        "mahalle_adi": "Yayla Mah (kapaklı Köyü)",
        "posta_kodu": "14902"
    },
    {
        "mahalle_id": "153_2",
        "mahalle_adi": "Yayla Mah (karacadağ Köyü)",
        "posta_kodu": "14902"
    },
    {
        "mahalle_id": "168_2",
        "mahalle_adi": "Yayla Mah (kayıkiraz Köyü)",
        "posta_kodu": "14902"
    },
    {
        "mahalle_id": "170_2",
        "mahalle_adi": "Yayla Mah (kayısopran Köyü)",
        "posta_kodu": "14902"
    },
    {
        "mahalle_id": "172_2",
        "mahalle_adi": "Yayla Mah (kazanlar Köyü)",
        "posta_kodu": "14902"
    },
    {
        "mahalle_id": "181_2",
        "mahalle_adi": "Yayla Mah (külef Köyü)",
        "posta_kodu": "14902"
    },
    {
        "mahalle_id": "183_2",
        "mahalle_adi": "Yayla Mah (kürkçüler Köyü)",
        "posta_kodu": "14902"
    },
    {
        "mahalle_id": "188_2",
        "mahalle_adi": "Yayla Mah (macarlar Köyü)",
        "posta_kodu": "14902"
    },
    {
        "mahalle_id": "191_2",
        "mahalle_adi": "Yayla Mah (mankallar Köyü)",
        "posta_kodu": "14902"
    },
    {
        "mahalle_id": "193_2",
        "mahalle_adi": "Yayla Mah (mircekiraz Köyü)",
        "posta_kodu": "14902"
    },
    {
        "mahalle_id": "195_2",
        "mahalle_adi": "Yayla Mah (mukamlar Köyü)",
        "posta_kodu": "14902"
    },
    {
        "mahalle_id": "201_2",
        "mahalle_adi": "Yayla Mah (mürdükler Köyü)",
        "posta_kodu": "14902"
    },
    {
        "mahalle_id": "204_2",
        "mahalle_adi": "Yayla Mah (nuhören Köyü)",
        "posta_kodu": "14902"
    },
    {
        "mahalle_id": "212_2",
        "mahalle_adi": "Yayla Mah (örencik Köyü)",
        "posta_kodu": "14902"
    },
    {
        "mahalle_id": "214_2",
        "mahalle_adi": "Yayla Mah (salur Köyü)",
        "posta_kodu": "14902"
    },
    {
        "mahalle_id": "216_2",
        "mahalle_adi": "Yayla Mah (samat Köyü)",
        "posta_kodu": "14902"
    },
    {
        "mahalle_id": "223_2",
        "mahalle_adi": "Yayla Mah (sipahiler Köyü)",
        "posta_kodu": "14902"
    },
    {
        "mahalle_id": "229_2",
        "mahalle_adi": "Yayla Mah (sungurlar Köyü)",
        "posta_kodu": "14902"
    },
    {
        "mahalle_id": "245_2",
        "mahalle_adi": "Yayla Mah (ümitköy Köyü)",
        "posta_kodu": "14902"
    },
    {
        "mahalle_id": "248_2",
        "mahalle_adi": "Yayla Mah (yağdaş Köyü)",
        "posta_kodu": "14902"
    },
    {
        "mahalle_id": "250_2",
        "mahalle_adi": "Yayla Mah (yakaboy Köyü)",
        "posta_kodu": "14902"
    },
    {
        "mahalle_id": "255_2",
        "mahalle_adi": "Yayla Mah (yakakaya Köyü)",
        "posta_kodu": "14902"
    },
    {
        "mahalle_id": "265_2",
        "mahalle_adi": "Yayla Mah (yelkenler Köyü)",
        "posta_kodu": "14902"
    },
    {
        "mahalle_id": "267_2",
        "mahalle_adi": "Yayla Mah (yenecik Köyü)",
        "posta_kodu": "14902"
    },
    {
        "mahalle_id": "269_2",
        "mahalle_adi": "Yayla Mah (yeniyapar Köyü)",
        "posta_kodu": "14902"
    },
    {
        "mahalle_id": "282_2",
        "mahalle_adi": "Yayla Mah (zeyneller Köyü)",
        "posta_kodu": "14902"
    },
    {
        "mahalle_id": "7_1",
        "mahalle_adi": "Yeni Mah",
        "posta_kodu": "14900"
    },
    {
        "mahalle_id": "134_2",
        "mahalle_adi": "Yeni Mah (ıbrıcak Köyü)",
        "posta_kodu": "14902"
    },
    {
        "mahalle_id": "125_2",
        "mahalle_adi": "Yukarı Mah (halaçlar Köyü)",
        "posta_kodu": "14902"
    },
    {
        "mahalle_id": "205_2",
        "mahalle_adi": "Yukarı Mah (ortaca Köyü)",
        "posta_kodu": "14902"
    },
    {
        "mahalle_id": "251_2",
        "mahalle_adi": "Yunuslar Mah (yakakaya Köyü)",
        "posta_kodu": "14902"
    },
    {
        "mahalle_id": "97_2",
        "mahalle_adi": "Zadatlar Mah (enseliler Köyü)",
        "posta_kodu": "14902"
    }
]