[
    {
        "mahalle_id": "113_4",
        "mahalle_adi": "Abdullahoğlu Mah (köyyeri Köyü)",
        "posta_kodu": "74400"
    },
    {
        "mahalle_id": "115_4",
        "mahalle_adi": "Abdullahoğlu Mah (mamak Köyü)",
        "posta_kodu": "74400"
    },
    {
        "mahalle_id": "16_4",
        "mahalle_adi": "Ağbaşı Mah (akbaş Köyü)",
        "posta_kodu": "74400"
    },
    {
        "mahalle_id": "12_1",
        "mahalle_adi": "Ağdacı Mah",
        "posta_kodu": "74100"
    },
    {
        "mahalle_id": "45_3",
        "mahalle_adi": "Ahatlar Mah (bayıryüzü Köyü)",
        "posta_kodu": "74110"
    },
    {
        "mahalle_id": "314_3",
        "mahalle_adi": "Ahatlı Mah (ulugeçitkadı Köyü)",
        "posta_kodu": "74110"
    },
    {
        "mahalle_id": "51_3",
        "mahalle_adi": "Ahcıoğlu Mah (beşköprü Köyü)",
        "posta_kodu": "74110"
    },
    {
        "mahalle_id": "200_3",
        "mahalle_adi": "Ahmetler Mah (kayadibikavlak Köyü)",
        "posta_kodu": "74110"
    },
    {
        "mahalle_id": "277_3",
        "mahalle_adi": "Akçaköy Mah (şahne Köyü)",
        "posta_kodu": "74110"
    },
    {
        "mahalle_id": "18_3",
        "mahalle_adi": "Akgöz Köyü",
        "posta_kodu": "74110"
    },
    {
        "mahalle_id": "130_3",
        "mahalle_adi": "Alaçam Mah (gençali Köyü)",
        "posta_kodu": "74110"
    },
    {
        "mahalle_id": "1_2",
        "mahalle_adi": "Aladağ Mah",
        "posta_kodu": "74200"
    },
    {
        "mahalle_id": "208_3",
        "mahalle_adi": "Aldırak Mah (kışlaköy Köyü)",
        "posta_kodu": "74110"
    },
    {
        "mahalle_id": "34_3",
        "mahalle_adi": "Alibaş Köyü",
        "posta_kodu": "74110"
    },
    {
        "mahalle_id": "85_3",
        "mahalle_adi": "Aliefendi Mah (çeştepe Köyü)",
        "posta_kodu": "74110"
    },
    {
        "mahalle_id": "13_3",
        "mahalle_adi": "Arabacı Mah (akçalı Köyü)",
        "posta_kodu": "74110"
    },
    {
        "mahalle_id": "133_3",
        "mahalle_adi": "Aşağı 1 Mah (geriş Köyü)",
        "posta_kodu": "74110"
    },
    {
        "mahalle_id": "134_3",
        "mahalle_adi": "Aşağı 2 Mah (geriş Köyü)",
        "posta_kodu": "74110"
    },
    {
        "mahalle_id": "206_3",
        "mahalle_adi": "Aşağı Kışla Mah (kışlaköy Köyü)",
        "posta_kodu": "74110"
    },
    {
        "mahalle_id": "5_4",
        "mahalle_adi": "Aşağı Mah (akağaç Köyü)",
        "posta_kodu": "74400"
    },
    {
        "mahalle_id": "16_3",
        "mahalle_adi": "Aşağı Mah (akçalı Köyü)",
        "posta_kodu": "74110"
    },
    {
        "mahalle_id": "30_4",
        "mahalle_adi": "Aşağı Mah (aşağıdere Köyü)",
        "posta_kodu": "74400"
    },
    {
        "mahalle_id": "45_4",
        "mahalle_adi": "Aşağı Mah (bedil Köyü)",
        "posta_kodu": "74400"
    },
    {
        "mahalle_id": "79_3",
        "mahalle_adi": "Aşağı Mah (çayır Köyü)",
        "posta_kodu": "74110"
    },
    {
        "mahalle_id": "108_3",
        "mahalle_adi": "Aşağı Mah (epçiler Köyü)",
        "posta_kodu": "74110"
    },
    {
        "mahalle_id": "136_3",
        "mahalle_adi": "Aşağı Mah (gerişkatırcı Köyü)",
        "posta_kodu": "74110"
    },
    {
        "mahalle_id": "103_4",
        "mahalle_adi": "Aşağı Mah (karacaoğlu Köyü)",
        "posta_kodu": "74400"
    },
    {
        "mahalle_id": "173_3",
        "mahalle_adi": "Aşağı Mah (karahüseyinli Köyü)",
        "posta_kodu": "74110"
    },
    {
        "mahalle_id": "179_3",
        "mahalle_adi": "Aşağı Mah (karamazak Köyü)",
        "posta_kodu": "74110"
    },
    {
        "mahalle_id": "127_4",
        "mahalle_adi": "Aşağı Mah (sülek Köyü)",
        "posta_kodu": "74400"
    },
    {
        "mahalle_id": "134_4",
        "mahalle_adi": "Aşağı Mah (sütlüce Köyü)",
        "posta_kodu": "74400"
    },
    {
        "mahalle_id": "145_4",
        "mahalle_adi": "Aşağı Mah (uluköy Köyü)",
        "posta_kodu": "74400"
    },
    {
        "mahalle_id": "153_4",
        "mahalle_adi": "Aşağı Mah (yeğenli Köyü)",
        "posta_kodu": "74400"
    },
    {
        "mahalle_id": "148_4",
        "mahalle_adi": "Aşıklar Mah (ustaoğlu Köyü)",
        "posta_kodu": "74400"
    },
    {
        "mahalle_id": "339_3",
        "mahalle_adi": "Ayazlar Mah (kayacılar Köyü)",
        "posta_kodu": "74110"
    },
    {
        "mahalle_id": "50_3",
        "mahalle_adi": "Aydınlar Mah (beşköprü Köyü)",
        "posta_kodu": "74110"
    },
    {
        "mahalle_id": "215_3",
        "mahalle_adi": "Aydınlar Mah (kızılelma Köyü)",
        "posta_kodu": "74110"
    },
    {
        "mahalle_id": "41_3",
        "mahalle_adi": "Aygıroğlu Mah (arıönü Köyü)",
        "posta_kodu": "74110"
    },
    {
        "mahalle_id": "290_3",
        "mahalle_adi": "Bacaklar Mah (terkehatipler Köyü)",
        "posta_kodu": "74110"
    },
    {
        "mahalle_id": "357_3",
        "mahalle_adi": "Bakacak Mah (güzelcehisar Köyü)",
        "posta_kodu": "74110"
    },
    {
        "mahalle_id": "31_3",
        "mahalle_adi": "Bakla Mah (akpınar Köyü)",
        "posta_kodu": "74110"
    },
    {
        "mahalle_id": "88_3",
        "mahalle_adi": "Baklacıoğlu Mah (çiftlikköy Köyü)",
        "posta_kodu": "74110"
    },
    {
        "mahalle_id": "360_3",
        "mahalle_adi": "Balat Köyü",
        "posta_kodu": "74110"
    },
    {
        "mahalle_id": "42_3",
        "mahalle_adi": "Bayramoğlu Mah (bayıryüzü Köyü)",
        "posta_kodu": "74110"
    },
    {
        "mahalle_id": "56_3",
        "mahalle_adi": "Bekirler Mah (büyükkıran Köyü)",
        "posta_kodu": "74110"
    },
    {
        "mahalle_id": "178_3",
        "mahalle_adi": "Berberoğlu Mah (karamazak Köyü)",
        "posta_kodu": "74110"
    },
    {
        "mahalle_id": "245_3",
        "mahalle_adi": "Beyoğlu Mah (küçükkızılkum Köyü)",
        "posta_kodu": "74110"
    },
    {
        "mahalle_id": "23_4",
        "mahalle_adi": "Bezirciler Mah (akıncılar Köyü)",
        "posta_kodu": "74400"
    },
    {
        "mahalle_id": "123_3",
        "mahalle_adi": "Bilallar Mah (esenyurt Köyü)",
        "posta_kodu": "74110"
    },
    {
        "mahalle_id": "39_4",
        "mahalle_adi": "Bodra Mah (barkaçboz Köyü)",
        "posta_kodu": "74400"
    },
    {
        "mahalle_id": "350_3",
        "mahalle_adi": "Bodurlar Mah (şahin Köyü)",
        "posta_kodu": "74110"
    },
    {
        "mahalle_id": "186_3",
        "mahalle_adi": "Boğaz Mah (karasu Köyü)",
        "posta_kodu": "74110"
    },
    {
        "mahalle_id": "138_4",
        "mahalle_adi": "Boğaz Mah (şarköy Köyü)",
        "posta_kodu": "74400"
    },
    {
        "mahalle_id": "291_3",
        "mahalle_adi": "Boğaz Mah (topluca Köyü)",
        "posta_kodu": "74110"
    },
    {
        "mahalle_id": "54_4",
        "mahalle_adi": "Börekçi Mah (çaybükü Köyü)",
        "posta_kodu": "74400"
    },
    {
        "mahalle_id": "243_3",
        "mahalle_adi": "Bozacıoğlu Mah (küçükkızılkum Köyü)",
        "posta_kodu": "74110"
    },
    {
        "mahalle_id": "121_4",
        "mahalle_adi": "Çakılaltı Mah (özbaşı Köyü)",
        "posta_kodu": "74400"
    },
    {
        "mahalle_id": "96_3",
        "mahalle_adi": "Çakırlar Mah (dallıca Köyü)",
        "posta_kodu": "74110"
    },
    {
        "mahalle_id": "73_4",
        "mahalle_adi": "Çakırlar Mah (ellibaş Köyü)",
        "posta_kodu": "74400"
    },
    {
        "mahalle_id": "40_4",
        "mahalle_adi": "Çakmacık Mah (barkaçboz Köyü)",
        "posta_kodu": "74400"
    },
    {
        "mahalle_id": "53_3",
        "mahalle_adi": "Çalıkoğlu Mah (budakdüzü Köyü)",
        "posta_kodu": "74110"
    },
    {
        "mahalle_id": "234_3",
        "mahalle_adi": "Çalıkoğlu Mah (kutlubeydemirci Köyü)",
        "posta_kodu": "74110"
    },
    {
        "mahalle_id": "78_3",
        "mahalle_adi": "Çamlık Mah (çamlık Köyü)",
        "posta_kodu": "74110"
    },
    {
        "mahalle_id": "304_3",
        "mahalle_adi": "Çamlık Mah (uğurlar Köyü)",
        "posta_kodu": "74110"
    },
    {
        "mahalle_id": "112_3",
        "mahalle_adi": "Canköyü Mah (epçilerkadı Köyü)",
        "posta_kodu": "74110"
    },
    {
        "mahalle_id": "66_4",
        "mahalle_adi": "Canlar Mah (ecikler Köyü)",
        "posta_kodu": "74400"
    },
    {
        "mahalle_id": "264_3",
        "mahalle_adi": "Çapkınlar Mah (saraylı Köyü)",
        "posta_kodu": "74110"
    },
    {
        "mahalle_id": "77_4",
        "mahalle_adi": "Çapruzlar Mah (eskiemirler Köyü)",
        "posta_kodu": "74400"
    },
    {
        "mahalle_id": "306_3",
        "mahalle_adi": "Çavuş Mah (ulugeçitambarcı Köyü)",
        "posta_kodu": "74110"
    },
    {
        "mahalle_id": "272_3",
        "mahalle_adi": "Çavuşlar Mah (serdar Köyü)",
        "posta_kodu": "74110"
    },
    {
        "mahalle_id": "99_4",
        "mahalle_adi": "Çay Mah (hocaoğlu Köyü)",
        "posta_kodu": "74400"
    },
    {
        "mahalle_id": "112_4",
        "mahalle_adi": "Çay Mah (köyyeri Köyü)",
        "posta_kodu": "74400"
    },
    {
        "mahalle_id": "122_4",
        "mahalle_adi": "Çay Mah (özbaşı Köyü)",
        "posta_kodu": "74400"
    },
    {
        "mahalle_id": "3_2",
        "mahalle_adi": "Çaydüzü Mah",
        "posta_kodu": "74200"
    },
    {
        "mahalle_id": "52_3",
        "mahalle_adi": "Çayır Mah (beşköprü Köyü)",
        "posta_kodu": "74110"
    },
    {
        "mahalle_id": "102_4",
        "mahalle_adi": "Çayırlardibi Mah (hocaoğlu Köyü)",
        "posta_kodu": "74400"
    },
    {
        "mahalle_id": "88_4",
        "mahalle_adi": "Çaylık Mah (hasanefendi Köyü)",
        "posta_kodu": "74400"
    },
    {
        "mahalle_id": "29_3",
        "mahalle_adi": "Cebeci Mah (akpınar Köyü)",
        "posta_kodu": "74110"
    },
    {
        "mahalle_id": "69_3",
        "mahalle_adi": "Çelebioğlu Mah (çakırdemirci Köyü)",
        "posta_kodu": "74110"
    },
    {
        "mahalle_id": "51_4",
        "mahalle_adi": "Çelikler Mah (celilbeyoğlu Köyü)",
        "posta_kodu": "74400"
    },
    {
        "mahalle_id": "328_3",
        "mahalle_adi": "Çetme Mah (darıören Köyü)",
        "posta_kodu": "74110"
    },
    {
        "mahalle_id": "14_4",
        "mahalle_adi": "Cıddımoğlu Mah (akbaş Köyü)",
        "posta_kodu": "74400"
    },
    {
        "mahalle_id": "72_4",
        "mahalle_adi": "Çiftçiler Mah (ellibaş Köyü)",
        "posta_kodu": "74400"
    },
    {
        "mahalle_id": "101_3",
        "mahalle_adi": "Çimke Mah (derbent Köyü)",
        "posta_kodu": "74110"
    },
    {
        "mahalle_id": "80_4",
        "mahalle_adi": "Çimkeoğlu Mah (eskiemirler Köyü)",
        "posta_kodu": "74400"
    },
    {
        "mahalle_id": "154_4",
        "mahalle_adi": "Çit Mah (yeğenli Köyü)",
        "posta_kodu": "74400"
    },
    {
        "mahalle_id": "8_3",
        "mahalle_adi": "Çitoğlu Mah (akbaba Köyü)",
        "posta_kodu": "74110"
    },
    {
        "mahalle_id": "250_3",
        "mahalle_adi": "Çivaklar Mah (kümesler Köyü)",
        "posta_kodu": "74110"
    },
    {
        "mahalle_id": "213_3",
        "mahalle_adi": "Çıvgınlar Mah (kızılelma Köyü)",
        "posta_kodu": "74110"
    },
    {
        "mahalle_id": "22_3",
        "mahalle_adi": "Çobanlar Mah (akmanlar Köyü)",
        "posta_kodu": "74110"
    },
    {
        "mahalle_id": "128_4",
        "mahalle_adi": "Çobanoğlu Mah (sülek Köyü)",
        "posta_kodu": "74400"
    },
    {
        "mahalle_id": "361_3",
        "mahalle_adi": "Cöcü Köyü",
        "posta_kodu": "74110"
    },
    {
        "mahalle_id": "130_4",
        "mahalle_adi": "Çolaklar Mah (sülek Köyü)",
        "posta_kodu": "74400"
    },
    {
        "mahalle_id": "95_4",
        "mahalle_adi": "Çolakoğlu Mah (hıdırlar Köyü)",
        "posta_kodu": "74400"
    },
    {
        "mahalle_id": "42_4",
        "mahalle_adi": "Çoluklar Mah (bedil Köyü)",
        "posta_kodu": "74400"
    },
    {
        "mahalle_id": "109_3",
        "mahalle_adi": "Çömlekçi Mah (epçiler Köyü)",
        "posta_kodu": "74110"
    },
    {
        "mahalle_id": "159_4",
        "mahalle_adi": "Çömlekler Mah (yeşilyurt Köyü)",
        "posta_kodu": "74400"
    },
    {
        "mahalle_id": "30_3",
        "mahalle_adi": "Condur Mah (akpınar Köyü)",
        "posta_kodu": "74110"
    },
    {
        "mahalle_id": "269_3",
        "mahalle_adi": "Conkurlar Mah (serdar Köyü)",
        "posta_kodu": "74110"
    },
    {
        "mahalle_id": "356_3",
        "mahalle_adi": "Çöpbey Köyü",
        "posta_kodu": "74110"
    },
    {
        "mahalle_id": "344_3",
        "mahalle_adi": "Çorak Mah (kumaçorak Köyü)",
        "posta_kodu": "74110"
    },
    {
        "mahalle_id": "85_4",
        "mahalle_adi": "Çubukçu Deresi Mah (hanyeri Köyü)",
        "posta_kodu": "74400"
    },
    {
        "mahalle_id": "188_3",
        "mahalle_adi": "Cumayanı Mah (kaşbaşı Köyü)",
        "posta_kodu": "74110"
    },
    {
        "mahalle_id": "2_2",
        "mahalle_adi": "Cumhuriyet Mah",
        "posta_kodu": "74200"
    },
    {
        "mahalle_id": "354_3",
        "mahalle_adi": "Dağ Mah (yeniköy Köyü)",
        "posta_kodu": "74110"
    },
    {
        "mahalle_id": "21_3",
        "mahalle_adi": "Dağdibi Mah (akmanlar Köyü)",
        "posta_kodu": "74110"
    },
    {
        "mahalle_id": "190_3",
        "mahalle_adi": "Dağlı Mah (kayadibi Köyü)",
        "posta_kodu": "74110"
    },
    {
        "mahalle_id": "55_4",
        "mahalle_adi": "Davutlar Mah (çaybükü Köyü)",
        "posta_kodu": "74400"
    },
    {
        "mahalle_id": "1_4",
        "mahalle_adi": "Değirmenci Mah (kozcağız Beldesi)",
        "posta_kodu": "74400"
    },
    {
        "mahalle_id": "83_4",
        "mahalle_adi": "Deliktaş Mah (eyüpoğlu Köyü)",
        "posta_kodu": "74400"
    },
    {
        "mahalle_id": "2_4",
        "mahalle_adi": "Demirci Ahmetler Mah (kozcağız Beldesi)",
        "posta_kodu": "74400"
    },
    {
        "mahalle_id": "142_4",
        "mahalle_adi": "Demirci Mah (tasmacı Köyü)",
        "posta_kodu": "74400"
    },
    {
        "mahalle_id": "1_1",
        "mahalle_adi": "Demirciler Mah",
        "posta_kodu": "74100"
    },
    {
        "mahalle_id": "90_3",
        "mahalle_adi": "Demirciler Mah (çiftlikköy Köyü)",
        "posta_kodu": "74110"
    },
    {
        "mahalle_id": "141_3",
        "mahalle_adi": "Dere Mah (gökçekıran Köyü)",
        "posta_kodu": "74110"
    },
    {
        "mahalle_id": "146_3",
        "mahalle_adi": "Dere Mah (gürpınar Köyü)",
        "posta_kodu": "74110"
    },
    {
        "mahalle_id": "142_3",
        "mahalle_adi": "Deredibi Mah (gökçekıran Köyü)",
        "posta_kodu": "74110"
    },
    {
        "mahalle_id": "212_3",
        "mahalle_adi": "Deveciler Mah (kışlaköy Köyü)",
        "posta_kodu": "74110"
    },
    {
        "mahalle_id": "24_3",
        "mahalle_adi": "Devşeyli Mah (akmanlar Köyü)",
        "posta_kodu": "74110"
    },
    {
        "mahalle_id": "131_3",
        "mahalle_adi": "Dibektaş Mah (gençali Köyü)",
        "posta_kodu": "74110"
    },
    {
        "mahalle_id": "58_4",
        "mahalle_adi": "Dırazlar Mah (dırazlar Köyü)",
        "posta_kodu": "74400"
    },
    {
        "mahalle_id": "156_3",
        "mahalle_adi": "Dırazlar Mah (hacıhatipoğlu Köyü)",
        "posta_kodu": "74110"
    },
    {
        "mahalle_id": "323_3",
        "mahalle_adi": "Direkler Mah (aydınlar Köyü)",
        "posta_kodu": "74110"
    },
    {
        "mahalle_id": "25_3",
        "mahalle_adi": "Dolaşıklar Mah (akmanlar Köyü)",
        "posta_kodu": "74110"
    },
    {
        "mahalle_id": "86_4",
        "mahalle_adi": "Doroğlu Mah (hanyeri Köyü)",
        "posta_kodu": "74400"
    },
    {
        "mahalle_id": "298_3",
        "mahalle_adi": "Dörtkol Mah (tuzcular Köyü)",
        "posta_kodu": "74110"
    },
    {
        "mahalle_id": "94_3",
        "mahalle_adi": "Dürükler Mah (çukurbük Köyü)",
        "posta_kodu": "74110"
    },
    {
        "mahalle_id": "24_4",
        "mahalle_adi": "Düz Mah (akıncılar Köyü)",
        "posta_kodu": "74400"
    },
    {
        "mahalle_id": "57_3",
        "mahalle_adi": "Düzmevki Mah (büyükkıran Köyü)",
        "posta_kodu": "74110"
    },
    {
        "mahalle_id": "321_3",
        "mahalle_adi": "Ebişler Mah (aydınlar Köyü)",
        "posta_kodu": "74110"
    },
    {
        "mahalle_id": "95_3",
        "mahalle_adi": "Ebzen Mah (çukurbük Köyü)",
        "posta_kodu": "74110"
    },
    {
        "mahalle_id": "211_3",
        "mahalle_adi": "Ecikler Mah (kışlaköy Köyü)",
        "posta_kodu": "74110"
    },
    {
        "mahalle_id": "113_3",
        "mahalle_adi": "Edey Mah (epçilerkadı Köyü)",
        "posta_kodu": "74110"
    },
    {
        "mahalle_id": "163_3",
        "mahalle_adi": "Ela Mah (hatipler Köyü)",
        "posta_kodu": "74110"
    },
    {
        "mahalle_id": "76_4",
        "mahalle_adi": "Elmacı Mah (eskiemirler Köyü)",
        "posta_kodu": "74400"
    },
    {
        "mahalle_id": "210_3",
        "mahalle_adi": "Elmalık Mah (kışlaköy Köyü)",
        "posta_kodu": "74110"
    },
    {
        "mahalle_id": "61_4",
        "mahalle_adi": "Emiroğlu Mah (ecikler Köyü)",
        "posta_kodu": "74400"
    },
    {
        "mahalle_id": "280_3",
        "mahalle_adi": "Emri Mah (tabanözü Köyü)",
        "posta_kodu": "74110"
    },
    {
        "mahalle_id": "240_3",
        "mahalle_adi": "Ersanlar Mah (kutlubeyyazıcılar Köyü)",
        "posta_kodu": "74110"
    },
    {
        "mahalle_id": "50_4",
        "mahalle_adi": "Eseler Mah (celilbeyoğlu Köyü)",
        "posta_kodu": "74400"
    },
    {
        "mahalle_id": "56_4",
        "mahalle_adi": "Eseler Mah (dırazlar Köyü)",
        "posta_kodu": "74400"
    },
    {
        "mahalle_id": "111_4",
        "mahalle_adi": "Esenler Mah (karşıyaka Köyü)",
        "posta_kodu": "74400"
    },
    {
        "mahalle_id": "310_3",
        "mahalle_adi": "Esenler Mah (ulugeçitambarcı Köyü)",
        "posta_kodu": "74110"
    },
    {
        "mahalle_id": "295_3",
        "mahalle_adi": "Esenpınar Mah (topluca Köyü)",
        "posta_kodu": "74110"
    },
    {
        "mahalle_id": "4_2",
        "mahalle_adi": "Esentepe Mah",
        "posta_kodu": "74200"
    },
    {
        "mahalle_id": "59_4",
        "mahalle_adi": "Fatih Mah (dırazlar Köyü)",
        "posta_kodu": "74400"
    },
    {
        "mahalle_id": "97_3",
        "mahalle_adi": "Fermüt Mah (dallıca Köyü)",
        "posta_kodu": "74110"
    },
    {
        "mahalle_id": "13_4",
        "mahalle_adi": "Fırdan Mah (akbaş Köyü)",
        "posta_kodu": "74400"
    },
    {
        "mahalle_id": "126_3",
        "mahalle_adi": "Fırınlı Köyü",
        "posta_kodu": "74110"
    },
    {
        "mahalle_id": "147_3",
        "mahalle_adi": "Gaffar Mah (gürpınar Köyü)",
        "posta_kodu": "74110"
    },
    {
        "mahalle_id": "358_3",
        "mahalle_adi": "Gaffar Mah (kaşbaşı Köyü)",
        "posta_kodu": "74110"
    },
    {
        "mahalle_id": "225_3",
        "mahalle_adi": "Gagiller Mah (kocareis Köyü)",
        "posta_kodu": "74110"
    },
    {
        "mahalle_id": "128_3",
        "mahalle_adi": "Galaygöz Mah (gençali Köyü)",
        "posta_kodu": "74110"
    },
    {
        "mahalle_id": "318_3",
        "mahalle_adi": "Gangahu Mah (yanaz Köyü)",
        "posta_kodu": "74110"
    },
    {
        "mahalle_id": "15_4",
        "mahalle_adi": "Gartosmanlar Mah (akbaş Köyü)",
        "posta_kodu": "74400"
    },
    {
        "mahalle_id": "14_1",
        "mahalle_adi": "Gecen Mah",
        "posta_kodu": "74100"
    },
    {
        "mahalle_id": "91_4",
        "mahalle_adi": "Geciksuyu Mah (hasanefendi Köyü)",
        "posta_kodu": "74400"
    },
    {
        "mahalle_id": "168_3",
        "mahalle_adi": "Genevir Mah (kabagöz Köyü)",
        "posta_kodu": "74110"
    },
    {
        "mahalle_id": "4_5",
        "mahalle_adi": "Gerişli Mah (hasankadı Beldesi)",
        "posta_kodu": "74420"
    },
    {
        "mahalle_id": "78_4",
        "mahalle_adi": "Göçmenler Mah (eskiemirler Köyü)",
        "posta_kodu": "74400"
    },
    {
        "mahalle_id": "7_4",
        "mahalle_adi": "Göcü Mah (akağaç Köyü)",
        "posta_kodu": "74400"
    },
    {
        "mahalle_id": "141_4",
        "mahalle_adi": "Gofuroğlu Mah (tasmacı Köyü)",
        "posta_kodu": "74400"
    },
    {
        "mahalle_id": "233_3",
        "mahalle_adi": "Gökçe Musa Mah (kutlubeydemirci Köyü)",
        "posta_kodu": "74110"
    },
    {
        "mahalle_id": "209_3",
        "mahalle_adi": "Gökler Mah (kışlaköy Köyü)",
        "posta_kodu": "74110"
    },
    {
        "mahalle_id": "349_3",
        "mahalle_adi": "Gökmenler Mah (şahin Köyü)",
        "posta_kodu": "74110"
    },
    {
        "mahalle_id": "2_1",
        "mahalle_adi": "Gölbucağı Mah",
        "posta_kodu": "74100"
    },
    {
        "mahalle_id": "18_4",
        "mahalle_adi": "Gümmeller Mah (akbaş Köyü)",
        "posta_kodu": "74400"
    },
    {
        "mahalle_id": "334_3",
        "mahalle_adi": "Güneydağı Mah (karaköyşeyhler Köyü)",
        "posta_kodu": "74110"
    },
    {
        "mahalle_id": "247_3",
        "mahalle_adi": "Gürcüler Mah (küçükkızılkum Köyü)",
        "posta_kodu": "74110"
    },
    {
        "mahalle_id": "364_3",
        "mahalle_adi": "Gürgenpınarı Mah",
        "posta_kodu": "74110"
    },
    {
        "mahalle_id": "74_3",
        "mahalle_adi": "Hacı Güllü Mah (çakırömerağa Köyü)",
        "posta_kodu": "74110"
    },
    {
        "mahalle_id": "157_4",
        "mahalle_adi": "Hacı Hasan Dere Mah (yenihamidiye Köyü)",
        "posta_kodu": "74400"
    },
    {
        "mahalle_id": "69_4",
        "mahalle_adi": "Hacı İbrahim Mah (ecikler Köyü)",
        "posta_kodu": "74400"
    },
    {
        "mahalle_id": "28_3",
        "mahalle_adi": "Hacı Mah (akpınar Köyü)",
        "posta_kodu": "74110"
    },
    {
        "mahalle_id": "332_3",
        "mahalle_adi": "Hacı Mah (imamlar Köyü)",
        "posta_kodu": "74110"
    },
    {
        "mahalle_id": "201_3",
        "mahalle_adi": "Hacı Mah (kayadibikavlak Köyü)",
        "posta_kodu": "74110"
    },
    {
        "mahalle_id": "271_3",
        "mahalle_adi": "Hacıçavuşlar Mah (serdar Köyü)",
        "posta_kodu": "74110"
    },
    {
        "mahalle_id": "61_3",
        "mahalle_adi": "Hacıkadı Mah (büyükkıran Köyü)",
        "posta_kodu": "74110"
    },
    {
        "mahalle_id": "216_3",
        "mahalle_adi": "Hacıkıramoğlu Mah (kızılelma Köyü)",
        "posta_kodu": "74110"
    },
    {
        "mahalle_id": "133_4",
        "mahalle_adi": "Hacılar Mah (sütlüce Köyü)",
        "posta_kodu": "74400"
    },
    {
        "mahalle_id": "60_3",
        "mahalle_adi": "Hacıoğlu Mah (büyükkıran Köyü)",
        "posta_kodu": "74110"
    },
    {
        "mahalle_id": "71_3",
        "mahalle_adi": "Hacıoğlu Mah (çakırkadı Köyü)",
        "posta_kodu": "74110"
    },
    {
        "mahalle_id": "268_3",
        "mahalle_adi": "Hacıosmanoğlu Mah (serdar Köyü)",
        "posta_kodu": "74110"
    },
    {
        "mahalle_id": "26_4",
        "mahalle_adi": "Hacırasul Mah (akçamescit Köyü)",
        "posta_kodu": "74400"
    },
    {
        "mahalle_id": "282_3",
        "mahalle_adi": "Haliller Mah (terkehaliller Köyü)",
        "posta_kodu": "74110"
    },
    {
        "mahalle_id": "218_3",
        "mahalle_adi": "Halilpaşa Mah (yeşilkaya Köyü)",
        "posta_kodu": "74110"
    },
    {
        "mahalle_id": "196_3",
        "mahalle_adi": "Halim Mah (kayadibiçavuş Köyü)",
        "posta_kodu": "74110"
    },
    {
        "mahalle_id": "54_3",
        "mahalle_adi": "Hamamcı Mah (budakdüzü Köyü)",
        "posta_kodu": "74110"
    },
    {
        "mahalle_id": "331_3",
        "mahalle_adi": "Hamza Mah (imamlar Köyü)",
        "posta_kodu": "74110"
    },
    {
        "mahalle_id": "80_3",
        "mahalle_adi": "Hancılar Mah (çayır Köyü)",
        "posta_kodu": "74110"
    },
    {
        "mahalle_id": "167_3",
        "mahalle_adi": "Has Mah (kabagöz Köyü)",
        "posta_kodu": "74110"
    },
    {
        "mahalle_id": "164_3",
        "mahalle_adi": "Hasançavuş Mah (hatipler Köyü)",
        "posta_kodu": "74110"
    },
    {
        "mahalle_id": "160_3",
        "mahalle_adi": "Hasanlar Mah (hasanlar Köyü)",
        "posta_kodu": "74110"
    },
    {
        "mahalle_id": "270_3",
        "mahalle_adi": "Hasanlar Mah (serdar Köyü)",
        "posta_kodu": "74110"
    },
    {
        "mahalle_id": "320_3",
        "mahalle_adi": "Hasaşlar Mah (aydınlar Köyü)",
        "posta_kodu": "74110"
    },
    {
        "mahalle_id": "92_3",
        "mahalle_adi": "Hatipler Mah (çukurbük Köyü)",
        "posta_kodu": "74110"
    },
    {
        "mahalle_id": "165_3",
        "mahalle_adi": "Hatipler Mah (hatipler Köyü)",
        "posta_kodu": "74110"
    },
    {
        "mahalle_id": "110_4",
        "mahalle_adi": "Hatipler Mah (karşıyaka Köyü)",
        "posta_kodu": "74400"
    },
    {
        "mahalle_id": "342_3",
        "mahalle_adi": "Hatipler Mah (kumaçorak Köyü)",
        "posta_kodu": "74110"
    },
    {
        "mahalle_id": "255_3",
        "mahalle_adi": "Hatipler Mah (mekeçler Köyü)",
        "posta_kodu": "74110"
    },
    {
        "mahalle_id": "329_3",
        "mahalle_adi": "Haydeli Mah (esbey Köyü)",
        "posta_kodu": "74110"
    },
    {
        "mahalle_id": "119_4",
        "mahalle_adi": "Hepler Mah (özbaşı Köyü)",
        "posta_kodu": "74400"
    },
    {
        "mahalle_id": "105_3",
        "mahalle_adi": "Heyelli Mah (doğaşı Köyü)",
        "posta_kodu": "74110"
    },
    {
        "mahalle_id": "151_3",
        "mahalle_adi": "Hisar Mah (güzelcehisar Köyü)",
        "posta_kodu": "74110"
    },
    {
        "mahalle_id": "220_3",
        "mahalle_adi": "Hoca Mah (yeşilkaya Köyü)",
        "posta_kodu": "74110"
    },
    {
        "mahalle_id": "281_3",
        "mahalle_adi": "Horna Mah (tabanözü Köyü)",
        "posta_kodu": "74110"
    },
    {
        "mahalle_id": "222_3",
        "mahalle_adi": "Horoz Mah (yeşilkaya Köyü)",
        "posta_kodu": "74110"
    },
    {
        "mahalle_id": "343_3",
        "mahalle_adi": "Hoşköy Mah (kumaçorak Köyü)",
        "posta_kodu": "74110"
    },
    {
        "mahalle_id": "10_1",
        "mahalle_adi": "Hürriyet Mah",
        "posta_kodu": "74100"
    },
    {
        "mahalle_id": "73_3",
        "mahalle_adi": "Hüseyinpaşaoğlu Mah (çakırkadı Köyü)",
        "posta_kodu": "74110"
    },
    {
        "mahalle_id": "106_3",
        "mahalle_adi": "Icak Mah (doğaşı Köyü)",
        "posta_kodu": "74110"
    },
    {
        "mahalle_id": "193_3",
        "mahalle_adi": "Ihlamur Mah (kayadibi Köyü)",
        "posta_kodu": "74110"
    },
    {
        "mahalle_id": "228_3",
        "mahalle_adi": "İlyaslar Mah (kurt Köyü)",
        "posta_kodu": "74110"
    },
    {
        "mahalle_id": "125_3",
        "mahalle_adi": "İmamlar Mah (esenyurt Köyü)",
        "posta_kodu": "74110"
    },
    {
        "mahalle_id": "184_3",
        "mahalle_adi": "İmamoğlu Mah (karamazak Köyü)",
        "posta_kodu": "74110"
    },
    {
        "mahalle_id": "185_3",
        "mahalle_adi": "İnkum İskele Mah (karasu Köyü)",
        "posta_kodu": "74110"
    },
    {
        "mahalle_id": "150_3",
        "mahalle_adi": "İnkum Yeni Mah (güzelcehisar Köyü)",
        "posta_kodu": "74110"
    },
    {
        "mahalle_id": "275_3",
        "mahalle_adi": "Ispala Mah (şiremirtabaklar Köyü)",
        "posta_kodu": "74110"
    },
    {
        "mahalle_id": "48_3",
        "mahalle_adi": "Kabaşlar Mah (bayıryüzü Köyü)",
        "posta_kodu": "74110"
    },
    {
        "mahalle_id": "115_3",
        "mahalle_adi": "Kadı Mah (epçilerkadı Köyü)",
        "posta_kodu": "74110"
    },
    {
        "mahalle_id": "144_3",
        "mahalle_adi": "Kadı Mah (gökçekıran Köyü)",
        "posta_kodu": "74110"
    },
    {
        "mahalle_id": "231_3",
        "mahalle_adi": "Kadı Mah (kutlubeydemirci Köyü)",
        "posta_kodu": "74110"
    },
    {
        "mahalle_id": "340_3",
        "mahalle_adi": "Kadıköy Mah (kayacılar Köyü)",
        "posta_kodu": "74110"
    },
    {
        "mahalle_id": "72_3",
        "mahalle_adi": "Kadıoğlu Mah (çakırkadı Köyü)",
        "posta_kodu": "74110"
    },
    {
        "mahalle_id": "19_4",
        "mahalle_adi": "Kahya Mah (akıncılar Köyü)",
        "posta_kodu": "74400"
    },
    {
        "mahalle_id": "37_3",
        "mahalle_adi": "Kalafatoğlu Mah (arıönü Köyü)",
        "posta_kodu": "74110"
    },
    {
        "mahalle_id": "192_3",
        "mahalle_adi": "Kalaycı Mah (kayadibi Köyü)",
        "posta_kodu": "74110"
    },
    {
        "mahalle_id": "124_3",
        "mahalle_adi": "Kalaycıoğlu Mah (esenyurt Köyü)",
        "posta_kodu": "74110"
    },
    {
        "mahalle_id": "325_3",
        "mahalle_adi": "Kaldırım Mah (darıören Köyü)",
        "posta_kodu": "74110"
    },
    {
        "mahalle_id": "341_3",
        "mahalle_adi": "Kanberler Mah (kumaçorak Köyü)",
        "posta_kodu": "74110"
    },
    {
        "mahalle_id": "219_3",
        "mahalle_adi": "Kanbur Mah (yeşilkaya Köyü)",
        "posta_kodu": "74110"
    },
    {
        "mahalle_id": "199_3",
        "mahalle_adi": "Kanıç Mah (kayadibikavlak Köyü)",
        "posta_kodu": "74110"
    },
    {
        "mahalle_id": "137_4",
        "mahalle_adi": "Kapucuoğlu Mah (şarköy Köyü)",
        "posta_kodu": "74400"
    },
    {
        "mahalle_id": "3_3",
        "mahalle_adi": "Karaalioğlu Mah (ahmetpaşa Köyü)",
        "posta_kodu": "74110"
    },
    {
        "mahalle_id": "162_3",
        "mahalle_adi": "Karacaoğlu Mah (hatipler Köyü)",
        "posta_kodu": "74110"
    },
    {
        "mahalle_id": "11_1",
        "mahalle_adi": "Karaçay Mah",
        "posta_kodu": "74100"
    },
    {
        "mahalle_id": "246_3",
        "mahalle_adi": "Karadağlıoğlu Mah (küçükkızılkum Köyü)",
        "posta_kodu": "74110"
    },
    {
        "mahalle_id": "177_3",
        "mahalle_adi": "Karadut Mah (karainler Köyü)",
        "posta_kodu": "74110"
    },
    {
        "mahalle_id": "214_3",
        "mahalle_adi": "Karahasan Mah (kızılelma Köyü)",
        "posta_kodu": "74110"
    },
    {
        "mahalle_id": "111_3",
        "mahalle_adi": "Karahüseyinler Mah (epçilerkadı Köyü)",
        "posta_kodu": "74110"
    },
    {
        "mahalle_id": "5_3",
        "mahalle_adi": "Karakadı Mah (ahmetpaşa Köyü)",
        "posta_kodu": "74110"
    },
    {
        "mahalle_id": "183_3",
        "mahalle_adi": "Karakız Mah (karamazak Köyü)",
        "posta_kodu": "74110"
    },
    {
        "mahalle_id": "5_2",
        "mahalle_adi": "Karaköy Mah",
        "posta_kodu": "74200"
    },
    {
        "mahalle_id": "251_3",
        "mahalle_adi": "Karalar Burgucu Mah (kümesler Köyü)",
        "posta_kodu": "74110"
    },
    {
        "mahalle_id": "22_4",
        "mahalle_adi": "Karamanlar Mah (akıncılar Köyü)",
        "posta_kodu": "74400"
    },
    {
        "mahalle_id": "300_3",
        "mahalle_adi": "Karamustafa Mah (gaziler Mah) (çeştepe Köyü)",
        "posta_kodu": "74110"
    },
    {
        "mahalle_id": "17_4",
        "mahalle_adi": "Karaotlu Mah (akbaş Köyü)",
        "posta_kodu": "74400"
    },
    {
        "mahalle_id": "27_4",
        "mahalle_adi": "Karga Mah (akçamescit Köyü)",
        "posta_kodu": "74400"
    },
    {
        "mahalle_id": "180_3",
        "mahalle_adi": "Karşı Köy Mah (karamazak Köyü)",
        "posta_kodu": "74110"
    },
    {
        "mahalle_id": "43_4",
        "mahalle_adi": "Karşı Mah (bedil Köyü)",
        "posta_kodu": "74400"
    },
    {
        "mahalle_id": "207_3",
        "mahalle_adi": "Karşı Mah (kışlaköy Köyü)",
        "posta_kodu": "74110"
    },
    {
        "mahalle_id": "155_4",
        "mahalle_adi": "Karşı Mah (yeğenli Köyü)",
        "posta_kodu": "74400"
    },
    {
        "mahalle_id": "36_4",
        "mahalle_adi": "Karşıbakraç Mah (bakioğlu Köyü)",
        "posta_kodu": "74400"
    },
    {
        "mahalle_id": "172_3",
        "mahalle_adi": "Karteli Mah (karahüseyinli Köyü)",
        "posta_kodu": "74110"
    },
    {
        "mahalle_id": "232_3",
        "mahalle_adi": "Kasapoğlu Mah (kutlubeydemirci Köyü)",
        "posta_kodu": "74110"
    },
    {
        "mahalle_id": "93_3",
        "mahalle_adi": "Kaşıkçı Mah (çukurbük Köyü)",
        "posta_kodu": "74110"
    },
    {
        "mahalle_id": "197_3",
        "mahalle_adi": "Kavlak Mah (kayadibikavlak Köyü)",
        "posta_kodu": "74110"
    },
    {
        "mahalle_id": "223_3",
        "mahalle_adi": "Kavlak Mah (kocareis Köyü)",
        "posta_kodu": "74110"
    },
    {
        "mahalle_id": "162_4",
        "mahalle_adi": "Kavlaklık Mah (kozcağız Beldesi)",
        "posta_kodu": "74400"
    },
    {
        "mahalle_id": "326_3",
        "mahalle_adi": "Kaya Arkası Mah (darıören Köyü)",
        "posta_kodu": "74110"
    },
    {
        "mahalle_id": "204_3",
        "mahalle_adi": "Kaya Arkası Mah (kayadibikavlak Köyü)",
        "posta_kodu": "74110"
    },
    {
        "mahalle_id": "191_3",
        "mahalle_adi": "Kayadibi Merkez Mah (kayadibi Köyü)",
        "posta_kodu": "74110"
    },
    {
        "mahalle_id": "29_4",
        "mahalle_adi": "Kayımlar Mah (akçamescit Köyü)",
        "posta_kodu": "74400"
    },
    {
        "mahalle_id": "229_3",
        "mahalle_adi": "Kaypaklar Mah (kurt Köyü)",
        "posta_kodu": "74110"
    },
    {
        "mahalle_id": "46_3",
        "mahalle_adi": "Keller Mah (bayıryüzü Köyü)",
        "posta_kodu": "74110"
    },
    {
        "mahalle_id": "3_1",
        "mahalle_adi": "Kemer Köprü Mah",
        "posta_kodu": "74100"
    },
    {
        "mahalle_id": "64_4",
        "mahalle_adi": "Kerimoğlu Mah (ecikler Köyü)",
        "posta_kodu": "74400"
    },
    {
        "mahalle_id": "116_4",
        "mahalle_adi": "Kerpiçlik Mah (mamak Köyü)",
        "posta_kodu": "74400"
    },
    {
        "mahalle_id": "67_4",
        "mahalle_adi": "Kesmüklü Mah (ecikler Köyü)",
        "posta_kodu": "74400"
    },
    {
        "mahalle_id": "6_3",
        "mahalle_adi": "Kınalıoğlu Mah (ahmetpaşa Köyü)",
        "posta_kodu": "74110"
    },
    {
        "mahalle_id": "64_3",
        "mahalle_adi": "Kıraç Mah (büyükkızılkum Köyü)",
        "posta_kodu": "74110"
    },
    {
        "mahalle_id": "79_4",
        "mahalle_adi": "Kıran Mah (eskiemirler Köyü)",
        "posta_kodu": "74400"
    },
    {
        "mahalle_id": "149_4",
        "mahalle_adi": "Kıran Mah (ustaoğlu Köyü)",
        "posta_kodu": "74400"
    },
    {
        "mahalle_id": "60_4",
        "mahalle_adi": "Kıranpazarı Mah (ecikler Köyü)",
        "posta_kodu": "74400"
    },
    {
        "mahalle_id": "151_4",
        "mahalle_adi": "Kıranpazarı Mah (ustaoğlu Köyü)",
        "posta_kodu": "74400"
    },
    {
        "mahalle_id": "120_4",
        "mahalle_adi": "Kiremli Mah (özbaşı Köyü)",
        "posta_kodu": "74400"
    },
    {
        "mahalle_id": "252_3",
        "mahalle_adi": "Kirenciler Mah (mekeçler Köyü)",
        "posta_kodu": "74110"
    },
    {
        "mahalle_id": "203_3",
        "mahalle_adi": "Kırma Mah (kayadibikavlak Köyü)",
        "posta_kodu": "74110"
    },
    {
        "mahalle_id": "4_1",
        "mahalle_adi": "Kırtepe Mah",
        "posta_kodu": "74100"
    },
    {
        "mahalle_id": "12_4",
        "mahalle_adi": "Kışla Mah (akbaş Köyü)",
        "posta_kodu": "74400"
    },
    {
        "mahalle_id": "4_3",
        "mahalle_adi": "K-kıran Mah (ahmetpaşa Köyü)",
        "posta_kodu": "74110"
    },
    {
        "mahalle_id": "235_3",
        "mahalle_adi": "Kocabeyoğlu Mah (kutlubeytabaklar Köyü)",
        "posta_kodu": "74110"
    },
    {
        "mahalle_id": "106_4",
        "mahalle_adi": "Kocaoğlu Mah (karayakup Köyü)",
        "posta_kodu": "74400"
    },
    {
        "mahalle_id": "202_3",
        "mahalle_adi": "Kocikuzu Mah (kayadibikavlak Köyü)",
        "posta_kodu": "74110"
    },
    {
        "mahalle_id": "89_3",
        "mahalle_adi": "Kolçaklar Mah (çiftlikköy Köyü)",
        "posta_kodu": "74110"
    },
    {
        "mahalle_id": "104_4",
        "mahalle_adi": "Köseler Mah (karacaoğlu Köyü)",
        "posta_kodu": "74400"
    },
    {
        "mahalle_id": "359_3",
        "mahalle_adi": "Köseoğlu Mah (kutlubeydemirci Köyü)",
        "posta_kodu": "74110"
    },
    {
        "mahalle_id": "47_4",
        "mahalle_adi": "Köstekçioğlu Mah (bedil Köyü)",
        "posta_kodu": "74400"
    },
    {
        "mahalle_id": "5_1",
        "mahalle_adi": "Köyortası Mah",
        "posta_kodu": "74100"
    },
    {
        "mahalle_id": "267_3",
        "mahalle_adi": "Köyortası Mah (serdar Köyü)",
        "posta_kodu": "74110"
    },
    {
        "mahalle_id": "100_3",
        "mahalle_adi": "Kula Mah (derbent Köyü)",
        "posta_kodu": "74110"
    },
    {
        "mahalle_id": "62_4",
        "mahalle_adi": "Kulaklar Mah (ecikler Köyü)",
        "posta_kodu": "74400"
    },
    {
        "mahalle_id": "263_3",
        "mahalle_adi": "Kulaksız Mah (saraylı Köyü)",
        "posta_kodu": "74110"
    },
    {
        "mahalle_id": "259_3",
        "mahalle_adi": "Külcüler Mah (muratbey Köyü)",
        "posta_kodu": "74110"
    },
    {
        "mahalle_id": "287_3",
        "mahalle_adi": "Külükoğlu Mah (terkehaliller Köyü)",
        "posta_kodu": "74110"
    },
    {
        "mahalle_id": "195_3",
        "mahalle_adi": "Kurt Mah (kayadibiçavuş Köyü)",
        "posta_kodu": "74110"
    },
    {
        "mahalle_id": "297_3",
        "mahalle_adi": "Kutlubey Mah (tuzcular Köyü)",
        "posta_kodu": "74110"
    },
    {
        "mahalle_id": "286_3",
        "mahalle_adi": "Kuyu Mah (terkehaliller Köyü)",
        "posta_kodu": "74110"
    },
    {
        "mahalle_id": "299_3",
        "mahalle_adi": "Kuyumcu Mah (tuzcular Köyü)",
        "posta_kodu": "74110"
    },
    {
        "mahalle_id": "21_4",
        "mahalle_adi": "Kuzyaka Mah (akıncılar Köyü)",
        "posta_kodu": "74400"
    },
    {
        "mahalle_id": "6_4",
        "mahalle_adi": "Lazlar Mah (akağaç Köyü)",
        "posta_kodu": "74400"
    },
    {
        "mahalle_id": "34_4",
        "mahalle_adi": "Lazlar Mah (bakioğlu Köyü)",
        "posta_kodu": "74400"
    },
    {
        "mahalle_id": "119_3",
        "mahalle_adi": "Lazlar Mah (esenyurt Köyü)",
        "posta_kodu": "74110"
    },
    {
        "mahalle_id": "149_3",
        "mahalle_adi": "Lazlar Mah (gürpınar Köyü)",
        "posta_kodu": "74110"
    },
    {
        "mahalle_id": "117_4",
        "mahalle_adi": "Lazoğlu Mah (mamak Köyü)",
        "posta_kodu": "74400"
    },
    {
        "mahalle_id": "58_3",
        "mahalle_adi": "Macırlar Mah (büyükkıran Köyü)",
        "posta_kodu": "74110"
    },
    {
        "mahalle_id": "261_3",
        "mahalle_adi": "Maden Mah (okçular Köyü)",
        "posta_kodu": "74110"
    },
    {
        "mahalle_id": "284_3",
        "mahalle_adi": "Mahmutoğlu Mah (terkehaliller Köyü)",
        "posta_kodu": "74110"
    },
    {
        "mahalle_id": "266_3",
        "mahalle_adi": "Manaç Mah (serdar Köyü)",
        "posta_kodu": "74110"
    },
    {
        "mahalle_id": "302_3",
        "mahalle_adi": "Manoğlu Mah (tuzcular Köyü)",
        "posta_kodu": "74110"
    },
    {
        "mahalle_id": "161_3",
        "mahalle_adi": "Maruzlar Mah (hasanlar Köyü)",
        "posta_kodu": "74110"
    },
    {
        "mahalle_id": "75_4",
        "mahalle_adi": "Maskarlar Mah (ellibaş Köyü)",
        "posta_kodu": "74400"
    },
    {
        "mahalle_id": "11_3",
        "mahalle_adi": "Mazmoğlu Mah (akbaba Köyü)",
        "posta_kodu": "74110"
    },
    {
        "mahalle_id": "122_3",
        "mahalle_adi": "Mehmetbeyoğlu Mah (esenyurt Köyü)",
        "posta_kodu": "74110"
    },
    {
        "mahalle_id": "253_3",
        "mahalle_adi": "Mekeç Mah (mekeçler Köyü)",
        "posta_kodu": "74110"
    },
    {
        "mahalle_id": "296_3",
        "mahalle_adi": "Mellioğlu Mah (tuzcular Köyü)",
        "posta_kodu": "74110"
    },
    {
        "mahalle_id": "44_3",
        "mahalle_adi": "Memoğlu Mah (bayıryüzü Köyü)",
        "posta_kodu": "74110"
    },
    {
        "mahalle_id": "14_3",
        "mahalle_adi": "Menci Mah (akçalı Köyü)",
        "posta_kodu": "74110"
    },
    {
        "mahalle_id": "155_3",
        "mahalle_adi": "Menteşler Mah (hacıhatipoğlu Köyü)",
        "posta_kodu": "74110"
    },
    {
        "mahalle_id": "1_3",
        "mahalle_adi": "Menteşpiri Mah (arıt Köyü)",
        "posta_kodu": "74110"
    },
    {
        "mahalle_id": "153_3",
        "mahalle_adi": "Merkez Mah (kapaklı Mah) (güzelcehisar Köyü)",
        "posta_kodu": "74110"
    },
    {
        "mahalle_id": "2_3",
        "mahalle_adi": "Merkez Mah (ahmetpaşa Köyü)",
        "posta_kodu": "74110"
    },
    {
        "mahalle_id": "7_3",
        "mahalle_adi": "Merkez Mah (akbaba Köyü)",
        "posta_kodu": "74110"
    },
    {
        "mahalle_id": "20_4",
        "mahalle_adi": "Merkez Mah (akıncılar Köyü)",
        "posta_kodu": "74400"
    },
    {
        "mahalle_id": "19_3",
        "mahalle_adi": "Merkez Mah (akmanlar Köyü)",
        "posta_kodu": "74110"
    },
    {
        "mahalle_id": "26_3",
        "mahalle_adi": "Merkez Mah (akpınar Köyü)",
        "posta_kodu": "74110"
    },
    {
        "mahalle_id": "35_3",
        "mahalle_adi": "Merkez Mah (arıönü Köyü)",
        "posta_kodu": "74110"
    },
    {
        "mahalle_id": "160_4",
        "mahalle_adi": "Merkez Mah (avgölü Köyü)",
        "posta_kodu": "74400"
    },
    {
        "mahalle_id": "319_3",
        "mahalle_adi": "Merkez Mah (aydınlar Köyü)",
        "posta_kodu": "74110"
    },
    {
        "mahalle_id": "37_4",
        "mahalle_adi": "Merkez Mah (bakioğlu Köyü)",
        "posta_kodu": "74400"
    },
    {
        "mahalle_id": "41_4",
        "mahalle_adi": "Merkez Mah (başoğlu Köyü)",
        "posta_kodu": "74400"
    },
    {
        "mahalle_id": "49_3",
        "mahalle_adi": "Merkez Mah (beşköprü Köyü)",
        "posta_kodu": "74110"
    },
    {
        "mahalle_id": "55_3",
        "mahalle_adi": "Merkez Mah (budakdüzü Köyü)",
        "posta_kodu": "74110"
    },
    {
        "mahalle_id": "59_3",
        "mahalle_adi": "Merkez Mah (büyükkıran Köyü)",
        "posta_kodu": "74110"
    },
    {
        "mahalle_id": "62_3",
        "mahalle_adi": "Merkez Mah (büyükkızılkum Köyü)",
        "posta_kodu": "74110"
    },
    {
        "mahalle_id": "76_3",
        "mahalle_adi": "Merkez Mah (çamaltı Köyü)",
        "posta_kodu": "74110"
    },
    {
        "mahalle_id": "52_4",
        "mahalle_adi": "Merkez Mah (çaybükü Köyü)",
        "posta_kodu": "74400"
    },
    {
        "mahalle_id": "49_4",
        "mahalle_adi": "Merkez Mah (celilbeyoğlu Köyü)",
        "posta_kodu": "74400"
    },
    {
        "mahalle_id": "84_3",
        "mahalle_adi": "Merkez Mah (çeştepe Köyü)",
        "posta_kodu": "74110"
    },
    {
        "mahalle_id": "87_3",
        "mahalle_adi": "Merkez Mah (çiftlikköy Köyü)",
        "posta_kodu": "74110"
    },
    {
        "mahalle_id": "91_3",
        "mahalle_adi": "Merkez Mah (çukurbük Köyü)",
        "posta_kodu": "74110"
    },
    {
        "mahalle_id": "327_3",
        "mahalle_adi": "Merkez Mah (darıören Köyü)",
        "posta_kodu": "74110"
    },
    {
        "mahalle_id": "99_3",
        "mahalle_adi": "Merkez Mah (derbent Köyü)",
        "posta_kodu": "74110"
    },
    {
        "mahalle_id": "102_3",
        "mahalle_adi": "Merkez Mah (doğaşı Köyü)",
        "posta_kodu": "74110"
    },
    {
        "mahalle_id": "65_4",
        "mahalle_adi": "Merkez Mah (ecikler Köyü)",
        "posta_kodu": "74400"
    },
    {
        "mahalle_id": "107_3",
        "mahalle_adi": "Merkez Mah (epçiler Köyü)",
        "posta_kodu": "74110"
    },
    {
        "mahalle_id": "330_3",
        "mahalle_adi": "Merkez Mah (esbey Köyü)",
        "posta_kodu": "74110"
    },
    {
        "mahalle_id": "81_4",
        "mahalle_adi": "Merkez Mah (eskihamidiye Köyü)",
        "posta_kodu": "74400"
    },
    {
        "mahalle_id": "82_4",
        "mahalle_adi": "Merkez Mah (eyüpoğlu Köyü)",
        "posta_kodu": "74400"
    },
    {
        "mahalle_id": "129_3",
        "mahalle_adi": "Merkez Mah (gençali Köyü)",
        "posta_kodu": "74110"
    },
    {
        "mahalle_id": "139_3",
        "mahalle_adi": "Merkez Mah (gökçekıran Köyü)",
        "posta_kodu": "74110"
    },
    {
        "mahalle_id": "145_3",
        "mahalle_adi": "Merkez Mah (gözpınar Köyü)",
        "posta_kodu": "74110"
    },
    {
        "mahalle_id": "154_3",
        "mahalle_adi": "Merkez Mah (hacıhatipoğlu Köyü)",
        "posta_kodu": "74110"
    },
    {
        "mahalle_id": "157_3",
        "mahalle_adi": "Merkez Mah (hacıosmanoğlu Köyü)",
        "posta_kodu": "74110"
    },
    {
        "mahalle_id": "84_4",
        "mahalle_adi": "Merkez Mah (hanyeri Köyü)",
        "posta_kodu": "74400"
    },
    {
        "mahalle_id": "89_4",
        "mahalle_adi": "Merkez Mah (hasanefendi Köyü)",
        "posta_kodu": "74400"
    },
    {
        "mahalle_id": "1_5",
        "mahalle_adi": "Merkez Mah (hasankadı Beldesi)",
        "posta_kodu": "74420"
    },
    {
        "mahalle_id": "93_4",
        "mahalle_adi": "Merkez Mah (hıdırlar Köyü)",
        "posta_kodu": "74400"
    },
    {
        "mahalle_id": "333_3",
        "mahalle_adi": "Merkez Mah (imamlar Köyü)",
        "posta_kodu": "74110"
    },
    {
        "mahalle_id": "166_3",
        "mahalle_adi": "Merkez Mah (kabagöz Köyü)",
        "posta_kodu": "74110"
    },
    {
        "mahalle_id": "169_3",
        "mahalle_adi": "Merkez Mah (kaman Köyü)",
        "posta_kodu": "74110"
    },
    {
        "mahalle_id": "176_3",
        "mahalle_adi": "Merkez Mah (karainler Köyü)",
        "posta_kodu": "74110"
    },
    {
        "mahalle_id": "335_3",
        "mahalle_adi": "Merkez Mah (karaköyşeyhler Köyü)",
        "posta_kodu": "74110"
    },
    {
        "mahalle_id": "187_3",
        "mahalle_adi": "Merkez Mah (karasu Köyü)",
        "posta_kodu": "74110"
    },
    {
        "mahalle_id": "107_4",
        "mahalle_adi": "Merkez Mah (karayakup Köyü)",
        "posta_kodu": "74400"
    },
    {
        "mahalle_id": "108_4",
        "mahalle_adi": "Merkez Mah (karşıyaka Köyü)",
        "posta_kodu": "74400"
    },
    {
        "mahalle_id": "189_3",
        "mahalle_adi": "Merkez Mah (kaşbaşı Köyü)",
        "posta_kodu": "74110"
    },
    {
        "mahalle_id": "337_3",
        "mahalle_adi": "Merkez Mah (kayacılar Köyü)",
        "posta_kodu": "74110"
    },
    {
        "mahalle_id": "194_3",
        "mahalle_adi": "Merkez Mah (kayadibiçavuş Köyü)",
        "posta_kodu": "74110"
    },
    {
        "mahalle_id": "217_3",
        "mahalle_adi": "Merkez Mah (kızılelma Köyü)",
        "posta_kodu": "74110"
    },
    {
        "mahalle_id": "224_3",
        "mahalle_adi": "Merkez Mah (kocareis Köyü)",
        "posta_kodu": "74110"
    },
    {
        "mahalle_id": "114_4",
        "mahalle_adi": "Merkez Mah (köyyeri Köyü)",
        "posta_kodu": "74400"
    },
    {
        "mahalle_id": "3_4",
        "mahalle_adi": "Merkez Mah (kozcağız Beldesi)",
        "posta_kodu": "74400"
    },
    {
        "mahalle_id": "248_3",
        "mahalle_adi": "Merkez Mah (kümesler Köyü)",
        "posta_kodu": "74110"
    },
    {
        "mahalle_id": "226_3",
        "mahalle_adi": "Merkez Mah (kurt Köyü)",
        "posta_kodu": "74110"
    },
    {
        "mahalle_id": "237_3",
        "mahalle_adi": "Merkez Mah (kutlubeytabaklar Köyü)",
        "posta_kodu": "74110"
    },
    {
        "mahalle_id": "118_4",
        "mahalle_adi": "Merkez Mah (mamak Köyü)",
        "posta_kodu": "74400"
    },
    {
        "mahalle_id": "258_3",
        "mahalle_adi": "Merkez Mah (muratbey Köyü)",
        "posta_kodu": "74110"
    },
    {
        "mahalle_id": "260_3",
        "mahalle_adi": "Merkez Mah (okçular Köyü)",
        "posta_kodu": "74110"
    },
    {
        "mahalle_id": "346_3",
        "mahalle_adi": "Merkez Mah (ören Köyü)",
        "posta_kodu": "74110"
    },
    {
        "mahalle_id": "136_4",
        "mahalle_adi": "Merkez Mah (şabankadı Köyü)",
        "posta_kodu": "74400"
    },
    {
        "mahalle_id": "278_3",
        "mahalle_adi": "Merkez Mah (şahne Köyü)",
        "posta_kodu": "74110"
    },
    {
        "mahalle_id": "265_3",
        "mahalle_adi": "Merkez Mah (saraylı Köyü)",
        "posta_kodu": "74110"
    },
    {
        "mahalle_id": "161_4",
        "mahalle_adi": "Merkez Mah (sofular Köyü)",
        "posta_kodu": "74400"
    },
    {
        "mahalle_id": "347_3",
        "mahalle_adi": "Merkez Mah (söğütlü Köyü)",
        "posta_kodu": "74110"
    },
    {
        "mahalle_id": "143_4",
        "mahalle_adi": "Merkez Mah (tasmacı Köyü)",
        "posta_kodu": "74400"
    },
    {
        "mahalle_id": "288_3",
        "mahalle_adi": "Merkez Mah (terkehatipler Köyü)",
        "posta_kodu": "74110"
    },
    {
        "mahalle_id": "293_3",
        "mahalle_adi": "Merkez Mah (topluca Köyü)",
        "posta_kodu": "74110"
    },
    {
        "mahalle_id": "301_3",
        "mahalle_adi": "Merkez Mah (tuzcular Köyü)",
        "posta_kodu": "74110"
    },
    {
        "mahalle_id": "303_3",
        "mahalle_adi": "Merkez Mah (uğurlar Köyü)",
        "posta_kodu": "74110"
    },
    {
        "mahalle_id": "307_3",
        "mahalle_adi": "Merkez Mah (ulugeçitambarcı Köyü)",
        "posta_kodu": "74110"
    },
    {
        "mahalle_id": "311_3",
        "mahalle_adi": "Merkez Mah (ulugeçitkadı Köyü)",
        "posta_kodu": "74110"
    },
    {
        "mahalle_id": "317_3",
        "mahalle_adi": "Merkez Mah (yanaz Köyü)",
        "posta_kodu": "74110"
    },
    {
        "mahalle_id": "152_4",
        "mahalle_adi": "Merkez Mah (yeğenli Köyü)",
        "posta_kodu": "74400"
    },
    {
        "mahalle_id": "156_4",
        "mahalle_adi": "Merkez Mah (yenihamidiye Köyü)",
        "posta_kodu": "74400"
    },
    {
        "mahalle_id": "353_3",
        "mahalle_adi": "Merkez Mah (yeniköy Köyü)",
        "posta_kodu": "74110"
    },
    {
        "mahalle_id": "221_3",
        "mahalle_adi": "Merkez Mah (yeşilkaya Köyü)",
        "posta_kodu": "74110"
    },
    {
        "mahalle_id": "132_4",
        "mahalle_adi": "Meryemoğlu Mah (sütlüce Köyü)",
        "posta_kodu": "74400"
    },
    {
        "mahalle_id": "324_3",
        "mahalle_adi": "Meydan Mah (darıören Köyü)",
        "posta_kodu": "74110"
    },
    {
        "mahalle_id": "104_3",
        "mahalle_adi": "Meydan Mah (doğaşı Köyü)",
        "posta_kodu": "74110"
    },
    {
        "mahalle_id": "352_3",
        "mahalle_adi": "Meydan Mah (şahin Köyü)",
        "posta_kodu": "74110"
    },
    {
        "mahalle_id": "308_3",
        "mahalle_adi": "Molla Mah (ulugeçitambarcı Köyü)",
        "posta_kodu": "74110"
    },
    {
        "mahalle_id": "292_3",
        "mahalle_adi": "Molla Osman Mah (topluca Köyü)",
        "posta_kodu": "74110"
    },
    {
        "mahalle_id": "135_3",
        "mahalle_adi": "Mollabekir Mah (geriş Köyü)",
        "posta_kodu": "74110"
    },
    {
        "mahalle_id": "38_3",
        "mahalle_adi": "Mugada Mah (arıönü Köyü)",
        "posta_kodu": "74110"
    },
    {
        "mahalle_id": "36_3",
        "mahalle_adi": "Mugada Sahil Mah (arıönü Köyü)",
        "posta_kodu": "74110"
    },
    {
        "mahalle_id": "294_3",
        "mahalle_adi": "Muhacirler Mah (topluca Köyü)",
        "posta_kodu": "74110"
    },
    {
        "mahalle_id": "312_3",
        "mahalle_adi": "Musakalfaoglu Mah (ulugeçitkadı Köyü)",
        "posta_kodu": "74110"
    },
    {
        "mahalle_id": "92_4",
        "mahalle_adi": "Musaoğlu Mah (hasanefendi Köyü)",
        "posta_kodu": "74400"
    },
    {
        "mahalle_id": "285_3",
        "mahalle_adi": "Mutaf Mah (terkehaliller Köyü)",
        "posta_kodu": "74110"
    },
    {
        "mahalle_id": "100_4",
        "mahalle_adi": "Muzafferler Mah (hocaoğlu Köyü)",
        "posta_kodu": "74400"
    },
    {
        "mahalle_id": "86_3",
        "mahalle_adi": "Nane Mah (çeştepe Köyü)",
        "posta_kodu": "74110"
    },
    {
        "mahalle_id": "279_3",
        "mahalle_adi": "Nasuh Mah (tabanözü Köyü)",
        "posta_kodu": "74110"
    },
    {
        "mahalle_id": "87_4",
        "mahalle_adi": "Neziroğlu Mah (hasanefendi Köyü)",
        "posta_kodu": "74400"
    },
    {
        "mahalle_id": "68_3",
        "mahalle_adi": "Odamehmetoğlu Mah (çakırdemirci Köyü)",
        "posta_kodu": "74110"
    },
    {
        "mahalle_id": "338_3",
        "mahalle_adi": "Okçular Mah (kayacılar Köyü)",
        "posta_kodu": "74110"
    },
    {
        "mahalle_id": "6_1",
        "mahalle_adi": "Okulak Mah",
        "posta_kodu": "74100"
    },
    {
        "mahalle_id": "140_4",
        "mahalle_adi": "Ölçekoğlu Mah (tasmacı Köyü)",
        "posta_kodu": "74400"
    },
    {
        "mahalle_id": "17_3",
        "mahalle_adi": "Ömerköy Mah (akçalı Köyü)",
        "posta_kodu": "74110"
    },
    {
        "mahalle_id": "70_4",
        "mahalle_adi": "Ömerler Mah (ecikler Köyü)",
        "posta_kodu": "74400"
    },
    {
        "mahalle_id": "181_3",
        "mahalle_adi": "Ömerler Mah (karamazak Köyü)",
        "posta_kodu": "74110"
    },
    {
        "mahalle_id": "7_1",
        "mahalle_adi": "Orduyeri Mah",
        "posta_kodu": "74100"
    },
    {
        "mahalle_id": "205_3",
        "mahalle_adi": "Örencik Mah (kayadibikavlak Köyü)",
        "posta_kodu": "74110"
    },
    {
        "mahalle_id": "355_3",
        "mahalle_adi": "Organize Sanayi Bölgesi Mah (yanaz Köyü)",
        "posta_kodu": "74110"
    },
    {
        "mahalle_id": "23_3",
        "mahalle_adi": "Ormanoğlu Mah (akmanlar Köyü)",
        "posta_kodu": "74110"
    },
    {
        "mahalle_id": "8_1",
        "mahalle_adi": "Orta Mah",
        "posta_kodu": "74100"
    },
    {
        "mahalle_id": "27_3",
        "mahalle_adi": "Orta Mah (akpınar Köyü)",
        "posta_kodu": "74110"
    },
    {
        "mahalle_id": "31_4",
        "mahalle_adi": "Orta Mah (aşağıdere Köyü)",
        "posta_kodu": "74400"
    },
    {
        "mahalle_id": "53_4",
        "mahalle_adi": "Orta Mah (çaybükü Köyü)",
        "posta_kodu": "74400"
    },
    {
        "mahalle_id": "83_3",
        "mahalle_adi": "Orta Mah (çayır Köyü)",
        "posta_kodu": "74110"
    },
    {
        "mahalle_id": "137_3",
        "mahalle_adi": "Orta Mah (gerişkatırcı Köyü)",
        "posta_kodu": "74110"
    },
    {
        "mahalle_id": "143_3",
        "mahalle_adi": "Orta Mah (gökçekıran Köyü)",
        "posta_kodu": "74110"
    },
    {
        "mahalle_id": "249_3",
        "mahalle_adi": "Orta Mah (kümesler Köyü)",
        "posta_kodu": "74110"
    },
    {
        "mahalle_id": "256_3",
        "mahalle_adi": "Orta Mah (mekeçler Köyü)",
        "posta_kodu": "74110"
    },
    {
        "mahalle_id": "135_4",
        "mahalle_adi": "Orta Mah (şabankadı Köyü)",
        "posta_kodu": "74400"
    },
    {
        "mahalle_id": "131_4",
        "mahalle_adi": "Orta Mah (sütlüce Köyü)",
        "posta_kodu": "74400"
    },
    {
        "mahalle_id": "146_4",
        "mahalle_adi": "Orta Mah (uluköy Köyü)",
        "posta_kodu": "74400"
    },
    {
        "mahalle_id": "90_4",
        "mahalle_adi": "Ortaçay Mah (hasanefendi Köyü)",
        "posta_kodu": "74400"
    },
    {
        "mahalle_id": "12_3",
        "mahalle_adi": "Ortaköy Mah (akçalı Köyü)",
        "posta_kodu": "74110"
    },
    {
        "mahalle_id": "38_4",
        "mahalle_adi": "Oruçlar Mah (bakioğlu Köyü)",
        "posta_kodu": "74400"
    },
    {
        "mahalle_id": "10_3",
        "mahalle_adi": "Osman Mah (akbaba Köyü)",
        "posta_kodu": "74110"
    },
    {
        "mahalle_id": "198_3",
        "mahalle_adi": "Osman Mah (kayadibikavlak Köyü)",
        "posta_kodu": "74110"
    },
    {
        "mahalle_id": "159_3",
        "mahalle_adi": "Osmanbaşoğlu Mah (hacıosmanoğlu Köyü)",
        "posta_kodu": "74110"
    },
    {
        "mahalle_id": "10_4",
        "mahalle_adi": "Osmanbeyoğlu Mah (akbaş Köyü)",
        "posta_kodu": "74400"
    },
    {
        "mahalle_id": "66_3",
        "mahalle_adi": "Öteyüz Mah (büyükkızılkum Köyü)",
        "posta_kodu": "74110"
    },
    {
        "mahalle_id": "336_3",
        "mahalle_adi": "Ovazlar Mah (karaköyşeyhler Köyü)",
        "posta_kodu": "74110"
    },
    {
        "mahalle_id": "96_4",
        "mahalle_adi": "Özcanlar Mah (hocaoğlu Köyü)",
        "posta_kodu": "74400"
    },
    {
        "mahalle_id": "47_3",
        "mahalle_adi": "Pirnallar Mah (bayıryüzü Köyü)",
        "posta_kodu": "74110"
    },
    {
        "mahalle_id": "148_3",
        "mahalle_adi": "Postal Mah (gürpınar Köyü)",
        "posta_kodu": "74110"
    },
    {
        "mahalle_id": "67_3",
        "mahalle_adi": "Recepoğlu Mah (çakırdemirci Köyü)",
        "posta_kodu": "74110"
    },
    {
        "mahalle_id": "230_3",
        "mahalle_adi": "Receppaşa Mah (kurt Köyü)",
        "posta_kodu": "74110"
    },
    {
        "mahalle_id": "2_5",
        "mahalle_adi": "Şabankadı Mah (hasankadı Beldesi)",
        "posta_kodu": "74420"
    },
    {
        "mahalle_id": "241_3",
        "mahalle_adi": "Şabanlar Mah (kutlubeyyazıcılar Köyü)",
        "posta_kodu": "74110"
    },
    {
        "mahalle_id": "351_3",
        "mahalle_adi": "Şahin Mah (şahin Köyü)",
        "posta_kodu": "74110"
    },
    {
        "mahalle_id": "257_3",
        "mahalle_adi": "Şahin Paşa Mah (mekeçler Köyü)",
        "posta_kodu": "74110"
    },
    {
        "mahalle_id": "103_3",
        "mahalle_adi": "Şahne Mah (doğaşı Köyü)",
        "posta_kodu": "74110"
    },
    {
        "mahalle_id": "70_3",
        "mahalle_adi": "Sakaoğlu Mah (çakırkadı Köyü)",
        "posta_kodu": "74110"
    },
    {
        "mahalle_id": "316_3",
        "mahalle_adi": "Sakaoğlu Mah (ulugeçitkadı Köyü)",
        "posta_kodu": "74110"
    },
    {
        "mahalle_id": "98_4",
        "mahalle_adi": "Şanlılar Mah (hocaoğlu Köyü)",
        "posta_kodu": "74400"
    },
    {
        "mahalle_id": "48_4",
        "mahalle_adi": "Saraçlar Mah (celilbeyoğlu Köyü)",
        "posta_kodu": "74400"
    },
    {
        "mahalle_id": "244_3",
        "mahalle_adi": "Sarımsakçıoğlu Mah (küçükkızılkum Köyü)",
        "posta_kodu": "74110"
    },
    {
        "mahalle_id": "35_4",
        "mahalle_adi": "Satılmışoğlu Mah (bakioğlu Köyü)",
        "posta_kodu": "74400"
    },
    {
        "mahalle_id": "11_4",
        "mahalle_adi": "Sazlık Mah (akbaş Köyü)",
        "posta_kodu": "74400"
    },
    {
        "mahalle_id": "20_3",
        "mahalle_adi": "Seferler Mah (akmanlar Köyü)",
        "posta_kodu": "74110"
    },
    {
        "mahalle_id": "65_3",
        "mahalle_adi": "Şehit Furkan Yılmaz Mah (büyükkızılkum Köyü)",
        "posta_kodu": "74110"
    },
    {
        "mahalle_id": "276_3",
        "mahalle_adi": "Sinoplu Mah (şiremirtabaklar Köyü)",
        "posta_kodu": "74110"
    },
    {
        "mahalle_id": "273_3",
        "mahalle_adi": "Sipahiler Köyü",
        "posta_kodu": "74110"
    },
    {
        "mahalle_id": "77_3",
        "mahalle_adi": "Şıpben Mah (çamaltı Köyü)",
        "posta_kodu": "74110"
    },
    {
        "mahalle_id": "345_3",
        "mahalle_adi": "Sıralı Mah (ören Köyü)",
        "posta_kodu": "74110"
    },
    {
        "mahalle_id": "13_1",
        "mahalle_adi": "Şiremirçavuş Mah",
        "posta_kodu": "74100"
    },
    {
        "mahalle_id": "139_4",
        "mahalle_adi": "Şirinköy Köyü",
        "posta_kodu": "74400"
    },
    {
        "mahalle_id": "127_3",
        "mahalle_adi": "Şişman Mah (gençali Köyü)",
        "posta_kodu": "74110"
    },
    {
        "mahalle_id": "63_4",
        "mahalle_adi": "Şıvgılar Mah (ecikler Köyü)",
        "posta_kodu": "74400"
    },
    {
        "mahalle_id": "120_3",
        "mahalle_adi": "Sofular Mah (kutlubeyyazıcılar Köyü)",
        "posta_kodu": "74110"
    },
    {
        "mahalle_id": "57_4",
        "mahalle_adi": "Solganlar Mah (dırazlar Köyü)",
        "posta_kodu": "74400"
    },
    {
        "mahalle_id": "101_4",
        "mahalle_adi": "Subaşı Mah (hocaoğlu Köyü)",
        "posta_kodu": "74400"
    },
    {
        "mahalle_id": "182_3",
        "mahalle_adi": "Sucuoğlu Mah (karamazak Köyü)",
        "posta_kodu": "74110"
    },
    {
        "mahalle_id": "313_3",
        "mahalle_adi": "Tabaklar Mah (ulugeçitkadı Köyü)",
        "posta_kodu": "74110"
    },
    {
        "mahalle_id": "75_3",
        "mahalle_adi": "Tabaklı Mah (çakırömerağa Köyü)",
        "posta_kodu": "74110"
    },
    {
        "mahalle_id": "236_3",
        "mahalle_adi": "Tabakoğlu Mah (kutlubeytabaklar Köyü)",
        "posta_kodu": "74110"
    },
    {
        "mahalle_id": "305_3",
        "mahalle_adi": "Taş Köprü Mah (uğurlar Köyü)",
        "posta_kodu": "74110"
    },
    {
        "mahalle_id": "118_3",
        "mahalle_adi": "Tataroğlu Mah (esenyurt Köyü)",
        "posta_kodu": "74110"
    },
    {
        "mahalle_id": "9_3",
        "mahalle_adi": "Tekke Mah (akbaba Köyü)",
        "posta_kodu": "74110"
    },
    {
        "mahalle_id": "28_4",
        "mahalle_adi": "Tekke Mah (akçamescit Köyü)",
        "posta_kodu": "74400"
    },
    {
        "mahalle_id": "242_3",
        "mahalle_adi": "Tellioğlu Mah (kutlubeyyazıcılar Köyü)",
        "posta_kodu": "74110"
    },
    {
        "mahalle_id": "94_4",
        "mahalle_adi": "Tepeyanı Mah (hıdırlar Köyü)",
        "posta_kodu": "74400"
    },
    {
        "mahalle_id": "33_4",
        "mahalle_adi": "Terezoğlu Mah (bakioğlu Köyü)",
        "posta_kodu": "74400"
    },
    {
        "mahalle_id": "283_3",
        "mahalle_adi": "Terke Mah (terkehaliller Köyü)",
        "posta_kodu": "74110"
    },
    {
        "mahalle_id": "262_3",
        "mahalle_adi": "Terkeli Mah (okçular Köyü)",
        "posta_kodu": "74110"
    },
    {
        "mahalle_id": "71_4",
        "mahalle_adi": "Tıra Mah (ecikler Köyü)",
        "posta_kodu": "74400"
    },
    {
        "mahalle_id": "9_4",
        "mahalle_adi": "Tokluoğlu Mah (akbaş Köyü)",
        "posta_kodu": "74400"
    },
    {
        "mahalle_id": "98_3",
        "mahalle_adi": "Tomaç Mah (dallıca Köyü)",
        "posta_kodu": "74110"
    },
    {
        "mahalle_id": "25_4",
        "mahalle_adi": "Topal Ali Mah (akçamescit Köyü)",
        "posta_kodu": "74400"
    },
    {
        "mahalle_id": "175_3",
        "mahalle_adi": "Topalcıoğlu Mah (karahüseyinli Köyü)",
        "posta_kodu": "74110"
    },
    {
        "mahalle_id": "109_4",
        "mahalle_adi": "Topallar Mah (karşıyaka Köyü)",
        "posta_kodu": "74400"
    },
    {
        "mahalle_id": "309_3",
        "mahalle_adi": "Topallar Mah (ulugeçitambarcı Köyü)",
        "posta_kodu": "74110"
    },
    {
        "mahalle_id": "158_4",
        "mahalle_adi": "Topallar Mah (yeşilyurt Köyü)",
        "posta_kodu": "74400"
    },
    {
        "mahalle_id": "39_3",
        "mahalle_adi": "Topsakal Mah (arıönü Köyü)",
        "posta_kodu": "74110"
    },
    {
        "mahalle_id": "68_4",
        "mahalle_adi": "Toroğlu Mah (ecikler Köyü)",
        "posta_kodu": "74400"
    },
    {
        "mahalle_id": "116_3",
        "mahalle_adi": "Tüfenkçioğlu Mah (esenyurt Köyü)",
        "posta_kodu": "74110"
    },
    {
        "mahalle_id": "3_5",
        "mahalle_adi": "Tüloğlu Mah (hasankadı Beldesi)",
        "posta_kodu": "74420"
    },
    {
        "mahalle_id": "9_1",
        "mahalle_adi": "Tuna Mah",
        "posta_kodu": "74100"
    },
    {
        "mahalle_id": "362_3",
        "mahalle_adi": "Turanlar Köyü",
        "posta_kodu": "74110"
    },
    {
        "mahalle_id": "110_3",
        "mahalle_adi": "Türbeci Mah (epçilerkadı Köyü)",
        "posta_kodu": "74110"
    },
    {
        "mahalle_id": "33_3",
        "mahalle_adi": "Türdü Mah (akpınar Köyü)",
        "posta_kodu": "74110"
    },
    {
        "mahalle_id": "150_4",
        "mahalle_adi": "Turuplar Mah (ustaoğlu Köyü)",
        "posta_kodu": "74400"
    },
    {
        "mahalle_id": "322_3",
        "mahalle_adi": "Uçarı Mah (aydınlar Köyü)",
        "posta_kodu": "74110"
    },
    {
        "mahalle_id": "171_3",
        "mahalle_adi": "Üçkurnalı Mah (kaman Köyü)",
        "posta_kodu": "74110"
    },
    {
        "mahalle_id": "8_4",
        "mahalle_adi": "Uslular Mah (akağaç Köyü)",
        "posta_kodu": "74400"
    },
    {
        "mahalle_id": "82_3",
        "mahalle_adi": "Uzunlar Mah (çayır Köyü)",
        "posta_kodu": "74110"
    },
    {
        "mahalle_id": "315_3",
        "mahalle_adi": "Uzunlar Mah (ulugeçitkadı Köyü)",
        "posta_kodu": "74110"
    },
    {
        "mahalle_id": "365_3",
        "mahalle_adi": "Uzunöz Mah",
        "posta_kodu": "74110"
    },
    {
        "mahalle_id": "289_3",
        "mahalle_adi": "Yağcı Mah (terkehatipler Köyü)",
        "posta_kodu": "74110"
    },
    {
        "mahalle_id": "170_3",
        "mahalle_adi": "Yanık Mah (kaman Köyü)",
        "posta_kodu": "74110"
    },
    {
        "mahalle_id": "138_3",
        "mahalle_adi": "Yayalar Mah (gerişkatırcı Köyü)",
        "posta_kodu": "74110"
    },
    {
        "mahalle_id": "152_3",
        "mahalle_adi": "Yaylacık Mah (güzelcehisar Köyü)",
        "posta_kodu": "74110"
    },
    {
        "mahalle_id": "238_3",
        "mahalle_adi": "Yazıcılar Mah (kutlubeyyazıcılar Köyü)",
        "posta_kodu": "74110"
    },
    {
        "mahalle_id": "348_3",
        "mahalle_adi": "Yazıcılar Mah (söğütlü Köyü)",
        "posta_kodu": "74110"
    },
    {
        "mahalle_id": "274_3",
        "mahalle_adi": "Yemenici Mah (şiremirtabaklar Köyü)",
        "posta_kodu": "74110"
    },
    {
        "mahalle_id": "32_3",
        "mahalle_adi": "Yeni Mah (akpınar Köyü)",
        "posta_kodu": "74110"
    },
    {
        "mahalle_id": "46_4",
        "mahalle_adi": "Yeni Mah (bedil Köyü)",
        "posta_kodu": "74400"
    },
    {
        "mahalle_id": "140_3",
        "mahalle_adi": "Yeni Mah (gökçekıran Köyü)",
        "posta_kodu": "74110"
    },
    {
        "mahalle_id": "239_3",
        "mahalle_adi": "Yeni Mah (kutlubeyyazıcılar Köyü)",
        "posta_kodu": "74110"
    },
    {
        "mahalle_id": "254_3",
        "mahalle_adi": "Yeni Mah (mekeçler Köyü)",
        "posta_kodu": "74110"
    },
    {
        "mahalle_id": "147_4",
        "mahalle_adi": "Yeni Mah (ustaoğlu Köyü)",
        "posta_kodu": "74400"
    },
    {
        "mahalle_id": "63_3",
        "mahalle_adi": "Yeniev Mah (büyükkızılkum Köyü)",
        "posta_kodu": "74110"
    },
    {
        "mahalle_id": "163_4",
        "mahalle_adi": "Yenişar Mah (kozcağız Beldesi)",
        "posta_kodu": "74400"
    },
    {
        "mahalle_id": "43_3",
        "mahalle_adi": "Yılancılar Mah (bayıryüzü Köyü)",
        "posta_kodu": "74110"
    },
    {
        "mahalle_id": "15_1",
        "mahalle_adi": "Yıldız Mah",
        "posta_kodu": "74100"
    },
    {
        "mahalle_id": "97_4",
        "mahalle_adi": "Yılmazlar Mah (hocaoğlu Köyü)",
        "posta_kodu": "74400"
    },
    {
        "mahalle_id": "126_4",
        "mahalle_adi": "Yukarı Ali Osmanlar Mah (özbaşı Köyü)",
        "posta_kodu": "74400"
    },
    {
        "mahalle_id": "4_4",
        "mahalle_adi": "Yukarı Mah (akağaç Köyü)",
        "posta_kodu": "74400"
    },
    {
        "mahalle_id": "32_4",
        "mahalle_adi": "Yukarı Mah (aşağıdere Köyü)",
        "posta_kodu": "74400"
    },
    {
        "mahalle_id": "81_3",
        "mahalle_adi": "Yukarı Mah (çayır Köyü)",
        "posta_kodu": "74110"
    },
    {
        "mahalle_id": "74_4",
        "mahalle_adi": "Yukarı Mah (ellibaş Köyü)",
        "posta_kodu": "74400"
    },
    {
        "mahalle_id": "114_3",
        "mahalle_adi": "Yukarı Mah (epçilerkadı Köyü)",
        "posta_kodu": "74110"
    },
    {
        "mahalle_id": "132_3",
        "mahalle_adi": "Yukarı Mah (geriş Köyü)",
        "posta_kodu": "74110"
    },
    {
        "mahalle_id": "105_4",
        "mahalle_adi": "Yukarı Mah (karacaoğlu Köyü)",
        "posta_kodu": "74400"
    },
    {
        "mahalle_id": "174_3",
        "mahalle_adi": "Yukarı Mah (karahüseyinli Köyü)",
        "posta_kodu": "74110"
    },
    {
        "mahalle_id": "123_4",
        "mahalle_adi": "Yukarı Mah (özbaşı Köyü)",
        "posta_kodu": "74400"
    },
    {
        "mahalle_id": "129_4",
        "mahalle_adi": "Yukarı Mah (sülek Köyü)",
        "posta_kodu": "74400"
    },
    {
        "mahalle_id": "144_4",
        "mahalle_adi": "Yukarı Mah (uluköy Köyü)",
        "posta_kodu": "74400"
    },
    {
        "mahalle_id": "125_4",
        "mahalle_adi": "Yukarı Mahelle Merkez Tosyanı Mah (özbaşı Köyü)",
        "posta_kodu": "74400"
    },
    {
        "mahalle_id": "124_4",
        "mahalle_adi": "Yukarı Yabalar Mah (özbaşı Köyü)",
        "posta_kodu": "74400"
    },
    {
        "mahalle_id": "15_3",
        "mahalle_adi": "Yukarıköy Mah (akçalı Köyü)",
        "posta_kodu": "74110"
    },
    {
        "mahalle_id": "363_3",
        "mahalle_adi": "Yukarışeyhler Köyü",
        "posta_kodu": "74110"
    },
    {
        "mahalle_id": "227_3",
        "mahalle_adi": "Yumuşaklar Mah (kurt Köyü)",
        "posta_kodu": "74110"
    },
    {
        "mahalle_id": "158_3",
        "mahalle_adi": "Yusufbaşoglu Mah (hacıosmanoğlu Köyü)",
        "posta_kodu": "74110"
    },
    {
        "mahalle_id": "40_3",
        "mahalle_adi": "Yusufoğlu Mah (arıönü Köyü)",
        "posta_kodu": "74110"
    },
    {
        "mahalle_id": "121_3",
        "mahalle_adi": "Zeybekler Mah (esenyurt Köyü)",
        "posta_kodu": "74110"
    },
    {
        "mahalle_id": "44_4",
        "mahalle_adi": "Zoroğlu Mah (bedil Köyü)",
        "posta_kodu": "74400"
    },
    {
        "mahalle_id": "117_3",
        "mahalle_adi": "Zotlar Mah (esenyurt Köyü)",
        "posta_kodu": "74110"
    }
]