[
    {
        "mahalle_id": "59_2",
        "mahalle_adi": "Acemler Mah (doğancılar Köyü)",
        "posta_kodu": "78402"
    },
    {
        "mahalle_id": "3_2",
        "mahalle_adi": "Adiller Yayla Evleri Mah (adiller Köyü)",
        "posta_kodu": "78402"
    },
    {
        "mahalle_id": "6_2",
        "mahalle_adi": "Ağırtaş Mah (arslanlar Köyü)",
        "posta_kodu": "78402"
    },
    {
        "mahalle_id": "85_2",
        "mahalle_adi": "Akpınar Mah (haslı Köyü)",
        "posta_kodu": "78402"
    },
    {
        "mahalle_id": "70_2",
        "mahalle_adi": "Aksu Mah (gözlü Köyü)",
        "posta_kodu": "78402"
    },
    {
        "mahalle_id": "94_2",
        "mahalle_adi": "Alan Yaylası Mah (kabaarmut Köyü)",
        "posta_kodu": "78402"
    },
    {
        "mahalle_id": "36_2",
        "mahalle_adi": "Aşağı Bulduk Mah (bulduk Köyü)",
        "posta_kodu": "78402"
    },
    {
        "mahalle_id": "103_2",
        "mahalle_adi": "Aşağı Karahasanlar Mah (karahasanlar Köyü)",
        "posta_kodu": "78402"
    },
    {
        "mahalle_id": "82_2",
        "mahalle_adi": "Aşağı Kazlar Mah (haslı Köyü)",
        "posta_kodu": "78402"
    },
    {
        "mahalle_id": "160_2",
        "mahalle_adi": "Aşağı Keçeler Mah (yazıkavak Köyü)",
        "posta_kodu": "78402"
    },
    {
        "mahalle_id": "102_2",
        "mahalle_adi": "Aşağı Saray Mah (karahasanlar Köyü)",
        "posta_kodu": "78402"
    },
    {
        "mahalle_id": "1_1",
        "mahalle_adi": "Bahçepınar Mah",
        "posta_kodu": "78400"
    },
    {
        "mahalle_id": "35_2",
        "mahalle_adi": "Baldanlar Mah (budaklar Köyü)",
        "posta_kodu": "78402"
    },
    {
        "mahalle_id": "17_2",
        "mahalle_adi": "Bayındır Köyü",
        "posta_kodu": "78402"
    },
    {
        "mahalle_id": "167_2",
        "mahalle_adi": "Bekir Mah (yürecik Köyü)",
        "posta_kodu": "78402"
    },
    {
        "mahalle_id": "98_2",
        "mahalle_adi": "Beye Mah (kapaklı Köyü)",
        "posta_kodu": "78402"
    },
    {
        "mahalle_id": "23_2",
        "mahalle_adi": "Beytarla Yaylası Mah (beytarla Köyü)",
        "posta_kodu": "78402"
    },
    {
        "mahalle_id": "1_2",
        "mahalle_adi": "Bölme Mah (adiller Köyü)",
        "posta_kodu": "78402"
    },
    {
        "mahalle_id": "77_2",
        "mahalle_adi": "Bürnük Mah (hamzalar Köyü)",
        "posta_kodu": "78402"
    },
    {
        "mahalle_id": "60_2",
        "mahalle_adi": "Büyüktarla Mah (doğancılar Köyü)",
        "posta_kodu": "78402"
    },
    {
        "mahalle_id": "170_2",
        "mahalle_adi": "Çatacık Mah (yürecik Köyü)",
        "posta_kodu": "78402"
    },
    {
        "mahalle_id": "109_2",
        "mahalle_adi": "Çavuşlar Mah (köyceğiz Köyü)",
        "posta_kodu": "78402"
    },
    {
        "mahalle_id": "105_2",
        "mahalle_adi": "Çay Mah (karaören Köyü)",
        "posta_kodu": "78402"
    },
    {
        "mahalle_id": "22_2",
        "mahalle_adi": "Çekiçler Mah (beytarla Köyü)",
        "posta_kodu": "78402"
    },
    {
        "mahalle_id": "121_2",
        "mahalle_adi": "Çetiören Mah (ova Köyü)",
        "posta_kodu": "78402"
    },
    {
        "mahalle_id": "39_2",
        "mahalle_adi": "Çötler Mah (büyükyayalar Köyü)",
        "posta_kodu": "78402"
    },
    {
        "mahalle_id": "163_2",
        "mahalle_adi": "Cumaderesi Mah (yeşiller Köyü)",
        "posta_kodu": "78402"
    },
    {
        "mahalle_id": "20_2",
        "mahalle_adi": "Dağcıoğlu Mah (belen Köyü)",
        "posta_kodu": "78402"
    },
    {
        "mahalle_id": "49_2",
        "mahalle_adi": "Değirmenbaşı Mah (deresemail Köyü)",
        "posta_kodu": "78402"
    },
    {
        "mahalle_id": "113_2",
        "mahalle_adi": "Demirci Mah (kulat Köyü)",
        "posta_kodu": "78402"
    },
    {
        "mahalle_id": "106_2",
        "mahalle_adi": "Demirciler Mah (karaören Köyü)",
        "posta_kodu": "78402"
    },
    {
        "mahalle_id": "143_2",
        "mahalle_adi": "Demirciler Mah (şevkiler Köyü)",
        "posta_kodu": "78402"
    },
    {
        "mahalle_id": "54_2",
        "mahalle_adi": "Dere Mah (deresoplan Köyü)",
        "posta_kodu": "78402"
    },
    {
        "mahalle_id": "81_2",
        "mahalle_adi": "Dereağıl Mah (haslı Köyü)",
        "posta_kodu": "78402"
    },
    {
        "mahalle_id": "139_2",
        "mahalle_adi": "Dereköy Mah (sofular Köyü)",
        "posta_kodu": "78402"
    },
    {
        "mahalle_id": "63_2",
        "mahalle_adi": "Doğanlar Mah (doğlacık Köyü)",
        "posta_kodu": "78402"
    },
    {
        "mahalle_id": "140_2",
        "mahalle_adi": "Doğucular Mah (söbüçimen Köyü)",
        "posta_kodu": "78402"
    },
    {
        "mahalle_id": "66_2",
        "mahalle_adi": "Domi Mah (gözlü Köyü)",
        "posta_kodu": "78402"
    },
    {
        "mahalle_id": "154_2",
        "mahalle_adi": "Doruklar Mah (topçalı Köyü)",
        "posta_kodu": "78402"
    },
    {
        "mahalle_id": "65_2",
        "mahalle_adi": "Durallar Mah (gözlü Köyü)",
        "posta_kodu": "78402"
    },
    {
        "mahalle_id": "40_2",
        "mahalle_adi": "Durmuşlar Mah (büyükyayalar Köyü)",
        "posta_kodu": "78402"
    },
    {
        "mahalle_id": "34_2",
        "mahalle_adi": "Eleler Mah (budaklar Köyü)",
        "posta_kodu": "78402"
    },
    {
        "mahalle_id": "93_2",
        "mahalle_adi": "Emirler Mah (kabaarmut Köyü)",
        "posta_kodu": "78402"
    },
    {
        "mahalle_id": "149_2",
        "mahalle_adi": "Emiroğlu Mah (tamışlar Köyü)",
        "posta_kodu": "78402"
    },
    {
        "mahalle_id": "104_2",
        "mahalle_adi": "Ericek Mah (karaören Köyü)",
        "posta_kodu": "78402"
    },
    {
        "mahalle_id": "168_2",
        "mahalle_adi": "Eserler Mah (yürecik Köyü)",
        "posta_kodu": "78402"
    },
    {
        "mahalle_id": "4_2",
        "mahalle_adi": "Gevrekler Mah (arslanlar Köyü)",
        "posta_kodu": "78402"
    },
    {
        "mahalle_id": "48_2",
        "mahalle_adi": "Gölet Mah (deresemail Köyü)",
        "posta_kodu": "78402"
    },
    {
        "mahalle_id": "42_2",
        "mahalle_adi": "Gövez Mah (çaylı Köyü)",
        "posta_kodu": "78402"
    },
    {
        "mahalle_id": "52_2",
        "mahalle_adi": "Gözyeri Mah (deresoplan Köyü)",
        "posta_kodu": "78402"
    },
    {
        "mahalle_id": "55_2",
        "mahalle_adi": "Güney Mah (deresoplan Köyü)",
        "posta_kodu": "78402"
    },
    {
        "mahalle_id": "33_2",
        "mahalle_adi": "Hacı Ahmetler Mah (budaklar Köyü)",
        "posta_kodu": "78402"
    },
    {
        "mahalle_id": "15_2",
        "mahalle_adi": "Hacılar Mah (başpınar Köyü)",
        "posta_kodu": "78402"
    },
    {
        "mahalle_id": "79_2",
        "mahalle_adi": "Hasanlar Köyü",
        "posta_kodu": "78402"
    },
    {
        "mahalle_id": "62_2",
        "mahalle_adi": "Hatipler Mah (doğlacık Köyü)",
        "posta_kodu": "78402"
    },
    {
        "mahalle_id": "46_2",
        "mahalle_adi": "Haydarlar Mah (çömlekçiler Köyü)",
        "posta_kodu": "78402"
    },
    {
        "mahalle_id": "136_2",
        "mahalle_adi": "İmamlar Mah (sofular Köyü)",
        "posta_kodu": "78402"
    },
    {
        "mahalle_id": "86_2",
        "mahalle_adi": "İmanlar Köyü",
        "posta_kodu": "78402"
    },
    {
        "mahalle_id": "144_2",
        "mahalle_adi": "İmciler Mah (şevkiler Köyü)",
        "posta_kodu": "78402"
    },
    {
        "mahalle_id": "72_2",
        "mahalle_adi": "İsmetpaşa Mah (hamamlı Köyü)",
        "posta_kodu": "78402"
    },
    {
        "mahalle_id": "2_1",
        "mahalle_adi": "İstasyon Mah",
        "posta_kodu": "78400"
    },
    {
        "mahalle_id": "8_2",
        "mahalle_adi": "İstasyon Mah (arslanlar Köyü)",
        "posta_kodu": "78402"
    },
    {
        "mahalle_id": "30_2",
        "mahalle_adi": "Kabaca Mah (bölükören Köyü)",
        "posta_kodu": "78402"
    },
    {
        "mahalle_id": "68_2",
        "mahalle_adi": "Kadıllar Mah (gözlü Köyü)",
        "posta_kodu": "78402"
    },
    {
        "mahalle_id": "99_2",
        "mahalle_adi": "Kapucular Köyü",
        "posta_kodu": "78402"
    },
    {
        "mahalle_id": "133_2",
        "mahalle_adi": "Karaköy Mah (sofular Köyü)",
        "posta_kodu": "78402"
    },
    {
        "mahalle_id": "56_2",
        "mahalle_adi": "Karapınar Mah (deresoplan Köyü)",
        "posta_kodu": "78402"
    },
    {
        "mahalle_id": "164_2",
        "mahalle_adi": "Karasu Mah (yeşiller Köyü)",
        "posta_kodu": "78402"
    },
    {
        "mahalle_id": "26_2",
        "mahalle_adi": "Kargın Mah (boncuklar Köyü)",
        "posta_kodu": "78402"
    },
    {
        "mahalle_id": "74_2",
        "mahalle_adi": "Karşı Mah (hamzalar Köyü)",
        "posta_kodu": "78402"
    },
    {
        "mahalle_id": "10_2",
        "mahalle_adi": "Kartak Mah (babalar Köyü)",
        "posta_kodu": "78402"
    },
    {
        "mahalle_id": "3_1",
        "mahalle_adi": "Kıranköy Mah",
        "posta_kodu": "78400"
    },
    {
        "mahalle_id": "92_2",
        "mahalle_adi": "Kirazgil Mah (kabaarmut Köyü)",
        "posta_kodu": "78402"
    },
    {
        "mahalle_id": "135_2",
        "mahalle_adi": "Kirazlar Mah (sofular Köyü)",
        "posta_kodu": "78402"
    },
    {
        "mahalle_id": "129_2",
        "mahalle_adi": "Kısaç Mah (sadeyaka Köyü)",
        "posta_kodu": "78402"
    },
    {
        "mahalle_id": "45_2",
        "mahalle_adi": "Kızılcaören Mah (çömlekçiler Köyü)",
        "posta_kodu": "78402"
    },
    {
        "mahalle_id": "150_2",
        "mahalle_adi": "Kızılcapınar Mah (tamışlar Köyü)",
        "posta_kodu": "78402"
    },
    {
        "mahalle_id": "122_2",
        "mahalle_adi": "Küplü Mah (ova Köyü)",
        "posta_kodu": "78402"
    },
    {
        "mahalle_id": "16_2",
        "mahalle_adi": "Kurukavak Mah (başpınar Köyü)",
        "posta_kodu": "78402"
    },
    {
        "mahalle_id": "12_2",
        "mahalle_adi": "Kuruözü Mah (başpınar Köyü)",
        "posta_kodu": "78402"
    },
    {
        "mahalle_id": "137_2",
        "mahalle_adi": "Kuzdere Mah (sofular Köyü)",
        "posta_kodu": "78402"
    },
    {
        "mahalle_id": "114_2",
        "mahalle_adi": "Kuzören Köyü",
        "posta_kodu": "78402"
    },
    {
        "mahalle_id": "58_2",
        "mahalle_adi": "Kuzyaka Mah (doğancılar Köyü)",
        "posta_kodu": "78402"
    },
    {
        "mahalle_id": "27_2",
        "mahalle_adi": "Mahmutlar Mah (boncuklar Köyü)",
        "posta_kodu": "78402"
    },
    {
        "mahalle_id": "4_1",
        "mahalle_adi": "Merkez Mah",
        "posta_kodu": "78400"
    },
    {
        "mahalle_id": "2_2",
        "mahalle_adi": "Merkez Mah (adiller Köyü)",
        "posta_kodu": "78402"
    },
    {
        "mahalle_id": "5_2",
        "mahalle_adi": "Merkez Mah (arslanlar Köyü)",
        "posta_kodu": "78402"
    },
    {
        "mahalle_id": "9_2",
        "mahalle_adi": "Merkez Mah (babalar Köyü)",
        "posta_kodu": "78402"
    },
    {
        "mahalle_id": "13_2",
        "mahalle_adi": "Merkez Mah (başpınar Köyü)",
        "posta_kodu": "78402"
    },
    {
        "mahalle_id": "19_2",
        "mahalle_adi": "Merkez Mah (belen Köyü)",
        "posta_kodu": "78402"
    },
    {
        "mahalle_id": "21_2",
        "mahalle_adi": "Merkez Mah (beytarla Köyü)",
        "posta_kodu": "78402"
    },
    {
        "mahalle_id": "31_2",
        "mahalle_adi": "Merkez Mah (bölükören Köyü)",
        "posta_kodu": "78402"
    },
    {
        "mahalle_id": "24_2",
        "mahalle_adi": "Merkez Mah (boncuklar Köyü)",
        "posta_kodu": "78402"
    },
    {
        "mahalle_id": "32_2",
        "mahalle_adi": "Merkez Mah (budaklar Köyü)",
        "posta_kodu": "78402"
    },
    {
        "mahalle_id": "38_2",
        "mahalle_adi": "Merkez Mah (büyükyayalar Köyü)",
        "posta_kodu": "78402"
    },
    {
        "mahalle_id": "41_2",
        "mahalle_adi": "Merkez Mah (çandırlar Köyü)",
        "posta_kodu": "78402"
    },
    {
        "mahalle_id": "43_2",
        "mahalle_adi": "Merkez Mah (çaylı Köyü)",
        "posta_kodu": "78402"
    },
    {
        "mahalle_id": "44_2",
        "mahalle_adi": "Merkez Mah (çömlekçiler Köyü)",
        "posta_kodu": "78402"
    },
    {
        "mahalle_id": "47_2",
        "mahalle_adi": "Merkez Mah (deresemail Köyü)",
        "posta_kodu": "78402"
    },
    {
        "mahalle_id": "57_2",
        "mahalle_adi": "Merkez Mah (doğancılar Köyü)",
        "posta_kodu": "78402"
    },
    {
        "mahalle_id": "64_2",
        "mahalle_adi": "Merkez Mah (doğlacık Köyü)",
        "posta_kodu": "78402"
    },
    {
        "mahalle_id": "71_2",
        "mahalle_adi": "Merkez Mah (hamamlı Köyü)",
        "posta_kodu": "78402"
    },
    {
        "mahalle_id": "73_2",
        "mahalle_adi": "Merkez Mah (hamzalar Köyü)",
        "posta_kodu": "78402"
    },
    {
        "mahalle_id": "78_2",
        "mahalle_adi": "Merkez Mah (hanköy Köyü)",
        "posta_kodu": "78402"
    },
    {
        "mahalle_id": "80_2",
        "mahalle_adi": "Merkez Mah (haslı Köyü)",
        "posta_kodu": "78402"
    },
    {
        "mahalle_id": "87_2",
        "mahalle_adi": "Merkez Mah (inceboğaz Köyü)",
        "posta_kodu": "78402"
    },
    {
        "mahalle_id": "89_2",
        "mahalle_adi": "Merkez Mah (kabaarmut Köyü)",
        "posta_kodu": "78402"
    },
    {
        "mahalle_id": "95_2",
        "mahalle_adi": "Merkez Mah (kapaklı Köyü)",
        "posta_kodu": "78402"
    },
    {
        "mahalle_id": "107_2",
        "mahalle_adi": "Merkez Mah (karaören Köyü)",
        "posta_kodu": "78402"
    },
    {
        "mahalle_id": "108_2",
        "mahalle_adi": "Merkez Mah (köyceğiz Köyü)",
        "posta_kodu": "78402"
    },
    {
        "mahalle_id": "112_2",
        "mahalle_adi": "Merkez Mah (kulat Köyü)",
        "posta_kodu": "78402"
    },
    {
        "mahalle_id": "116_2",
        "mahalle_adi": "Merkez Mah (ortaköy Köyü)",
        "posta_kodu": "78402"
    },
    {
        "mahalle_id": "124_2",
        "mahalle_adi": "Merkez Mah (ova Köyü)",
        "posta_kodu": "78402"
    },
    {
        "mahalle_id": "125_2",
        "mahalle_adi": "Merkez Mah (ozanköy Köyü)",
        "posta_kodu": "78402"
    },
    {
        "mahalle_id": "126_2",
        "mahalle_adi": "Merkez Mah (sadeyaka Köyü)",
        "posta_kodu": "78402"
    },
    {
        "mahalle_id": "130_2",
        "mahalle_adi": "Merkez Mah (sallar Köyü)",
        "posta_kodu": "78402"
    },
    {
        "mahalle_id": "147_2",
        "mahalle_adi": "Merkez Mah (şevkiler Köyü)",
        "posta_kodu": "78402"
    },
    {
        "mahalle_id": "142_2",
        "mahalle_adi": "Merkez Mah (söbüçimen Köyü)",
        "posta_kodu": "78402"
    },
    {
        "mahalle_id": "132_2",
        "mahalle_adi": "Merkez Mah (sofular Köyü)",
        "posta_kodu": "78402"
    },
    {
        "mahalle_id": "148_2",
        "mahalle_adi": "Merkez Mah (tamışlar Köyü)",
        "posta_kodu": "78402"
    },
    {
        "mahalle_id": "152_2",
        "mahalle_adi": "Merkez Mah (topçalı Köyü)",
        "posta_kodu": "78402"
    },
    {
        "mahalle_id": "158_2",
        "mahalle_adi": "Merkez Mah (yazıboyu Köyü)",
        "posta_kodu": "78402"
    },
    {
        "mahalle_id": "159_2",
        "mahalle_adi": "Merkez Mah (yazıkavak Köyü)",
        "posta_kodu": "78402"
    },
    {
        "mahalle_id": "162_2",
        "mahalle_adi": "Merkez Mah (yeşiller Köyü)",
        "posta_kodu": "78402"
    },
    {
        "mahalle_id": "165_2",
        "mahalle_adi": "Merkez Mah (yürecik Köyü)",
        "posta_kodu": "78402"
    },
    {
        "mahalle_id": "5_1",
        "mahalle_adi": "Mermer Mah",
        "posta_kodu": "78400"
    },
    {
        "mahalle_id": "169_2",
        "mahalle_adi": "Meşecik Mah (yürecik Köyü)",
        "posta_kodu": "78402"
    },
    {
        "mahalle_id": "91_2",
        "mahalle_adi": "Musabaşoğlu Mah (kabaarmut Köyü)",
        "posta_kodu": "78402"
    },
    {
        "mahalle_id": "166_2",
        "mahalle_adi": "Musallar Mah (yürecik Köyü)",
        "posta_kodu": "78402"
    },
    {
        "mahalle_id": "29_2",
        "mahalle_adi": "Mutaflar Mah (bölükören Köyü)",
        "posta_kodu": "78402"
    },
    {
        "mahalle_id": "123_2",
        "mahalle_adi": "Omurlar Mah (ova Köyü)",
        "posta_kodu": "78402"
    },
    {
        "mahalle_id": "67_2",
        "mahalle_adi": "Ören Mah (gözlü Köyü)",
        "posta_kodu": "78402"
    },
    {
        "mahalle_id": "134_2",
        "mahalle_adi": "Ören Mah (sofular Köyü)",
        "posta_kodu": "78402"
    },
    {
        "mahalle_id": "53_2",
        "mahalle_adi": "Örencik Mah (deresoplan Köyü)",
        "posta_kodu": "78402"
    },
    {
        "mahalle_id": "18_2",
        "mahalle_adi": "Orta Mah (belen Köyü)",
        "posta_kodu": "78402"
    },
    {
        "mahalle_id": "145_2",
        "mahalle_adi": "Oruçlar Mah (şevkiler Köyü)",
        "posta_kodu": "78402"
    },
    {
        "mahalle_id": "25_2",
        "mahalle_adi": "Pelitcik Mah (boncuklar Köyü)",
        "posta_kodu": "78402"
    },
    {
        "mahalle_id": "119_2",
        "mahalle_adi": "Pilavcılar Mah (ortaköy Köyü)",
        "posta_kodu": "78402"
    },
    {
        "mahalle_id": "138_2",
        "mahalle_adi": "Salmanlar Mah (sofular Köyü)",
        "posta_kodu": "78402"
    },
    {
        "mahalle_id": "127_2",
        "mahalle_adi": "Saraycık Mah (sadeyaka Köyü)",
        "posta_kodu": "78402"
    },
    {
        "mahalle_id": "7_2",
        "mahalle_adi": "Sarıahmetler Mah (ortaköy Köyü)",
        "posta_kodu": "78402"
    },
    {
        "mahalle_id": "97_2",
        "mahalle_adi": "Semerciler Mah (kapaklı Köyü)",
        "posta_kodu": "78402"
    },
    {
        "mahalle_id": "76_2",
        "mahalle_adi": "Seviller Mah (hamzalar Köyü)",
        "posta_kodu": "78402"
    },
    {
        "mahalle_id": "128_2",
        "mahalle_adi": "Şıhlar Mah (sadeyaka Köyü)",
        "posta_kodu": "78402"
    },
    {
        "mahalle_id": "157_2",
        "mahalle_adi": "Şıhlar Mah (yazıboyu Köyü)",
        "posta_kodu": "78402"
    },
    {
        "mahalle_id": "90_2",
        "mahalle_adi": "Sinangil Mah (kabaarmut Köyü)",
        "posta_kodu": "78402"
    },
    {
        "mahalle_id": "50_2",
        "mahalle_adi": "Soblan Mah (deresoplan Köyü)",
        "posta_kodu": "78402"
    },
    {
        "mahalle_id": "14_2",
        "mahalle_adi": "Softalar Mah (başpınar Köyü)",
        "posta_kodu": "78402"
    },
    {
        "mahalle_id": "69_2",
        "mahalle_adi": "Söğütlüçeşme Mah (gözlü Köyü)",
        "posta_kodu": "78402"
    },
    {
        "mahalle_id": "51_2",
        "mahalle_adi": "Taşlık Mah (deresoplan Köyü)",
        "posta_kodu": "78402"
    },
    {
        "mahalle_id": "110_2",
        "mahalle_adi": "Taşlık Mah (köyceğiz Köyü)",
        "posta_kodu": "78402"
    },
    {
        "mahalle_id": "118_2",
        "mahalle_adi": "Taşmanlar Mah (ortaköy Köyü)",
        "posta_kodu": "78402"
    },
    {
        "mahalle_id": "156_2",
        "mahalle_adi": "Taşmanlar Mah (yazıboyu Köyü)",
        "posta_kodu": "78402"
    },
    {
        "mahalle_id": "117_2",
        "mahalle_adi": "Tefen Mah (ortaköy Köyü)",
        "posta_kodu": "78402"
    },
    {
        "mahalle_id": "115_2",
        "mahalle_adi": "Tepeköy Mah (ortaköy Köyü)",
        "posta_kodu": "78402"
    },
    {
        "mahalle_id": "111_2",
        "mahalle_adi": "Terzi Mah (kulat Köyü)",
        "posta_kodu": "78402"
    },
    {
        "mahalle_id": "88_2",
        "mahalle_adi": "Tetikler Mah (inceboğaz Köyü)",
        "posta_kodu": "78402"
    },
    {
        "mahalle_id": "75_2",
        "mahalle_adi": "Tiryakioğlu Mah (hamzalar Köyü)",
        "posta_kodu": "78402"
    },
    {
        "mahalle_id": "96_2",
        "mahalle_adi": "Tokmakoğlu Mah (kapaklı Köyü)",
        "posta_kodu": "78402"
    },
    {
        "mahalle_id": "146_2",
        "mahalle_adi": "Türkmenler Mah (şevkiler Köyü)",
        "posta_kodu": "78402"
    },
    {
        "mahalle_id": "171_2",
        "mahalle_adi": "Üçevler Köyü",
        "posta_kodu": "78402"
    },
    {
        "mahalle_id": "28_2",
        "mahalle_adi": "Yahyalar Mah (boncuklar Köyü)",
        "posta_kodu": "78402"
    },
    {
        "mahalle_id": "153_2",
        "mahalle_adi": "Yaka Mah (topçalı Köyü)",
        "posta_kodu": "78402"
    },
    {
        "mahalle_id": "6_1",
        "mahalle_adi": "Yamanlar Mah",
        "posta_kodu": "78400"
    },
    {
        "mahalle_id": "84_2",
        "mahalle_adi": "Yaplan Mah (haslı Köyü)",
        "posta_kodu": "78402"
    },
    {
        "mahalle_id": "11_2",
        "mahalle_adi": "Yayalar Mah (babalar Köyü)",
        "posta_kodu": "78402"
    },
    {
        "mahalle_id": "151_2",
        "mahalle_adi": "Yemişler Mah (tamışlar Köyü)",
        "posta_kodu": "78402"
    },
    {
        "mahalle_id": "7_1",
        "mahalle_adi": "Yeni Mah",
        "posta_kodu": "78400"
    },
    {
        "mahalle_id": "120_2",
        "mahalle_adi": "Yeni Mah (ortaköy Köyü)",
        "posta_kodu": "78402"
    },
    {
        "mahalle_id": "141_2",
        "mahalle_adi": "Yeni Mah (söbüçimen Köyü)",
        "posta_kodu": "78402"
    },
    {
        "mahalle_id": "131_2",
        "mahalle_adi": "Yenice Mah (sallar Köyü)",
        "posta_kodu": "78402"
    },
    {
        "mahalle_id": "37_2",
        "mahalle_adi": "Yukarı Bulduk Mah (bulduk Köyü)",
        "posta_kodu": "78402"
    },
    {
        "mahalle_id": "155_2",
        "mahalle_adi": "Yukarı Göne Mah (topçalı Köyü)",
        "posta_kodu": "78402"
    },
    {
        "mahalle_id": "100_2",
        "mahalle_adi": "Yukarı Karahasanlar Mah (karahasanlar Köyü)",
        "posta_kodu": "78402"
    },
    {
        "mahalle_id": "83_2",
        "mahalle_adi": "Yukarı Kazlar Mah (haslı Köyü)",
        "posta_kodu": "78402"
    },
    {
        "mahalle_id": "161_2",
        "mahalle_adi": "Yukarı Keçeler Mah (yazıkavak Köyü)",
        "posta_kodu": "78402"
    },
    {
        "mahalle_id": "101_2",
        "mahalle_adi": "Yukarı Saray Mah (karahasanlar Köyü)",
        "posta_kodu": "78402"
    },
    {
        "mahalle_id": "61_2",
        "mahalle_adi": "Yunisler Mah (doğlacık Köyü)",
        "posta_kodu": "78402"
    }
]