[
    {
        "mahalle_id": "47_3",
        "mahalle_adi": "A.sofular Mah (hasankahyalar Köyü)",
        "posta_kodu": "67380"
    },
    {
        "mahalle_id": "38_2",
        "mahalle_adi": "Ahmetli Bakımevi Mah (cemaller Köyü)",
        "posta_kodu": "67302"
    },
    {
        "mahalle_id": "20_3",
        "mahalle_adi": "Ahmetli Mah (çiğdemli Köyü)",
        "posta_kodu": "67380"
    },
    {
        "mahalle_id": "68_3",
        "mahalle_adi": "Ahmetpaşalar Mah (sarıkaya Köyü)",
        "posta_kodu": "67380"
    },
    {
        "mahalle_id": "1_1",
        "mahalle_adi": "Akarca Mah",
        "posta_kodu": "67300"
    },
    {
        "mahalle_id": "20_2",
        "mahalle_adi": "Akıllı Mah (aşağıkayalıdere Köyü)",
        "posta_kodu": "67302"
    },
    {
        "mahalle_id": "139_2",
        "mahalle_adi": "Akköy Mah (uludağ Köyü)",
        "posta_kodu": "67302"
    },
    {
        "mahalle_id": "131_2",
        "mahalle_adi": "Akyazı Mah (şamlar Köyü)",
        "posta_kodu": "67302"
    },
    {
        "mahalle_id": "82_3",
        "mahalle_adi": "Alacalar Mah (yeşilköy Köyü)",
        "posta_kodu": "67380"
    },
    {
        "mahalle_id": "5_5",
        "mahalle_adi": "Armutçuk Mah (kandilli Beldesi)",
        "posta_kodu": "67390"
    },
    {
        "mahalle_id": "24_2",
        "mahalle_adi": "Armutlucuma Mah (aydın Köyü)",
        "posta_kodu": "67302"
    },
    {
        "mahalle_id": "15_2",
        "mahalle_adi": "Aşağı Mah (akkaya Köyü)",
        "posta_kodu": "67302"
    },
    {
        "mahalle_id": "52_3",
        "mahalle_adi": "Aşağı Mah (karakavuz Köyü)",
        "posta_kodu": "67380"
    },
    {
        "mahalle_id": "88_2",
        "mahalle_adi": "Aşağı Mah (kızılca Köyü)",
        "posta_kodu": "67302"
    },
    {
        "mahalle_id": "61_3",
        "mahalle_adi": "Aşağı Mah (ormanlı Ormanlı Köyü)",
        "posta_kodu": "67380"
    },
    {
        "mahalle_id": "117_2",
        "mahalle_adi": "Aşağı Mah (soğanlıyürük Köyü)",
        "posta_kodu": "67302"
    },
    {
        "mahalle_id": "19_2",
        "mahalle_adi": "Aşağıhocalar Köyü",
        "posta_kodu": "67302"
    },
    {
        "mahalle_id": "170_2",
        "mahalle_adi": "Asarlı Köyü",
        "posta_kodu": "67302"
    },
    {
        "mahalle_id": "7_2",
        "mahalle_adi": "Aşıklı Mah (abdi Köyü)",
        "posta_kodu": "67302"
    },
    {
        "mahalle_id": "58_3",
        "mahalle_adi": "Aylar Mah (kızılcapınar Köyü)",
        "posta_kodu": "67380"
    },
    {
        "mahalle_id": "147_2",
        "mahalle_adi": "Azizbeyler Mah (yazıcılar Köyü)",
        "posta_kodu": "67302"
    },
    {
        "mahalle_id": "162_2",
        "mahalle_adi": "Bagıllar Mah (yunuslu Köyü)",
        "posta_kodu": "67302"
    },
    {
        "mahalle_id": "2_1",
        "mahalle_adi": "Bağlık Mah",
        "posta_kodu": "67300"
    },
    {
        "mahalle_id": "167_2",
        "mahalle_adi": "Bakırlık Köyü",
        "posta_kodu": "67302"
    },
    {
        "mahalle_id": "39_2",
        "mahalle_adi": "Balaban Mah (cemaller Köyü)",
        "posta_kodu": "67302"
    },
    {
        "mahalle_id": "19_1",
        "mahalle_adi": "Balı Mah",
        "posta_kodu": "67300"
    },
    {
        "mahalle_id": "66_3",
        "mahalle_adi": "Ballı Mah (beyveren Köyü)",
        "posta_kodu": "67380"
    },
    {
        "mahalle_id": "1_4",
        "mahalle_adi": "Bekyeri Mah (gülüç Beldesi)",
        "posta_kodu": "67350"
    },
    {
        "mahalle_id": "18_1",
        "mahalle_adi": "Belen Mah",
        "posta_kodu": "67300"
    },
    {
        "mahalle_id": "3_1",
        "mahalle_adi": "Belenyeni Mah",
        "posta_kodu": "67300"
    },
    {
        "mahalle_id": "53_2",
        "mahalle_adi": "Bereketler Mah (dedeler Köyü)",
        "posta_kodu": "67302"
    },
    {
        "mahalle_id": "24_1",
        "mahalle_adi": "Bölücek Mah",
        "posta_kodu": "67300"
    },
    {
        "mahalle_id": "149_2",
        "mahalle_adi": "Burgucu Mah (yazıcılar Köyü)",
        "posta_kodu": "67302"
    },
    {
        "mahalle_id": "82_2",
        "mahalle_adi": "Buruncuk Köyü",
        "posta_kodu": "67302"
    },
    {
        "mahalle_id": "38_3",
        "mahalle_adi": "Burunören Mah (ortacı Köyü)",
        "posta_kodu": "67380"
    },
    {
        "mahalle_id": "52_2",
        "mahalle_adi": "Çakalovası Mah (dedeler Köyü)",
        "posta_kodu": "67302"
    },
    {
        "mahalle_id": "136_2",
        "mahalle_adi": "Çalca Mah (tepeören Köyü)",
        "posta_kodu": "67302"
    },
    {
        "mahalle_id": "24_3",
        "mahalle_adi": "Camgözler Mah (çiğdemli Köyü)",
        "posta_kodu": "67380"
    },
    {
        "mahalle_id": "81_3",
        "mahalle_adi": "Çamlar Mah (üveyikli Köyü)",
        "posta_kodu": "67380"
    },
    {
        "mahalle_id": "17_3",
        "mahalle_adi": "Çankızı Mah (fındıklı Köyü)",
        "posta_kodu": "67380"
    },
    {
        "mahalle_id": "87_2",
        "mahalle_adi": "Cariyeli Mah (ketenciler Köyü)",
        "posta_kodu": "67302"
    },
    {
        "mahalle_id": "107_2",
        "mahalle_adi": "Çataklı Mah (pembeciler Köyü)",
        "posta_kodu": "67302"
    },
    {
        "mahalle_id": "158_2",
        "mahalle_adi": "Çatalçam Mah (yunuslu Köyü)",
        "posta_kodu": "67302"
    },
    {
        "mahalle_id": "99_2",
        "mahalle_adi": "Çavuşlar Mah (külah Köyü)",
        "posta_kodu": "67302"
    },
    {
        "mahalle_id": "49_2",
        "mahalle_adi": "Çayırbaşı Mah (davutlar Köyü)",
        "posta_kodu": "67302"
    },
    {
        "mahalle_id": "33_2",
        "mahalle_adi": "Cebeci Mah (bayat Köyü)",
        "posta_kodu": "67302"
    },
    {
        "mahalle_id": "2_4",
        "mahalle_adi": "Çengel Mah (gülüç Beldesi)",
        "posta_kodu": "67350"
    },
    {
        "mahalle_id": "45_2",
        "mahalle_adi": "Çevlik Köyü",
        "posta_kodu": "67302"
    },
    {
        "mahalle_id": "32_3",
        "mahalle_adi": "Çiftlik Mah (emirali Köyü)",
        "posta_kodu": "67380"
    },
    {
        "mahalle_id": "42_3",
        "mahalle_adi": "Çiller Mah (sofular Köyü)",
        "posta_kodu": "67380"
    },
    {
        "mahalle_id": "118_2",
        "mahalle_adi": "Çobanlar Mah (soğanlıyürük Köyü)",
        "posta_kodu": "67302"
    },
    {
        "mahalle_id": "154_2",
        "mahalle_adi": "Çölemen Mah (yenidoğancılar Köyü)",
        "posta_kodu": "67302"
    },
    {
        "mahalle_id": "100_2",
        "mahalle_adi": "Çollar Mah (ortaköy Köyü)",
        "posta_kodu": "67302"
    },
    {
        "mahalle_id": "83_3",
        "mahalle_adi": "Çomaklar Mah (yeşilköy Köyü)",
        "posta_kodu": "67380"
    },
    {
        "mahalle_id": "114_2",
        "mahalle_adi": "Çömezoğlu Mah (soğanlıyürük Köyü)",
        "posta_kodu": "67302"
    },
    {
        "mahalle_id": "67_2",
        "mahalle_adi": "Çubuklu Mah (güllük Köyü)",
        "posta_kodu": "67302"
    },
    {
        "mahalle_id": "25_1",
        "mahalle_adi": "Dağlar Mah",
        "posta_kodu": "67300"
    },
    {
        "mahalle_id": "36_3",
        "mahalle_adi": "Dal Mah (ortacı Köyü)",
        "posta_kodu": "67380"
    },
    {
        "mahalle_id": "25_3",
        "mahalle_adi": "Daldabanlar Mah (çiğdemli Köyü)",
        "posta_kodu": "67380"
    },
    {
        "mahalle_id": "28_3",
        "mahalle_adi": "Danışmantlı Mah (emirali Köyü)",
        "posta_kodu": "67380"
    },
    {
        "mahalle_id": "119_2",
        "mahalle_adi": "Delihakkı Mah (soğanlıyürük Köyü)",
        "posta_kodu": "67302"
    },
    {
        "mahalle_id": "55_2",
        "mahalle_adi": "Demirciler Mah (pınarcık Köyü)",
        "posta_kodu": "67302"
    },
    {
        "mahalle_id": "16_2",
        "mahalle_adi": "Dere Mah (akkaya Köyü)",
        "posta_kodu": "67302"
    },
    {
        "mahalle_id": "61_2",
        "mahalle_adi": "Dereköy Mah (elmacı Köyü)",
        "posta_kodu": "67302"
    },
    {
        "mahalle_id": "161_2",
        "mahalle_adi": "Doğuşlar Mah (yunuslu Köyü)",
        "posta_kodu": "67302"
    },
    {
        "mahalle_id": "12_3",
        "mahalle_adi": "Doplar Mah (başören Köyü)",
        "posta_kodu": "67380"
    },
    {
        "mahalle_id": "4_1",
        "mahalle_adi": "Elma Tepe Mah",
        "posta_kodu": "67300"
    },
    {
        "mahalle_id": "11_3",
        "mahalle_adi": "Erdelli Mah (başören Köyü)",
        "posta_kodu": "67380"
    },
    {
        "mahalle_id": "90_2",
        "mahalle_adi": "Esentepe Mah (kızılca Köyü)",
        "posta_kodu": "67302"
    },
    {
        "mahalle_id": "134_2",
        "mahalle_adi": "Esentepe Mah (şamlar Köyü)",
        "posta_kodu": "67302"
    },
    {
        "mahalle_id": "122_2",
        "mahalle_adi": "Esentepe Mah (sücüllü Köyü)",
        "posta_kodu": "67302"
    },
    {
        "mahalle_id": "70_3",
        "mahalle_adi": "Eskiler Mah (sarıkaya Köyü)",
        "posta_kodu": "67380"
    },
    {
        "mahalle_id": "76_3",
        "mahalle_adi": "Firenkler Mah (toyfanlı Köyü)",
        "posta_kodu": "67380"
    },
    {
        "mahalle_id": "40_3",
        "mahalle_adi": "Fodlar Mah (sofular Köyü)",
        "posta_kodu": "67380"
    },
    {
        "mahalle_id": "1_5",
        "mahalle_adi": "Geyikbeli Mah (kandilli Beldesi)",
        "posta_kodu": "67390"
    },
    {
        "mahalle_id": "4_5",
        "mahalle_adi": "Gökçeler Mah (kandilli Beldesi)",
        "posta_kodu": "67390"
    },
    {
        "mahalle_id": "26_1",
        "mahalle_adi": "Göktepe Mah",
        "posta_kodu": "67300"
    },
    {
        "mahalle_id": "123_2",
        "mahalle_adi": "Göleviç Mah (süleymanbeyler Köyü)",
        "posta_kodu": "67302"
    },
    {
        "mahalle_id": "63_3",
        "mahalle_adi": "Göliçi Mah (ormanlı Ormanlı Köyü)",
        "posta_kodu": "67380"
    },
    {
        "mahalle_id": "21_1",
        "mahalle_adi": "Güldere Mah",
        "posta_kodu": "67300"
    },
    {
        "mahalle_id": "68_2",
        "mahalle_adi": "Güllük Mah (merkez Mah) (güllük Köyü)",
        "posta_kodu": "67302"
    },
    {
        "mahalle_id": "5_2",
        "mahalle_adi": "Gülyalı Mah (abdi Köyü)",
        "posta_kodu": "67302"
    },
    {
        "mahalle_id": "168_2",
        "mahalle_adi": "Güneşli Köyü",
        "posta_kodu": "67302"
    },
    {
        "mahalle_id": "69_2",
        "mahalle_adi": "Güzelyurt Köyü",
        "posta_kodu": "67302"
    },
    {
        "mahalle_id": "13_2",
        "mahalle_adi": "Hacıgil Mah (akkaya Köyü)",
        "posta_kodu": "67302"
    },
    {
        "mahalle_id": "169_2",
        "mahalle_adi": "Hacıosmanlar Köyü",
        "posta_kodu": "67302"
    },
    {
        "mahalle_id": "70_2",
        "mahalle_adi": "Hacıuslu Köyü",
        "posta_kodu": "67302"
    },
    {
        "mahalle_id": "54_3",
        "mahalle_adi": "Hacullu Mah (kaymaklar Köyü)",
        "posta_kodu": "67380"
    },
    {
        "mahalle_id": "127_2",
        "mahalle_adi": "Hacullu Mah (süleymanbeyler Köyü)",
        "posta_kodu": "67302"
    },
    {
        "mahalle_id": "34_3",
        "mahalle_adi": "Halı Mah (ortacı Köyü)",
        "posta_kodu": "67380"
    },
    {
        "mahalle_id": "92_2",
        "mahalle_adi": "Hamitli Mah (kurtlar Köyü)",
        "posta_kodu": "67302"
    },
    {
        "mahalle_id": "27_1",
        "mahalle_adi": "Hamzafakılı Mah",
        "posta_kodu": "67300"
    },
    {
        "mahalle_id": "103_2",
        "mahalle_adi": "Hasbeyler Mah (ortaköy Köyü)",
        "posta_kodu": "67302"
    },
    {
        "mahalle_id": "104_2",
        "mahalle_adi": "Hatibler Mah (ortaköy Köyü)",
        "posta_kodu": "67302"
    },
    {
        "mahalle_id": "160_2",
        "mahalle_adi": "Hatipler Mah (yunuslu Köyü)",
        "posta_kodu": "67302"
    },
    {
        "mahalle_id": "30_2",
        "mahalle_adi": "Hoballar Mah (ballıca Köyü)",
        "posta_kodu": "67302"
    },
    {
        "mahalle_id": "60_2",
        "mahalle_adi": "Hobröyler Mah (elmacı Köyü)",
        "posta_kodu": "67302"
    },
    {
        "mahalle_id": "55_3",
        "mahalle_adi": "Hoca Mah (kaymaklar Köyü)",
        "posta_kodu": "67380"
    },
    {
        "mahalle_id": "6_3",
        "mahalle_adi": "İbrahimci Mah (akköy Köyü)",
        "posta_kodu": "67380"
    },
    {
        "mahalle_id": "16_3",
        "mahalle_adi": "Ilgayır Mah (başörendoğancılar Köyü)",
        "posta_kodu": "67380"
    },
    {
        "mahalle_id": "18_3",
        "mahalle_adi": "İlyaslı Mah (başörendoğancılar Köyü)",
        "posta_kodu": "67380"
    },
    {
        "mahalle_id": "130_2",
        "mahalle_adi": "İsa Mah (şamlar Köyü)",
        "posta_kodu": "67302"
    },
    {
        "mahalle_id": "132_2",
        "mahalle_adi": "Kabaklar Mah (şamlar Köyü)",
        "posta_kodu": "67302"
    },
    {
        "mahalle_id": "25_2",
        "mahalle_adi": "Kabakoz Mah (aydın Köyü)",
        "posta_kodu": "67302"
    },
    {
        "mahalle_id": "150_2",
        "mahalle_adi": "Kadı Mah (yazıcılar Köyü)",
        "posta_kodu": "67302"
    },
    {
        "mahalle_id": "65_3",
        "mahalle_adi": "Kadılar Mah (sarıkaya Köyü)",
        "posta_kodu": "67380"
    },
    {
        "mahalle_id": "86_2",
        "mahalle_adi": "Kahyalar Mah (ketenciler Köyü)",
        "posta_kodu": "67302"
    },
    {
        "mahalle_id": "72_2",
        "mahalle_adi": "Kalaycılar Mah (halaşlı Köyü)",
        "posta_kodu": "67302"
    },
    {
        "mahalle_id": "105_2",
        "mahalle_adi": "Kalaycılar Mah (osmanlar Köyü)",
        "posta_kodu": "67302"
    },
    {
        "mahalle_id": "17_2",
        "mahalle_adi": "Kapançatı Mah (alacabük Köyü)",
        "posta_kodu": "67302"
    },
    {
        "mahalle_id": "49_3",
        "mahalle_adi": "Karabalçık Mah (karakavuz Köyü)",
        "posta_kodu": "67380"
    },
    {
        "mahalle_id": "15_3",
        "mahalle_adi": "Karacakayalar Mah (başören Köyü)",
        "posta_kodu": "67380"
    },
    {
        "mahalle_id": "11_2",
        "mahalle_adi": "Karalar Mah (abdi Köyü)",
        "posta_kodu": "67302"
    },
    {
        "mahalle_id": "35_2",
        "mahalle_adi": "Karaosmanlar Mah (bayat Köyü)",
        "posta_kodu": "67302"
    },
    {
        "mahalle_id": "37_3",
        "mahalle_adi": "Karcılar Mah (ortacı Köyü)",
        "posta_kodu": "67380"
    },
    {
        "mahalle_id": "9_2",
        "mahalle_adi": "Kargalar Mah (abdi Köyü)",
        "posta_kodu": "67302"
    },
    {
        "mahalle_id": "97_2",
        "mahalle_adi": "Kasımlı Mah (külah Köyü)",
        "posta_kodu": "67302"
    },
    {
        "mahalle_id": "95_2",
        "mahalle_adi": "Katırcıoğlu Mah (külah Köyü)",
        "posta_kodu": "67302"
    },
    {
        "mahalle_id": "5_1",
        "mahalle_adi": "Kavaklık Mah",
        "posta_kodu": "67300"
    },
    {
        "mahalle_id": "51_3",
        "mahalle_adi": "Kavaklık Mah (karakavuz Köyü)",
        "posta_kodu": "67380"
    },
    {
        "mahalle_id": "62_2",
        "mahalle_adi": "Kayabaşı Mah (esenköy Köyü)",
        "posta_kodu": "67302"
    },
    {
        "mahalle_id": "23_3",
        "mahalle_adi": "Kayalar Mah (çiğdemli Köyü)",
        "posta_kodu": "67380"
    },
    {
        "mahalle_id": "8_3",
        "mahalle_adi": "Kayıplar Mah (artıklar Köyü)",
        "posta_kodu": "67380"
    },
    {
        "mahalle_id": "96_2",
        "mahalle_adi": "Kaymakçılar Mah (külah Köyü)",
        "posta_kodu": "67302"
    },
    {
        "mahalle_id": "138_2",
        "mahalle_adi": "Kemer Mah (uludağ Köyü)",
        "posta_kodu": "67302"
    },
    {
        "mahalle_id": "6_1",
        "mahalle_adi": "Kepez Mah",
        "posta_kodu": "67300"
    },
    {
        "mahalle_id": "13_3",
        "mahalle_adi": "Kerimbeyler Mah (başören Köyü)",
        "posta_kodu": "67380"
    },
    {
        "mahalle_id": "7_1",
        "mahalle_adi": "Kestaneci Mah",
        "posta_kodu": "67300"
    },
    {
        "mahalle_id": "40_2",
        "mahalle_adi": "Kestanetarlası Mah (cemaller Köyü)",
        "posta_kodu": "67302"
    },
    {
        "mahalle_id": "30_3",
        "mahalle_adi": "Kınca Mah (emirali Köyü)",
        "posta_kodu": "67380"
    },
    {
        "mahalle_id": "53_3",
        "mahalle_adi": "Kirazağılı Mah (karakavuz Köyü)",
        "posta_kodu": "67380"
    },
    {
        "mahalle_id": "2_2",
        "mahalle_adi": "Kirencik Mah (kirencik Köyü)",
        "posta_kodu": "67302"
    },
    {
        "mahalle_id": "8_1",
        "mahalle_adi": "Kırmacı Mah",
        "posta_kodu": "67300"
    },
    {
        "mahalle_id": "9_1",
        "mahalle_adi": "Kirmanlı Mah",
        "posta_kodu": "67300"
    },
    {
        "mahalle_id": "10_1",
        "mahalle_adi": "Kışla Mah",
        "posta_kodu": "67300"
    },
    {
        "mahalle_id": "26_2",
        "mahalle_adi": "Kışla Mah (aydın Köyü)",
        "posta_kodu": "67302"
    },
    {
        "mahalle_id": "35_3",
        "mahalle_adi": "Kışla Mah (ortacı Köyü)",
        "posta_kodu": "67380"
    },
    {
        "mahalle_id": "28_1",
        "mahalle_adi": "Kıyıcak Mah",
        "posta_kodu": "67300"
    },
    {
        "mahalle_id": "34_2",
        "mahalle_adi": "Kızılca Mah (bayat Köyü)",
        "posta_kodu": "67302"
    },
    {
        "mahalle_id": "29_1",
        "mahalle_adi": "Kocaali Mah",
        "posta_kodu": "67300"
    },
    {
        "mahalle_id": "27_2",
        "mahalle_adi": "Kocabelen Mah (aydınlar Köyü)",
        "posta_kodu": "67302"
    },
    {
        "mahalle_id": "91_2",
        "mahalle_adi": "Kömürcüler Mah (kızılca Köyü)",
        "posta_kodu": "67302"
    },
    {
        "mahalle_id": "23_1",
        "mahalle_adi": "Korubaşı Mah",
        "posta_kodu": "67300"
    },
    {
        "mahalle_id": "11_1",
        "mahalle_adi": "Köseler Mah",
        "posta_kodu": "67300"
    },
    {
        "mahalle_id": "22_3",
        "mahalle_adi": "Köseler Mah (çiğdemli Köyü)",
        "posta_kodu": "67380"
    },
    {
        "mahalle_id": "101_2",
        "mahalle_adi": "Köseler Mah (ortaköy Köyü)",
        "posta_kodu": "67302"
    },
    {
        "mahalle_id": "116_2",
        "mahalle_adi": "Köyistan Mah (soğanlıyürük Köyü)",
        "posta_kodu": "67302"
    },
    {
        "mahalle_id": "74_2",
        "mahalle_adi": "Koyunlu Mah (halaşlı Köyü)",
        "posta_kodu": "67302"
    },
    {
        "mahalle_id": "21_3",
        "mahalle_adi": "Küpeşler Mah (çiğdemli Köyü)",
        "posta_kodu": "67380"
    },
    {
        "mahalle_id": "27_3",
        "mahalle_adi": "Kureşler Mah (emirali Köyü)",
        "posta_kodu": "67380"
    },
    {
        "mahalle_id": "48_2",
        "mahalle_adi": "Kuşlar Mah (danişmentli Köyü)",
        "posta_kodu": "67302"
    },
    {
        "mahalle_id": "62_3",
        "mahalle_adi": "Kuytak Mah (ormanlı Ormanlı Köyü)",
        "posta_kodu": "67380"
    },
    {
        "mahalle_id": "41_3",
        "mahalle_adi": "Kuyumcular Mah (sofular Köyü)",
        "posta_kodu": "67380"
    },
    {
        "mahalle_id": "129_2",
        "mahalle_adi": "Manaşlı Mah (şamlar Köyü)",
        "posta_kodu": "67302"
    },
    {
        "mahalle_id": "73_3",
        "mahalle_adi": "Mehemli Mah (serintepe Köyü)",
        "posta_kodu": "67380"
    },
    {
        "mahalle_id": "74_3",
        "mahalle_adi": "Mektep Mah (topallı Köyü)",
        "posta_kodu": "67380"
    },
    {
        "mahalle_id": "85_3",
        "mahalle_adi": "Merkez Mah (emsaller Mah) (yeşilköy Köyü)",
        "posta_kodu": "67380"
    },
    {
        "mahalle_id": "8_2",
        "mahalle_adi": "Merkez Mah (abdi Köyü)",
        "posta_kodu": "67302"
    },
    {
        "mahalle_id": "5_3",
        "mahalle_adi": "Merkez Mah (akköy Köyü)",
        "posta_kodu": "67380"
    },
    {
        "mahalle_id": "18_2",
        "mahalle_adi": "Merkez Mah (alacabük Köyü)",
        "posta_kodu": "67302"
    },
    {
        "mahalle_id": "7_3",
        "mahalle_adi": "Merkez Mah (alaplısofular Köyü)",
        "posta_kodu": "67380"
    },
    {
        "mahalle_id": "9_3",
        "mahalle_adi": "Merkez Mah (artıklar Köyü)",
        "posta_kodu": "67380"
    },
    {
        "mahalle_id": "47_2",
        "mahalle_adi": "Merkez Mah (aşağı Mah) (danişmentli Köyü)",
        "posta_kodu": "67302"
    },
    {
        "mahalle_id": "21_2",
        "mahalle_adi": "Merkez Mah (aşağıkayalıdere Köyü)",
        "posta_kodu": "67302"
    },
    {
        "mahalle_id": "22_2",
        "mahalle_adi": "Merkez Mah (aydın Köyü)",
        "posta_kodu": "67302"
    },
    {
        "mahalle_id": "29_2",
        "mahalle_adi": "Merkez Mah (aydınlar Köyü)",
        "posta_kodu": "67302"
    },
    {
        "mahalle_id": "32_2",
        "mahalle_adi": "Merkez Mah (ballıca Köyü)",
        "posta_kodu": "67302"
    },
    {
        "mahalle_id": "10_3",
        "mahalle_adi": "Merkez Mah (başören Köyü)",
        "posta_kodu": "67380"
    },
    {
        "mahalle_id": "19_3",
        "mahalle_adi": "Merkez Mah (başörendoğancılar Köyü)",
        "posta_kodu": "67380"
    },
    {
        "mahalle_id": "36_2",
        "mahalle_adi": "Merkez Mah (bayat Köyü)",
        "posta_kodu": "67302"
    },
    {
        "mahalle_id": "42_2",
        "mahalle_adi": "Merkez Mah (çamlıbel Köyü)",
        "posta_kodu": "67302"
    },
    {
        "mahalle_id": "44_2",
        "mahalle_adi": "Merkez Mah (çayırlı Köyü)",
        "posta_kodu": "67302"
    },
    {
        "mahalle_id": "1_2",
        "mahalle_adi": "Merkez Mah (çaylıoğlu Köyü)",
        "posta_kodu": "67302"
    },
    {
        "mahalle_id": "41_2",
        "mahalle_adi": "Merkez Mah (cemaller Köyü)",
        "posta_kodu": "67302"
    },
    {
        "mahalle_id": "26_3",
        "mahalle_adi": "Merkez Mah (çömlekçi Köyü)",
        "posta_kodu": "67380"
    },
    {
        "mahalle_id": "46_2",
        "mahalle_adi": "Merkez Mah (dağlıca Köyü)",
        "posta_kodu": "67302"
    },
    {
        "mahalle_id": "50_2",
        "mahalle_adi": "Merkez Mah (davutlar Köyü)",
        "posta_kodu": "67302"
    },
    {
        "mahalle_id": "51_2",
        "mahalle_adi": "Merkez Mah (dedeler Köyü)",
        "posta_kodu": "67302"
    },
    {
        "mahalle_id": "58_2",
        "mahalle_adi": "Merkez Mah (düzpelit Köyü)",
        "posta_kodu": "67302"
    },
    {
        "mahalle_id": "59_2",
        "mahalle_adi": "Merkez Mah (elmacı Köyü)",
        "posta_kodu": "67302"
    },
    {
        "mahalle_id": "29_3",
        "mahalle_adi": "Merkez Mah (emirali Köyü)",
        "posta_kodu": "67380"
    },
    {
        "mahalle_id": "63_2",
        "mahalle_adi": "Merkez Mah (esenköy Köyü)",
        "posta_kodu": "67302"
    },
    {
        "mahalle_id": "43_3",
        "mahalle_adi": "Merkez Mah (fındıklı Köyü)",
        "posta_kodu": "67380"
    },
    {
        "mahalle_id": "39_3",
        "mahalle_adi": "Merkez Mah (gana Mah) (sofular Köyü)",
        "posta_kodu": "67380"
    },
    {
        "mahalle_id": "66_2",
        "mahalle_adi": "Merkez Mah (gebe Köyü)",
        "posta_kodu": "67302"
    },
    {
        "mahalle_id": "3_4",
        "mahalle_adi": "Merkez Mah (gülüç Beldesi)",
        "posta_kodu": "67350"
    },
    {
        "mahalle_id": "73_2",
        "mahalle_adi": "Merkez Mah (halaşlı Köyü)",
        "posta_kodu": "67302"
    },
    {
        "mahalle_id": "45_3",
        "mahalle_adi": "Merkez Mah (hasankahyalar Köyü)",
        "posta_kodu": "67380"
    },
    {
        "mahalle_id": "75_2",
        "mahalle_adi": "Merkez Mah (hasbeyler Köyü)",
        "posta_kodu": "67302"
    },
    {
        "mahalle_id": "80_2",
        "mahalle_adi": "Merkez Mah (imranlar Köyü)",
        "posta_kodu": "67302"
    },
    {
        "mahalle_id": "78_2",
        "mahalle_adi": "Merkez Mah (ışıklı Köyü)",
        "posta_kodu": "67302"
    },
    {
        "mahalle_id": "81_2",
        "mahalle_adi": "Merkez Mah (iskenderli Köyü)",
        "posta_kodu": "67302"
    },
    {
        "mahalle_id": "50_3",
        "mahalle_adi": "Merkez Mah (karakavuz Köyü)",
        "posta_kodu": "67380"
    },
    {
        "mahalle_id": "56_3",
        "mahalle_adi": "Merkez Mah (kaymaklar Köyü)",
        "posta_kodu": "67380"
    },
    {
        "mahalle_id": "83_2",
        "mahalle_adi": "Merkez Mah (keşkek Köyü)",
        "posta_kodu": "67302"
    },
    {
        "mahalle_id": "85_2",
        "mahalle_adi": "Merkez Mah (ketenciler Köyü)",
        "posta_kodu": "67302"
    },
    {
        "mahalle_id": "60_3",
        "mahalle_adi": "Merkez Mah (kızılcapınar Köyü)",
        "posta_kodu": "67380"
    },
    {
        "mahalle_id": "98_2",
        "mahalle_adi": "Merkez Mah (külah Köyü)",
        "posta_kodu": "67302"
    },
    {
        "mahalle_id": "94_2",
        "mahalle_adi": "Merkez Mah (kurtlar Köyü)",
        "posta_kodu": "67302"
    },
    {
        "mahalle_id": "3_2",
        "mahalle_adi": "Merkez Mah (öğberler Köyü)",
        "posta_kodu": "67302"
    },
    {
        "mahalle_id": "1_3",
        "mahalle_adi": "Merkez Mah (ormanlı Beldesi)",
        "posta_kodu": "67380"
    },
    {
        "mahalle_id": "106_2",
        "mahalle_adi": "Merkez Mah (osmanlar Köyü)",
        "posta_kodu": "67302"
    },
    {
        "mahalle_id": "64_3",
        "mahalle_adi": "Merkez Mah (ova Köyü)",
        "posta_kodu": "67380"
    },
    {
        "mahalle_id": "108_2",
        "mahalle_adi": "Merkez Mah (pembeciler Köyü)",
        "posta_kodu": "67302"
    },
    {
        "mahalle_id": "57_2",
        "mahalle_adi": "Merkez Mah (pınarcık Köyü)",
        "posta_kodu": "67302"
    },
    {
        "mahalle_id": "110_2",
        "mahalle_adi": "Merkez Mah (ramazanlı Köyü)",
        "posta_kodu": "67302"
    },
    {
        "mahalle_id": "111_2",
        "mahalle_adi": "Merkez Mah (rüşanlar Köyü)",
        "posta_kodu": "67302"
    },
    {
        "mahalle_id": "112_2",
        "mahalle_adi": "Merkez Mah (sakallar Köyü)",
        "posta_kodu": "67302"
    },
    {
        "mahalle_id": "113_2",
        "mahalle_adi": "Merkez Mah (saltuklu Köyü)",
        "posta_kodu": "67302"
    },
    {
        "mahalle_id": "133_2",
        "mahalle_adi": "Merkez Mah (şamlar Köyü)",
        "posta_kodu": "67302"
    },
    {
        "mahalle_id": "121_2",
        "mahalle_adi": "Merkez Mah (sücüllü Köyü)",
        "posta_kodu": "67302"
    },
    {
        "mahalle_id": "124_2",
        "mahalle_adi": "Merkez Mah (süleymanbeyler Köyü)",
        "posta_kodu": "67302"
    },
    {
        "mahalle_id": "135_2",
        "mahalle_adi": "Merkez Mah (tepeören Köyü)",
        "posta_kodu": "67302"
    },
    {
        "mahalle_id": "75_3",
        "mahalle_adi": "Merkez Mah (topallı Köyü)",
        "posta_kodu": "67380"
    },
    {
        "mahalle_id": "78_3",
        "mahalle_adi": "Merkez Mah (toyfanlı Köyü)",
        "posta_kodu": "67380"
    },
    {
        "mahalle_id": "141_2",
        "mahalle_adi": "Merkez Mah (üçköy Köyü)",
        "posta_kodu": "67302"
    },
    {
        "mahalle_id": "140_2",
        "mahalle_adi": "Merkez Mah (uludağ Köyü)",
        "posta_kodu": "67302"
    },
    {
        "mahalle_id": "79_3",
        "mahalle_adi": "Merkez Mah (üveyikli Köyü)",
        "posta_kodu": "67380"
    },
    {
        "mahalle_id": "142_2",
        "mahalle_adi": "Merkez Mah (vakıf Köyü)",
        "posta_kodu": "67302"
    },
    {
        "mahalle_id": "143_2",
        "mahalle_adi": "Merkez Mah (velidağ Köyü)",
        "posta_kodu": "67302"
    },
    {
        "mahalle_id": "144_2",
        "mahalle_adi": "Merkez Mah (yalnızçam Köyü)",
        "posta_kodu": "67302"
    },
    {
        "mahalle_id": "145_2",
        "mahalle_adi": "Merkez Mah (yaraşlıyürük Köyü)",
        "posta_kodu": "67302"
    },
    {
        "mahalle_id": "151_2",
        "mahalle_adi": "Merkez Mah (yazıören Köyü)",
        "posta_kodu": "67302"
    },
    {
        "mahalle_id": "153_2",
        "mahalle_adi": "Merkez Mah (yenidoğancılar Köyü)",
        "posta_kodu": "67302"
    },
    {
        "mahalle_id": "156_2",
        "mahalle_adi": "Merkez Mah (yukarıhocalar Köyü)",
        "posta_kodu": "67302"
    },
    {
        "mahalle_id": "163_2",
        "mahalle_adi": "Merkez Mah (yunuslu Köyü)",
        "posta_kodu": "67302"
    },
    {
        "mahalle_id": "166_2",
        "mahalle_adi": "Merkez Mah (zindancılar Köyü)",
        "posta_kodu": "67302"
    },
    {
        "mahalle_id": "10_2",
        "mahalle_adi": "Minatlı Mah (abdi Köyü)",
        "posta_kodu": "67302"
    },
    {
        "mahalle_id": "71_3",
        "mahalle_adi": "Mudahlı Mah (beyveren Köyü)",
        "posta_kodu": "67380"
    },
    {
        "mahalle_id": "13_1",
        "mahalle_adi": "Müftü Mah",
        "posta_kodu": "67300"
    },
    {
        "mahalle_id": "80_3",
        "mahalle_adi": "Muhallı Mah (üveyikli Köyü)",
        "posta_kodu": "67380"
    },
    {
        "mahalle_id": "57_3",
        "mahalle_adi": "Mursallı Mah (kaymaklar Köyü)",
        "posta_kodu": "67380"
    },
    {
        "mahalle_id": "12_1",
        "mahalle_adi": "Murtaza Mah",
        "posta_kodu": "67300"
    },
    {
        "mahalle_id": "77_2",
        "mahalle_adi": "Nusratlı Mah (ışıklı Köyü)",
        "posta_kodu": "67302"
    },
    {
        "mahalle_id": "14_3",
        "mahalle_adi": "Obruklar Mah (başören Köyü)",
        "posta_kodu": "67380"
    },
    {
        "mahalle_id": "12_2",
        "mahalle_adi": "Okulyanı Mah (abdi Köyü)",
        "posta_kodu": "67302"
    },
    {
        "mahalle_id": "155_2",
        "mahalle_adi": "Okuşlar Mah (yenidoğancılar Köyü)",
        "posta_kodu": "67302"
    },
    {
        "mahalle_id": "22_1",
        "mahalle_adi": "Ömerli Mah",
        "posta_kodu": "67300"
    },
    {
        "mahalle_id": "30_1",
        "mahalle_adi": "Ören Mah",
        "posta_kodu": "67300"
    },
    {
        "mahalle_id": "28_2",
        "mahalle_adi": "Örencik Mah (aydınlar Köyü)",
        "posta_kodu": "67302"
    },
    {
        "mahalle_id": "4_4",
        "mahalle_adi": "Örencik Mah (gülüç Beldesi)",
        "posta_kodu": "67350"
    },
    {
        "mahalle_id": "14_1",
        "mahalle_adi": "Orhanlar Mah",
        "posta_kodu": "67300"
    },
    {
        "mahalle_id": "89_2",
        "mahalle_adi": "Orta Mah (kızılca Köyü)",
        "posta_kodu": "67302"
    },
    {
        "mahalle_id": "148_2",
        "mahalle_adi": "Orta Mah (yazıcılar Köyü)",
        "posta_kodu": "67302"
    },
    {
        "mahalle_id": "93_2",
        "mahalle_adi": "Pazarpınar Mah (yeni Pazar Mah) (kurtlar Köyü)",
        "posta_kodu": "67302"
    },
    {
        "mahalle_id": "64_2",
        "mahalle_adi": "Piller Mah (esenler Köyü)",
        "posta_kodu": "67302"
    },
    {
        "mahalle_id": "46_3",
        "mahalle_adi": "Resullü Mah (hasankahyalar Köyü)",
        "posta_kodu": "67380"
    },
    {
        "mahalle_id": "23_2",
        "mahalle_adi": "Saka Mah (aydın Köyü)",
        "posta_kodu": "67302"
    },
    {
        "mahalle_id": "65_2",
        "mahalle_adi": "Sakalar Mah (esenler Köyü)",
        "posta_kodu": "67302"
    },
    {
        "mahalle_id": "31_2",
        "mahalle_adi": "Saltuklu Mah (ballıca Köyü)",
        "posta_kodu": "67302"
    },
    {
        "mahalle_id": "77_3",
        "mahalle_adi": "Sanayi Mah (toyfanlı Köyü)",
        "posta_kodu": "67380"
    },
    {
        "mahalle_id": "56_2",
        "mahalle_adi": "Sandalcılar Mah (pınarcık Köyü)",
        "posta_kodu": "67302"
    },
    {
        "mahalle_id": "67_3",
        "mahalle_adi": "Sarıahmetler Mah (sarıkaya Köyü)",
        "posta_kodu": "67380"
    },
    {
        "mahalle_id": "33_3",
        "mahalle_adi": "Sarıca Mah (ortacı Köyü)",
        "posta_kodu": "67380"
    },
    {
        "mahalle_id": "157_2",
        "mahalle_adi": "Sarıhamzalı Mah (yukarıhocalar Köyü)",
        "posta_kodu": "67302"
    },
    {
        "mahalle_id": "2_3",
        "mahalle_adi": "Sarıkaya Mah (ormanlı Beldesi)",
        "posta_kodu": "67380"
    },
    {
        "mahalle_id": "15_1",
        "mahalle_adi": "Sarıkokmaz Mah",
        "posta_kodu": "67300"
    },
    {
        "mahalle_id": "2_5",
        "mahalle_adi": "Şehitlik Mah (kandilli Beldesi)",
        "posta_kodu": "67390"
    },
    {
        "mahalle_id": "84_3",
        "mahalle_adi": "Sekeli Mah (yeşilköy Köyü)",
        "posta_kodu": "67380"
    },
    {
        "mahalle_id": "125_2",
        "mahalle_adi": "Serdaroğlu Mah (süleymanbeyler Köyü)",
        "posta_kodu": "67302"
    },
    {
        "mahalle_id": "3_3",
        "mahalle_adi": "Seyit Ahmetli Mah (ormanlı Beldesi)",
        "posta_kodu": "67380"
    },
    {
        "mahalle_id": "69_3",
        "mahalle_adi": "Şıhlar Mah (sarıkaya Köyü)",
        "posta_kodu": "67380"
    },
    {
        "mahalle_id": "4_3",
        "mahalle_adi": "Sinitli Mah (ormanlı Beldesi)",
        "posta_kodu": "67380"
    },
    {
        "mahalle_id": "126_2",
        "mahalle_adi": "Subaşı Mah (süleymanbeyler Köyü)",
        "posta_kodu": "67302"
    },
    {
        "mahalle_id": "72_3",
        "mahalle_adi": "Sucahlı Mah (beyveren Köyü)",
        "posta_kodu": "67380"
    },
    {
        "mahalle_id": "16_1",
        "mahalle_adi": "Süleymanlar Mah",
        "posta_kodu": "67300"
    },
    {
        "mahalle_id": "128_2",
        "mahalle_adi": "Sütlüce Köyü",
        "posta_kodu": "67302"
    },
    {
        "mahalle_id": "6_2",
        "mahalle_adi": "Tabaklar Mah (abdi Köyü)",
        "posta_kodu": "67302"
    },
    {
        "mahalle_id": "164_2",
        "mahalle_adi": "Taklar Mah (zindancılar Köyü)",
        "posta_kodu": "67302"
    },
    {
        "mahalle_id": "79_2",
        "mahalle_adi": "Tantanlar Mah (imranlar Köyü)",
        "posta_kodu": "67302"
    },
    {
        "mahalle_id": "44_3",
        "mahalle_adi": "Tepeköy Köyü",
        "posta_kodu": "67380"
    },
    {
        "mahalle_id": "48_3",
        "mahalle_adi": "Tepeköy Mah (karakavuz Köyü)",
        "posta_kodu": "67380"
    },
    {
        "mahalle_id": "137_2",
        "mahalle_adi": "Terzi Köyü",
        "posta_kodu": "67302"
    },
    {
        "mahalle_id": "31_3",
        "mahalle_adi": "Terzi Mah (emirali Köyü)",
        "posta_kodu": "67380"
    },
    {
        "mahalle_id": "37_2",
        "mahalle_adi": "Tingiller Mah (bayat Köyü)",
        "posta_kodu": "67302"
    },
    {
        "mahalle_id": "31_1",
        "mahalle_adi": "Topçalı Mah",
        "posta_kodu": "67300"
    },
    {
        "mahalle_id": "84_2",
        "mahalle_adi": "Topyeri Mah (keşkek Köyü)",
        "posta_kodu": "67302"
    },
    {
        "mahalle_id": "152_2",
        "mahalle_adi": "Torunlu Mah (yazıören Köyü)",
        "posta_kodu": "67302"
    },
    {
        "mahalle_id": "71_2",
        "mahalle_adi": "Ulaşlar Mah (halaşlı Köyü)",
        "posta_kodu": "67302"
    },
    {
        "mahalle_id": "20_1",
        "mahalle_adi": "Uzunçayır Mah",
        "posta_kodu": "67300"
    },
    {
        "mahalle_id": "17_1",
        "mahalle_adi": "Uzunmehmet Mah",
        "posta_kodu": "67300"
    },
    {
        "mahalle_id": "159_2",
        "mahalle_adi": "Yakalar Mah (yunuslu Köyü)",
        "posta_kodu": "67302"
    },
    {
        "mahalle_id": "54_2",
        "mahalle_adi": "Yaslar Mah (pınarcık Köyü)",
        "posta_kodu": "67302"
    },
    {
        "mahalle_id": "165_2",
        "mahalle_adi": "Yavuzlar Mah (zindancılar Köyü)",
        "posta_kodu": "67302"
    },
    {
        "mahalle_id": "43_2",
        "mahalle_adi": "Yeni Mah (çayırlı Köyü)",
        "posta_kodu": "67302"
    },
    {
        "mahalle_id": "76_2",
        "mahalle_adi": "Yeni Mah (hasbeyler Köyü)",
        "posta_kodu": "67302"
    },
    {
        "mahalle_id": "3_5",
        "mahalle_adi": "Yeni Mah (kandilli Beldesi)",
        "posta_kodu": "67390"
    },
    {
        "mahalle_id": "59_3",
        "mahalle_adi": "Yeni Mah (kızılcapınar Köyü)",
        "posta_kodu": "67380"
    },
    {
        "mahalle_id": "102_2",
        "mahalle_adi": "Yeni Mah (ortaköy Köyü)",
        "posta_kodu": "67302"
    },
    {
        "mahalle_id": "4_2",
        "mahalle_adi": "Yeniköy Mah (yeniköy Köyü)",
        "posta_kodu": "67302"
    },
    {
        "mahalle_id": "115_2",
        "mahalle_adi": "Yörük Mah (soğanlıyürük Köyü)",
        "posta_kodu": "67302"
    },
    {
        "mahalle_id": "146_2",
        "mahalle_adi": "Yörük Mah (yaraşlıyürük Köyü)",
        "posta_kodu": "67302"
    },
    {
        "mahalle_id": "14_2",
        "mahalle_adi": "Yukarı Mah (akkaya Köyü)",
        "posta_kodu": "67302"
    },
    {
        "mahalle_id": "120_2",
        "mahalle_adi": "Yukarı Mah (soğanlıyürük Köyü)",
        "posta_kodu": "67302"
    },
    {
        "mahalle_id": "109_2",
        "mahalle_adi": "Zoroğlu Mah (ramazanlı Köyü)",
        "posta_kodu": "67302"
    }
]