[
    {
        "mahalle_id": "1_2",
        "mahalle_adi": "Akbucak Köyü",
        "posta_kodu": "53340"
    },
    {
        "mahalle_id": "2_2",
        "mahalle_adi": "Akmescit Köyü",
        "posta_kodu": "53340"
    },
    {
        "mahalle_id": "6_2",
        "mahalle_adi": "Aktepe Köyü",
        "posta_kodu": "53340"
    },
    {
        "mahalle_id": "43_2",
        "mahalle_adi": "Alım Yeri Ve Okumuşlar Mevki Mah (hamidiye Köyü)",
        "posta_kodu": "53340"
    },
    {
        "mahalle_id": "100_2",
        "mahalle_adi": "Alt Mevki Mah (şehitlik Köyü)",
        "posta_kodu": "53340"
    },
    {
        "mahalle_id": "61_2",
        "mahalle_adi": "Ana Yol Altı Mevki Mah (kuzayca Köyü)",
        "posta_kodu": "53340"
    },
    {
        "mahalle_id": "129_2",
        "mahalle_adi": "Arka Dere Mevki Mah (yücehisar Köyü)",
        "posta_kodu": "53340"
    },
    {
        "mahalle_id": "82_2",
        "mahalle_adi": "Aşağı Mevki Mah (sahilköy Köyü)",
        "posta_kodu": "53340"
    },
    {
        "mahalle_id": "77_2",
        "mahalle_adi": "Avcılar Mevkii Mah (örnek Köyü)",
        "posta_kodu": "53340"
    },
    {
        "mahalle_id": "48_2",
        "mahalle_adi": "Aygüneş-yıldız-altun Mevki Mah (handağı Köyü)",
        "posta_kodu": "53340"
    },
    {
        "mahalle_id": "50_2",
        "mahalle_adi": "Babuçoğlu-devrişoğlu Mevki Mah (handağı Köyü)",
        "posta_kodu": "53340"
    },
    {
        "mahalle_id": "11_2",
        "mahalle_adi": "Badialva Mevki Mah (alçılı Köyü)",
        "posta_kodu": "53340"
    },
    {
        "mahalle_id": "66_2",
        "mahalle_adi": "Balaban Mevki Mah (merdivenli Köyü)",
        "posta_kodu": "53340"
    },
    {
        "mahalle_id": "79_2",
        "mahalle_adi": "Baş Mevki Mah (sahilköy Köyü)",
        "posta_kodu": "53340"
    },
    {
        "mahalle_id": "20_2",
        "mahalle_adi": "Başköy Köyü",
        "posta_kodu": "53340"
    },
    {
        "mahalle_id": "2_1",
        "mahalle_adi": "Beyaztaş Mah",
        "posta_kodu": "53300"
    },
    {
        "mahalle_id": "49_2",
        "mahalle_adi": "Bilaloğlu Mevki Mah (handağı Köyü)",
        "posta_kodu": "53340"
    },
    {
        "mahalle_id": "54_2",
        "mahalle_adi": "Biliciler Mevki Mah (hisarlı Köyü)",
        "posta_kodu": "53340"
    },
    {
        "mahalle_id": "55_2",
        "mahalle_adi": "Birinciler Mevki Mah (hisarlı Köyü)",
        "posta_kodu": "53340"
    },
    {
        "mahalle_id": "21_2",
        "mahalle_adi": "Boğazlı Köyü",
        "posta_kodu": "53340"
    },
    {
        "mahalle_id": "38_2",
        "mahalle_adi": "Büyük Cami Mevki Mah (güney Köyü)",
        "posta_kodu": "53340"
    },
    {
        "mahalle_id": "24_2",
        "mahalle_adi": "Cami Mevki Mah (bucak Köyü)",
        "posta_kodu": "53340"
    },
    {
        "mahalle_id": "72_2",
        "mahalle_adi": "Cami Mevki Mah (ortayol Köyü)",
        "posta_kodu": "53340"
    },
    {
        "mahalle_id": "101_2",
        "mahalle_adi": "Cami Mevki Mah (şehitlik Köyü)",
        "posta_kodu": "53340"
    },
    {
        "mahalle_id": "87_2",
        "mahalle_adi": "Cami Mevki Mah (sivritepe Köyü)",
        "posta_kodu": "53340"
    },
    {
        "mahalle_id": "119_2",
        "mahalle_adi": "Cami Mevki Mah (yemişli Köyü)",
        "posta_kodu": "53340"
    },
    {
        "mahalle_id": "52_2",
        "mahalle_adi": "Cevherler Mah (handağı Köyü)",
        "posta_kodu": "53340"
    },
    {
        "mahalle_id": "5_2",
        "mahalle_adi": "Çiçekören Mevki Mah (aktaş Köyü)",
        "posta_kodu": "53340"
    },
    {
        "mahalle_id": "115_2",
        "mahalle_adi": "Cihanlı Mevki Mah (uğrak Köyü)",
        "posta_kodu": "53340"
    },
    {
        "mahalle_id": "3_1",
        "mahalle_adi": "Cumhuriyet Mah",
        "posta_kodu": "53300"
    },
    {
        "mahalle_id": "27_2",
        "mahalle_adi": "Dağdibi Köyü",
        "posta_kodu": "53340"
    },
    {
        "mahalle_id": "28_2",
        "mahalle_adi": "Darılı Köyü",
        "posta_kodu": "53340"
    },
    {
        "mahalle_id": "8_2",
        "mahalle_adi": "Dere Mevki Mah (alçılı Köyü)",
        "posta_kodu": "53340"
    },
    {
        "mahalle_id": "22_2",
        "mahalle_adi": "Dere Mevki Mah (bucak Köyü)",
        "posta_kodu": "53340"
    },
    {
        "mahalle_id": "112_2",
        "mahalle_adi": "Dere Mevki Mah (uğrak Köyü)",
        "posta_kodu": "53340"
    },
    {
        "mahalle_id": "70_2",
        "mahalle_adi": "Dere Mevkii Mah (ortayol Köyü)",
        "posta_kodu": "53340"
    },
    {
        "mahalle_id": "29_2",
        "mahalle_adi": "Derebaşı Köyü",
        "posta_kodu": "53340"
    },
    {
        "mahalle_id": "32_2",
        "mahalle_adi": "Dernek Köyü",
        "posta_kodu": "53340"
    },
    {
        "mahalle_id": "94_2",
        "mahalle_adi": "Dışkapı Mevki Mah (suçatı Köyü)",
        "posta_kodu": "53340"
    },
    {
        "mahalle_id": "13_2",
        "mahalle_adi": "Dumina Mevki Mah (balıkçı Köyü)",
        "posta_kodu": "53340"
    },
    {
        "mahalle_id": "99_2",
        "mahalle_adi": "Düzler Mevki Mah (şehitlik Köyü)",
        "posta_kodu": "53340"
    },
    {
        "mahalle_id": "33_2",
        "mahalle_adi": "Elmalık Köyü",
        "posta_kodu": "53340"
    },
    {
        "mahalle_id": "10_1",
        "mahalle_adi": "Gazi Mah",
        "posta_kodu": "53300"
    },
    {
        "mahalle_id": "18_2",
        "mahalle_adi": "Geçitler Mevki Mah (başköy Köyü)",
        "posta_kodu": "53340"
    },
    {
        "mahalle_id": "4_1",
        "mahalle_adi": "Güzelyalı Mah",
        "posta_kodu": "53300"
    },
    {
        "mahalle_id": "91_2",
        "mahalle_adi": "Haberal Mevki Mah (subaşı Köyü)",
        "posta_kodu": "53340"
    },
    {
        "mahalle_id": "133_2",
        "mahalle_adi": "Hamidiye Mah (hamidiye Köyü)",
        "posta_kodu": "53340"
    },
    {
        "mahalle_id": "69_2",
        "mahalle_adi": "Harvat Mevkii Mah (ortayol Köyü)",
        "posta_kodu": "53340"
    },
    {
        "mahalle_id": "68_2",
        "mahalle_adi": "Haşıoğlu Mevkii Mah (ortayol Köyü)",
        "posta_kodu": "53340"
    },
    {
        "mahalle_id": "53_2",
        "mahalle_adi": "Hasköy Köyü",
        "posta_kodu": "53340"
    },
    {
        "mahalle_id": "95_2",
        "mahalle_adi": "Hazine Mevki Mah (suçatı Köyü)",
        "posta_kodu": "53340"
    },
    {
        "mahalle_id": "30_2",
        "mahalle_adi": "Hoçoti Mevki Mah (derinsu Köyü)",
        "posta_kodu": "53340"
    },
    {
        "mahalle_id": "74_2",
        "mahalle_adi": "Hopa Mevki Mah (ortayol Köyü)",
        "posta_kodu": "53340"
    },
    {
        "mahalle_id": "46_2",
        "mahalle_adi": "Hukanoğlu Mevki Mah (handağı Köyü)",
        "posta_kodu": "53340"
    },
    {
        "mahalle_id": "5_1",
        "mahalle_adi": "İkiztepe Mah",
        "posta_kodu": "53300"
    },
    {
        "mahalle_id": "3_2",
        "mahalle_adi": "İnce Mevki Mah (aktaş Köyü)",
        "posta_kodu": "53340"
    },
    {
        "mahalle_id": "57_2",
        "mahalle_adi": "Irmak Köyü",
        "posta_kodu": "53340"
    },
    {
        "mahalle_id": "58_2",
        "mahalle_adi": "Irmakyeniköy Köyü",
        "posta_kodu": "53340"
    },
    {
        "mahalle_id": "93_2",
        "mahalle_adi": "İskele Mevki Mah (suçatı Köyü)",
        "posta_kodu": "53340"
    },
    {
        "mahalle_id": "117_2",
        "mahalle_adi": "Kale Mevki Mah (yemişli Köyü)",
        "posta_kodu": "53340"
    },
    {
        "mahalle_id": "16_2",
        "mahalle_adi": "Kanlı Mevki Mah (başköy Köyü)",
        "posta_kodu": "53340"
    },
    {
        "mahalle_id": "88_2",
        "mahalle_adi": "Karşı Mevki Mah (sivritepe Köyü)",
        "posta_kodu": "53340"
    },
    {
        "mahalle_id": "121_2",
        "mahalle_adi": "Karşı Mevki Mah (yemişli Köyü)",
        "posta_kodu": "53340"
    },
    {
        "mahalle_id": "81_2",
        "mahalle_adi": "Kasapoğlu Mevki Mah (sahilköy Köyü)",
        "posta_kodu": "53340"
    },
    {
        "mahalle_id": "59_2",
        "mahalle_adi": "Kayağantaş Köyü",
        "posta_kodu": "53340"
    },
    {
        "mahalle_id": "60_2",
        "mahalle_adi": "Kesikköprü Köyü",
        "posta_kodu": "53340"
    },
    {
        "mahalle_id": "47_2",
        "mahalle_adi": "Kesimal Mevki Mah (handağı Köyü)",
        "posta_kodu": "53340"
    },
    {
        "mahalle_id": "6_1",
        "mahalle_adi": "Kirazlık Mah",
        "posta_kodu": "53300"
    },
    {
        "mahalle_id": "134_2",
        "mahalle_adi": "Kocaköprü Mah",
        "posta_kodu": "53340"
    },
    {
        "mahalle_id": "114_2",
        "mahalle_adi": "Koçanlı Mevki Mah (uğrak Köyü)",
        "posta_kodu": "53340"
    },
    {
        "mahalle_id": "42_2",
        "mahalle_adi": "Koçoğlu Ve Çebiler Mevki Mah (hamidiye Köyü)",
        "posta_kodu": "53340"
    },
    {
        "mahalle_id": "109_2",
        "mahalle_adi": "Korkmazlar Mevki Mah (tektaş Köyü)",
        "posta_kodu": "53340"
    },
    {
        "mahalle_id": "107_2",
        "mahalle_adi": "Kösoğlu Ve Kolsuzoğlu Mevki Mah (tektaş Köyü)",
        "posta_kodu": "53340"
    },
    {
        "mahalle_id": "37_2",
        "mahalle_adi": "Küçük Cami Mevki Mah (güney Köyü)",
        "posta_kodu": "53340"
    },
    {
        "mahalle_id": "15_2",
        "mahalle_adi": "Liman Mevki Mah (balıkçı Köyü)",
        "posta_kodu": "53340"
    },
    {
        "mahalle_id": "80_2",
        "mahalle_adi": "Memoğlu Mevki Mah (sahilköy Köyü)",
        "posta_kodu": "53340"
    },
    {
        "mahalle_id": "67_2",
        "mahalle_adi": "Merdivenli Köyü",
        "posta_kodu": "53340"
    },
    {
        "mahalle_id": "39_2",
        "mahalle_adi": "Merkez Cami Eski Pazaryolu Mevki Mah (hamidiye Köyü)",
        "posta_kodu": "53340"
    },
    {
        "mahalle_id": "10_2",
        "mahalle_adi": "Merkez Cami Mevki Mah (alçılı Köyü)",
        "posta_kodu": "53340"
    },
    {
        "mahalle_id": "12_2",
        "mahalle_adi": "Merkez Mevki Mah (balıkçı Köyü)",
        "posta_kodu": "53340"
    },
    {
        "mahalle_id": "31_2",
        "mahalle_adi": "Merkez Mevki Mah (derinsu Köyü)",
        "posta_kodu": "53340"
    },
    {
        "mahalle_id": "113_2",
        "mahalle_adi": "Morçut Mevki Mah (uğrak Köyü)",
        "posta_kodu": "53340"
    },
    {
        "mahalle_id": "135_2",
        "mahalle_adi": "Ocak Mah",
        "posta_kodu": "53340"
    },
    {
        "mahalle_id": "26_2",
        "mahalle_adi": "Ocaozon Mevki Mah (bucak Köyü)",
        "posta_kodu": "53340"
    },
    {
        "mahalle_id": "34_2",
        "mahalle_adi": "Okul Mevki Mah (güney Köyü)",
        "posta_kodu": "53340"
    },
    {
        "mahalle_id": "118_2",
        "mahalle_adi": "Okul Mevki Mah (yemişli Köyü)",
        "posta_kodu": "53340"
    },
    {
        "mahalle_id": "7_2",
        "mahalle_adi": "Okul Mevkii Mah (alçılı Köyü)",
        "posta_kodu": "53340"
    },
    {
        "mahalle_id": "75_2",
        "mahalle_adi": "Okul Ve Cami Mevkii Mah (örnek Köyü)",
        "posta_kodu": "53340"
    },
    {
        "mahalle_id": "63_2",
        "mahalle_adi": "Omohale Ve Mezralar Mevki Mah (kuzayca Köyü)",
        "posta_kodu": "53340"
    },
    {
        "mahalle_id": "44_2",
        "mahalle_adi": "Orta Mah. Yolu Ve İslamoğlu Mevki Mah (hamidiye Köyü)",
        "posta_kodu": "53340"
    },
    {
        "mahalle_id": "45_2",
        "mahalle_adi": "Orta Mah.yolu Ve Aytemizler Mevki Mah (hamidiye Köyü)",
        "posta_kodu": "53340"
    },
    {
        "mahalle_id": "122_2",
        "mahalle_adi": "Orta Mevki Mah (yemişli Köyü)",
        "posta_kodu": "53340"
    },
    {
        "mahalle_id": "130_2",
        "mahalle_adi": "Orta Mevki Mah (yücehisar Köyü)",
        "posta_kodu": "53340"
    },
    {
        "mahalle_id": "86_2",
        "mahalle_adi": "Orta Mevkii Mah (sivritepe Köyü)",
        "posta_kodu": "53340"
    },
    {
        "mahalle_id": "131_2",
        "mahalle_adi": "Ortaırmak Köyü",
        "posta_kodu": "53340"
    },
    {
        "mahalle_id": "128_2",
        "mahalle_adi": "Ortayol Mevki Mah (yücehisar Köyü)",
        "posta_kodu": "53340"
    },
    {
        "mahalle_id": "78_2",
        "mahalle_adi": "Papatya Köyü",
        "posta_kodu": "53340"
    },
    {
        "mahalle_id": "73_2",
        "mahalle_adi": "Paşakinalar Mevki Mah (ortayol Köyü)",
        "posta_kodu": "53340"
    },
    {
        "mahalle_id": "7_1",
        "mahalle_adi": "Pazar Mah",
        "posta_kodu": "53300"
    },
    {
        "mahalle_id": "35_2",
        "mahalle_adi": "Pehlivanlar Mevki Mah (güney Köyü)",
        "posta_kodu": "53340"
    },
    {
        "mahalle_id": "71_2",
        "mahalle_adi": "Pirimoğlu Mah (ortayol Köyü)",
        "posta_kodu": "53340"
    },
    {
        "mahalle_id": "64_2",
        "mahalle_adi": "Piyastoni Mevki Mah (kuzayca Köyü)",
        "posta_kodu": "53340"
    },
    {
        "mahalle_id": "56_2",
        "mahalle_adi": "Radar Mevki Mah (hisarlı Köyü)",
        "posta_kodu": "53340"
    },
    {
        "mahalle_id": "108_2",
        "mahalle_adi": "Şabanoğlu Mevki Mah (tektaş Köyü)",
        "posta_kodu": "53340"
    },
    {
        "mahalle_id": "40_2",
        "mahalle_adi": "Sağlık Ocağı Yolu Ve Çevresi Mevki Mah (hamidiye Köyü)",
        "posta_kodu": "53340"
    },
    {
        "mahalle_id": "14_2",
        "mahalle_adi": "Sahil Mevki Mah (balıkçı Köyü)",
        "posta_kodu": "53340"
    },
    {
        "mahalle_id": "132_2",
        "mahalle_adi": "Sahilköy Mah (sahilköy Köyü)",
        "posta_kodu": "53340"
    },
    {
        "mahalle_id": "19_2",
        "mahalle_adi": "Sapanca Mevki Mah (başköy Köyü)",
        "posta_kodu": "53340"
    },
    {
        "mahalle_id": "76_2",
        "mahalle_adi": "Sarışı Mevki Mah (örnek Köyü)",
        "posta_kodu": "53340"
    },
    {
        "mahalle_id": "125_2",
        "mahalle_adi": "Satoğlu Mevki Mah (yeşilköy Köyü)",
        "posta_kodu": "53340"
    },
    {
        "mahalle_id": "96_2",
        "mahalle_adi": "Semtet Mevki Mah (suçatı Köyü)",
        "posta_kodu": "53340"
    },
    {
        "mahalle_id": "104_2",
        "mahalle_adi": "Şendere Köyü",
        "posta_kodu": "53340"
    },
    {
        "mahalle_id": "105_2",
        "mahalle_adi": "Şentepe Köyü",
        "posta_kodu": "53340"
    },
    {
        "mahalle_id": "103_2",
        "mahalle_adi": "Şentepe Mevki Mah (şehitlik Köyü)",
        "posta_kodu": "53340"
    },
    {
        "mahalle_id": "83_2",
        "mahalle_adi": "Sessizdere Köyü",
        "posta_kodu": "53340"
    },
    {
        "mahalle_id": "85_2",
        "mahalle_adi": "Sırt Mevki Mah (sivritepe Köyü)",
        "posta_kodu": "53340"
    },
    {
        "mahalle_id": "97_2",
        "mahalle_adi": "Sırt Mevki Mah (suçatı Köyü)",
        "posta_kodu": "53340"
    },
    {
        "mahalle_id": "120_2",
        "mahalle_adi": "Sırt Mevki Mah (yemişli Köyü)",
        "posta_kodu": "53340"
    },
    {
        "mahalle_id": "84_2",
        "mahalle_adi": "Sivrikale Köyü",
        "posta_kodu": "53340"
    },
    {
        "mahalle_id": "89_2",
        "mahalle_adi": "Sivritepe Köyü",
        "posta_kodu": "53340"
    },
    {
        "mahalle_id": "1_1",
        "mahalle_adi": "Soğuksu Mah",
        "posta_kodu": "53300"
    },
    {
        "mahalle_id": "4_2",
        "mahalle_adi": "Soğuksu Mevki Mah (aktaş Köyü)",
        "posta_kodu": "53340"
    },
    {
        "mahalle_id": "92_2",
        "mahalle_adi": "Subaşı Köyü",
        "posta_kodu": "53340"
    },
    {
        "mahalle_id": "98_2",
        "mahalle_adi": "Sulak Köyü",
        "posta_kodu": "53340"
    },
    {
        "mahalle_id": "62_2",
        "mahalle_adi": "Tapsihon Yol Üstü Ve Köyiçi Mevki Mah (kuzayca Köyü)",
        "posta_kodu": "53340"
    },
    {
        "mahalle_id": "25_2",
        "mahalle_adi": "Tasu Mevki Mah (bucak Köyü)",
        "posta_kodu": "53340"
    },
    {
        "mahalle_id": "65_2",
        "mahalle_adi": "Tepe Mevki Mah (merdivenli Köyü)",
        "posta_kodu": "53340"
    },
    {
        "mahalle_id": "110_2",
        "mahalle_adi": "Topluca Köyü",
        "posta_kodu": "53340"
    },
    {
        "mahalle_id": "9_2",
        "mahalle_adi": "Tuna Mevki Mah (alçılı Köyü)",
        "posta_kodu": "53340"
    },
    {
        "mahalle_id": "17_2",
        "mahalle_adi": "Tutoğlu Mevki Mah (başköy Köyü)",
        "posta_kodu": "53340"
    },
    {
        "mahalle_id": "111_2",
        "mahalle_adi": "Tütüncüler Köyü",
        "posta_kodu": "53340"
    },
    {
        "mahalle_id": "124_2",
        "mahalle_adi": "Uçanoğlu Mevki Mah (yeşilköy Köyü)",
        "posta_kodu": "53340"
    },
    {
        "mahalle_id": "126_2",
        "mahalle_adi": "Ürünlü Doro Mevki Mah (yücehisar Köyü)",
        "posta_kodu": "53340"
    },
    {
        "mahalle_id": "127_2",
        "mahalle_adi": "Ürünlü Mevki Mah (yücehisar Köyü)",
        "posta_kodu": "53340"
    },
    {
        "mahalle_id": "102_2",
        "mahalle_adi": "Üst Mevki Mah (şehitlik Köyü)",
        "posta_kodu": "53340"
    },
    {
        "mahalle_id": "90_2",
        "mahalle_adi": "Y.karşı Mevki Mah (subaşı Köyü)",
        "posta_kodu": "53340"
    },
    {
        "mahalle_id": "41_2",
        "mahalle_adi": "Yarbaşı Ve Kızılhanlar Mevki Mah (hamidiye Köyü)",
        "posta_kodu": "53340"
    },
    {
        "mahalle_id": "116_2",
        "mahalle_adi": "Yavuz Köyü",
        "posta_kodu": "53340"
    },
    {
        "mahalle_id": "36_2",
        "mahalle_adi": "Yeni Mevki Mah (güney Köyü)",
        "posta_kodu": "53340"
    },
    {
        "mahalle_id": "106_2",
        "mahalle_adi": "Yeni Mevki Mah (tektaş Köyü)",
        "posta_kodu": "53340"
    },
    {
        "mahalle_id": "51_2",
        "mahalle_adi": "Yıldızlar Mevki Mah (handağı Köyü)",
        "posta_kodu": "53340"
    },
    {
        "mahalle_id": "23_2",
        "mahalle_adi": "Yukarı Mevki Mah (bucak Köyü)",
        "posta_kodu": "53340"
    },
    {
        "mahalle_id": "123_2",
        "mahalle_adi": "Yukarı Mevki Mah (yemişli Köyü)",
        "posta_kodu": "53340"
    },
    {
        "mahalle_id": "8_1",
        "mahalle_adi": "Yukarı Soğuksu Mah",
        "posta_kodu": "53300"
    },
    {
        "mahalle_id": "9_1",
        "mahalle_adi": "Zafer Mah",
        "posta_kodu": "53300"
    }
]