[
    {
        "mahalle_id": "79_2",
        "mahalle_adi": "Ablak Köyü",
        "posta_kodu": "03602"
    },
    {
        "mahalle_id": "12_1",
        "mahalle_adi": "Adaçal Mah",
        "posta_kodu": "03600"
    },
    {
        "mahalle_id": "7_2",
        "mahalle_adi": "Adalet Mah (bademli Köyü)",
        "posta_kodu": "03602"
    },
    {
        "mahalle_id": "10_2",
        "mahalle_adi": "Ağılcık Köyü",
        "posta_kodu": "03602"
    },
    {
        "mahalle_id": "2_3",
        "mahalle_adi": "Alasakallı Mah (davulga Beldesi)",
        "posta_kodu": "03630"
    },
    {
        "mahalle_id": "11_2",
        "mahalle_adi": "Alibeyce Köyü",
        "posta_kodu": "03602"
    },
    {
        "mahalle_id": "17_2",
        "mahalle_adi": "Arzılı Mah (başkonak Köyü)",
        "posta_kodu": "03602"
    },
    {
        "mahalle_id": "63_2",
        "mahalle_adi": "Aşağıaliçomak Köyü",
        "posta_kodu": "03602"
    },
    {
        "mahalle_id": "12_2",
        "mahalle_adi": "Aşağıkurudere Köyü",
        "posta_kodu": "03602"
    },
    {
        "mahalle_id": "64_2",
        "mahalle_adi": "Avdan Köyü",
        "posta_kodu": "03602"
    },
    {
        "mahalle_id": "80_2",
        "mahalle_adi": "Aydınyaka Köyü",
        "posta_kodu": "03602"
    },
    {
        "mahalle_id": "16_2",
        "mahalle_adi": "Aynılı Mah (başkonak Köyü)",
        "posta_kodu": "03602"
    },
    {
        "mahalle_id": "13_1",
        "mahalle_adi": "Aziziye Mah",
        "posta_kodu": "03600"
    },
    {
        "mahalle_id": "1_4",
        "mahalle_adi": "Bağlarbaşı Mah (gömü Beldesi)",
        "posta_kodu": "03680"
    },
    {
        "mahalle_id": "81_2",
        "mahalle_adi": "Bağlıca Köyü",
        "posta_kodu": "03602"
    },
    {
        "mahalle_id": "14_2",
        "mahalle_adi": "Balcam Köyü",
        "posta_kodu": "03602"
    },
    {
        "mahalle_id": "18_2",
        "mahalle_adi": "Başali Mah (başkonak Köyü)",
        "posta_kodu": "03602"
    },
    {
        "mahalle_id": "23_2",
        "mahalle_adi": "Beyköy Köyü",
        "posta_kodu": "03602"
    },
    {
        "mahalle_id": "82_2",
        "mahalle_adi": "Beyören Köyü",
        "posta_kodu": "03602"
    },
    {
        "mahalle_id": "83_2",
        "mahalle_adi": "Burunarkaç Köyü",
        "posta_kodu": "03602"
    },
    {
        "mahalle_id": "65_2",
        "mahalle_adi": "Büyüktuğluk Köyü",
        "posta_kodu": "03602"
    },
    {
        "mahalle_id": "84_2",
        "mahalle_adi": "Camili Köyü",
        "posta_kodu": "03602"
    },
    {
        "mahalle_id": "24_2",
        "mahalle_adi": "Çatallı Köyü",
        "posta_kodu": "03602"
    },
    {
        "mahalle_id": "66_2",
        "mahalle_adi": "Çaykışla Köyü",
        "posta_kodu": "03602"
    },
    {
        "mahalle_id": "25_2",
        "mahalle_adi": "Çiftlikköy Köyü",
        "posta_kodu": "03602"
    },
    {
        "mahalle_id": "2_1",
        "mahalle_adi": "Çilli Mah",
        "posta_kodu": "03600"
    },
    {
        "mahalle_id": "20_2",
        "mahalle_adi": "Civikli Mah (başkonak Köyü)",
        "posta_kodu": "03602"
    },
    {
        "mahalle_id": "1_1",
        "mahalle_adi": "Cumhuriyet Mah",
        "posta_kodu": "03600"
    },
    {
        "mahalle_id": "1_2",
        "mahalle_adi": "Cumhuriyet Mah (adayazı Köyü)",
        "posta_kodu": "03602"
    },
    {
        "mahalle_id": "4_2",
        "mahalle_adi": "Cumhuriyet Mah (aşağıpiribeyli Köyü)",
        "posta_kodu": "03602"
    },
    {
        "mahalle_id": "26_2",
        "mahalle_adi": "Dağılgan Köyü",
        "posta_kodu": "03602"
    },
    {
        "mahalle_id": "85_2",
        "mahalle_adi": "Dağınık Köyü",
        "posta_kodu": "03602"
    },
    {
        "mahalle_id": "67_2",
        "mahalle_adi": "Daydalı Köyü",
        "posta_kodu": "03602"
    },
    {
        "mahalle_id": "68_2",
        "mahalle_adi": "Demircili Köyü",
        "posta_kodu": "03602"
    },
    {
        "mahalle_id": "13_2",
        "mahalle_adi": "Dere Mah (aşağıkurudere Köyü)",
        "posta_kodu": "03602"
    },
    {
        "mahalle_id": "27_2",
        "mahalle_adi": "Dereköy Köyü",
        "posta_kodu": "03602"
    },
    {
        "mahalle_id": "3_3",
        "mahalle_adi": "Domurlu Mah (davulga Beldesi)",
        "posta_kodu": "03630"
    },
    {
        "mahalle_id": "62_2",
        "mahalle_adi": "Döneli Mah (yüreğil Köyü)",
        "posta_kodu": "03602"
    },
    {
        "mahalle_id": "2_4",
        "mahalle_adi": "Dörtyol Mah (gömü Beldesi)",
        "posta_kodu": "03680"
    },
    {
        "mahalle_id": "33_2",
        "mahalle_adi": "Ekizce Köyü",
        "posta_kodu": "03602"
    },
    {
        "mahalle_id": "28_2",
        "mahalle_adi": "Elhan Köyü",
        "posta_kodu": "03602"
    },
    {
        "mahalle_id": "11_1",
        "mahalle_adi": "Emirbaba Mah",
        "posta_kodu": "03600"
    },
    {
        "mahalle_id": "29_2",
        "mahalle_adi": "Emirinköyü Köyü",
        "posta_kodu": "03602"
    },
    {
        "mahalle_id": "3_1",
        "mahalle_adi": "Eski Kacerli Mah",
        "posta_kodu": "03600"
    },
    {
        "mahalle_id": "86_2",
        "mahalle_adi": "Eskiakören Köyü",
        "posta_kodu": "03602"
    },
    {
        "mahalle_id": "69_2",
        "mahalle_adi": "Eşrefli Köyü",
        "posta_kodu": "03602"
    },
    {
        "mahalle_id": "49_2",
        "mahalle_adi": "Fakılı Mah (tezköy Köyü)",
        "posta_kodu": "03602"
    },
    {
        "mahalle_id": "3_4",
        "mahalle_adi": "Fatih Mah (gömü Beldesi)",
        "posta_kodu": "03680"
    },
    {
        "mahalle_id": "87_2",
        "mahalle_adi": "Gedikevi Köyü",
        "posta_kodu": "03602"
    },
    {
        "mahalle_id": "70_2",
        "mahalle_adi": "Gelincik Köyü",
        "posta_kodu": "03602"
    },
    {
        "mahalle_id": "4_4",
        "mahalle_adi": "Gökçeyaka Mah (gömü Beldesi)",
        "posta_kodu": "03680"
    },
    {
        "mahalle_id": "88_2",
        "mahalle_adi": "Gözeli Köyü",
        "posta_kodu": "03602"
    },
    {
        "mahalle_id": "30_2",
        "mahalle_adi": "Güney Köyü",
        "posta_kodu": "03602"
    },
    {
        "mahalle_id": "31_2",
        "mahalle_adi": "Güneysaray Köyü",
        "posta_kodu": "03602"
    },
    {
        "mahalle_id": "71_2",
        "mahalle_adi": "Güveççi Köyü",
        "posta_kodu": "03602"
    },
    {
        "mahalle_id": "52_2",
        "mahalle_adi": "Güzle Mah (tezköy Köyü)",
        "posta_kodu": "03602"
    },
    {
        "mahalle_id": "15_2",
        "mahalle_adi": "Hacı Hüseyinli Mah (başkonak Köyü)",
        "posta_kodu": "03602"
    },
    {
        "mahalle_id": "22_2",
        "mahalle_adi": "Hacı İsalı Mah (başkonak Köyü)",
        "posta_kodu": "03602"
    },
    {
        "mahalle_id": "21_2",
        "mahalle_adi": "Hacı Mustafalı Mah (başkonak Köyü)",
        "posta_kodu": "03602"
    },
    {
        "mahalle_id": "32_2",
        "mahalle_adi": "Hamzahacılı Köyü",
        "posta_kodu": "03602"
    },
    {
        "mahalle_id": "6_3",
        "mahalle_adi": "Hisarköy Mah (davulga Beldesi)",
        "posta_kodu": "03630"
    },
    {
        "mahalle_id": "50_2",
        "mahalle_adi": "İnceli Mah (tezköy Köyü)",
        "posta_kodu": "03602"
    },
    {
        "mahalle_id": "4_3",
        "mahalle_adi": "İncik Mah (davulga Beldesi)",
        "posta_kodu": "03630"
    },
    {
        "mahalle_id": "4_1",
        "mahalle_adi": "İncili Mah",
        "posta_kodu": "03600"
    },
    {
        "mahalle_id": "5_1",
        "mahalle_adi": "İnkilap Mah",
        "posta_kodu": "03600"
    },
    {
        "mahalle_id": "34_2",
        "mahalle_adi": "Karaağaç Köyü",
        "posta_kodu": "03602"
    },
    {
        "mahalle_id": "35_2",
        "mahalle_adi": "Karacalar Köyü",
        "posta_kodu": "03602"
    },
    {
        "mahalle_id": "5_3",
        "mahalle_adi": "Karakuyu Mah (davulga Beldesi)",
        "posta_kodu": "03630"
    },
    {
        "mahalle_id": "89_2",
        "mahalle_adi": "Karayatak Köyü",
        "posta_kodu": "03602"
    },
    {
        "mahalle_id": "6_1",
        "mahalle_adi": "Karşıyaka Mah",
        "posta_kodu": "03600"
    },
    {
        "mahalle_id": "5_2",
        "mahalle_adi": "Karşıyaka Mah (aşağıpiribeyli Köyü)",
        "posta_kodu": "03602"
    },
    {
        "mahalle_id": "37_2",
        "mahalle_adi": "Kavlaklı Mah (kılıçlı Kavlaklı Köyü)",
        "posta_kodu": "03602"
    },
    {
        "mahalle_id": "90_2",
        "mahalle_adi": "Kılıçlar Köyü",
        "posta_kodu": "03602"
    },
    {
        "mahalle_id": "36_2",
        "mahalle_adi": "Kılıçlı Mah (kılıçlı Kavlaklı Köyü)",
        "posta_kodu": "03602"
    },
    {
        "mahalle_id": "91_2",
        "mahalle_adi": "Kırkpınar Köyü",
        "posta_kodu": "03602"
    },
    {
        "mahalle_id": "61_2",
        "mahalle_adi": "Köseli Mah (yüreğil Köyü)",
        "posta_kodu": "03602"
    },
    {
        "mahalle_id": "38_2",
        "mahalle_adi": "Koyunlu Mah (kılıçlı Kavlaklı Köyü)",
        "posta_kodu": "03602"
    },
    {
        "mahalle_id": "39_2",
        "mahalle_adi": "Kuruca Köyü",
        "posta_kodu": "03602"
    },
    {
        "mahalle_id": "40_2",
        "mahalle_adi": "Kurucaosb Mah (kuruca Köyü)",
        "posta_kodu": "03602"
    },
    {
        "mahalle_id": "72_2",
        "mahalle_adi": "Leylekli Köyü",
        "posta_kodu": "03602"
    },
    {
        "mahalle_id": "43_2",
        "mahalle_adi": "Mahrumlu Mah (yukarıkurudere Köyü)",
        "posta_kodu": "03602"
    },
    {
        "mahalle_id": "42_2",
        "mahalle_adi": "Mazı Mah (yukarıkurudere Köyü)",
        "posta_kodu": "03602"
    },
    {
        "mahalle_id": "7_1",
        "mahalle_adi": "Menderes Mah",
        "posta_kodu": "03600"
    },
    {
        "mahalle_id": "73_2",
        "mahalle_adi": "Örenköy Köyü",
        "posta_kodu": "03602"
    },
    {
        "mahalle_id": "74_2",
        "mahalle_adi": "Özkan Köyü",
        "posta_kodu": "03602"
    },
    {
        "mahalle_id": "41_2",
        "mahalle_adi": "Palıtlı Mah (yukarıkurudere Köyü)",
        "posta_kodu": "03602"
    },
    {
        "mahalle_id": "51_2",
        "mahalle_adi": "Rahimli Mah (tezköy Köyü)",
        "posta_kodu": "03602"
    },
    {
        "mahalle_id": "44_2",
        "mahalle_adi": "Salihler Köyü",
        "posta_kodu": "03602"
    },
    {
        "mahalle_id": "45_2",
        "mahalle_adi": "Sığracık Köyü",
        "posta_kodu": "03602"
    },
    {
        "mahalle_id": "1_3",
        "mahalle_adi": "Sofulu Mah (davulga Beldesi)",
        "posta_kodu": "03630"
    },
    {
        "mahalle_id": "46_2",
        "mahalle_adi": "Soğukkuyu Köyü",
        "posta_kodu": "03602"
    },
    {
        "mahalle_id": "47_2",
        "mahalle_adi": "Suvermez Köyü",
        "posta_kodu": "03602"
    },
    {
        "mahalle_id": "48_2",
        "mahalle_adi": "Tabaklar Köyü",
        "posta_kodu": "03602"
    },
    {
        "mahalle_id": "92_2",
        "mahalle_adi": "Tepeköy Köyü",
        "posta_kodu": "03602"
    },
    {
        "mahalle_id": "53_2",
        "mahalle_adi": "Tezköy Merkez Mah (tezköy Köyü)",
        "posta_kodu": "03602"
    },
    {
        "mahalle_id": "5_4",
        "mahalle_adi": "Toki Mah (gömü Beldesi)",
        "posta_kodu": "03680"
    },
    {
        "mahalle_id": "54_2",
        "mahalle_adi": "Toklucak Köyü",
        "posta_kodu": "03602"
    },
    {
        "mahalle_id": "19_2",
        "mahalle_adi": "Topçular Mah (başkonak Köyü)",
        "posta_kodu": "03602"
    },
    {
        "mahalle_id": "93_2",
        "mahalle_adi": "Topdere Köyü",
        "posta_kodu": "03602"
    },
    {
        "mahalle_id": "55_2",
        "mahalle_adi": "Türkmenakören Köyü",
        "posta_kodu": "03602"
    },
    {
        "mahalle_id": "75_2",
        "mahalle_adi": "Türkmenköy Köyü",
        "posta_kodu": "03602"
    },
    {
        "mahalle_id": "78_2",
        "mahalle_adi": "Ümraniye Köyü",
        "posta_kodu": "03602"
    },
    {
        "mahalle_id": "56_2",
        "mahalle_adi": "Veysel Köyü",
        "posta_kodu": "03602"
    },
    {
        "mahalle_id": "76_2",
        "mahalle_adi": "Yarıkkaya Köyü",
        "posta_kodu": "03602"
    },
    {
        "mahalle_id": "57_2",
        "mahalle_adi": "Yarımca Köyü",
        "posta_kodu": "03602"
    },
    {
        "mahalle_id": "58_2",
        "mahalle_adi": "Yavuz Köyü",
        "posta_kodu": "03602"
    },
    {
        "mahalle_id": "9_1",
        "mahalle_adi": "Yeni Kacerli Mah",
        "posta_kodu": "03600"
    },
    {
        "mahalle_id": "8_1",
        "mahalle_adi": "Yeni Mah",
        "posta_kodu": "03600"
    },
    {
        "mahalle_id": "2_2",
        "mahalle_adi": "Yeni Mah (adayazı Köyü)",
        "posta_kodu": "03602"
    },
    {
        "mahalle_id": "6_2",
        "mahalle_adi": "Yeni Mah (aşağıpiribeyli Köyü)",
        "posta_kodu": "03602"
    },
    {
        "mahalle_id": "10_1",
        "mahalle_adi": "Yenidoğan Mah",
        "posta_kodu": "03600"
    },
    {
        "mahalle_id": "3_2",
        "mahalle_adi": "Yenidoğan Mah (adayazı Köyü)",
        "posta_kodu": "03602"
    },
    {
        "mahalle_id": "59_2",
        "mahalle_adi": "Yenikapı Köyü",
        "posta_kodu": "03602"
    },
    {
        "mahalle_id": "77_2",
        "mahalle_adi": "Yeniköy Köyü",
        "posta_kodu": "03602"
    },
    {
        "mahalle_id": "8_2",
        "mahalle_adi": "Yıldız Mah (bademli Köyü)",
        "posta_kodu": "03602"
    },
    {
        "mahalle_id": "60_2",
        "mahalle_adi": "Yüreğil Köyü",
        "posta_kodu": "03602"
    },
    {
        "mahalle_id": "94_2",
        "mahalle_adi": "Yusufağa Köyü",
        "posta_kodu": "03602"
    },
    {
        "mahalle_id": "9_2",
        "mahalle_adi": "Zafer Mah (bademli Köyü)",
        "posta_kodu": "03602"
    }
]