[
    {
        "mahalle_id": "132_2",
        "mahalle_adi": "Acısu Mah (yağlıdere Köyü)",
        "posta_kodu": "29100"
    },
    {
        "mahalle_id": "36_2",
        "mahalle_adi": "Ağalık Mah (çamlı Köyü)",
        "posta_kodu": "29100"
    },
    {
        "mahalle_id": "116_2",
        "mahalle_adi": "Ağılören Mah (olucak Köyü)",
        "posta_kodu": "29100"
    },
    {
        "mahalle_id": "366_2",
        "mahalle_adi": "Akçakale Mah",
        "posta_kodu": "29100"
    },
    {
        "mahalle_id": "106_2",
        "mahalle_adi": "Akdikli Mah (mescitli Köyü)",
        "posta_kodu": "29100"
    },
    {
        "mahalle_id": "195_2",
        "mahalle_adi": "Akhisar Köyü",
        "posta_kodu": "29100"
    },
    {
        "mahalle_id": "294_2",
        "mahalle_adi": "Alacaçayır Mah (çorak Köyü)",
        "posta_kodu": "29100"
    },
    {
        "mahalle_id": "13_2",
        "mahalle_adi": "Alamanlı Mah (aktutan Köyü)",
        "posta_kodu": "29100"
    },
    {
        "mahalle_id": "259_2",
        "mahalle_adi": "Alçakdere Mah (alçakdere Köyü)",
        "posta_kodu": "29100"
    },
    {
        "mahalle_id": "258_2",
        "mahalle_adi": "Alçakdere Yaylası Mah (alçakdere Köyü)",
        "posta_kodu": "29100"
    },
    {
        "mahalle_id": "19_2",
        "mahalle_adi": "Alemdar Mah (alemdar Köyü)",
        "posta_kodu": "29100"
    },
    {
        "mahalle_id": "293_2",
        "mahalle_adi": "Arpalı Mah (çorak Köyü)",
        "posta_kodu": "29100"
    },
    {
        "mahalle_id": "267_2",
        "mahalle_adi": "Arslanca Mah (arslanca Köyü)",
        "posta_kodu": "29100"
    },
    {
        "mahalle_id": "21_2",
        "mahalle_adi": "Aşağı Alıçlı Mah (aşağıalıçlı Köyü)",
        "posta_kodu": "29100"
    },
    {
        "mahalle_id": "152_2",
        "mahalle_adi": "Aşağı Dışbudak Mah (yağlıdere Köyü)",
        "posta_kodu": "29100"
    },
    {
        "mahalle_id": "73_2",
        "mahalle_adi": "Aşağı Havriya Mah (hasköy Köyü)",
        "posta_kodu": "29100"
    },
    {
        "mahalle_id": "296_2",
        "mahalle_adi": "Aşağı Kurugöl Mah (çorak Köyü)",
        "posta_kodu": "29100"
    },
    {
        "mahalle_id": "40_2",
        "mahalle_adi": "Aşağı Mah (çayırardı Köyü)",
        "posta_kodu": "29100"
    },
    {
        "mahalle_id": "59_2",
        "mahalle_adi": "Aşağı Mah (esenyurt Köyü)",
        "posta_kodu": "29100"
    },
    {
        "mahalle_id": "225_2",
        "mahalle_adi": "Aşağı Mah (güvercinlik Köyü)",
        "posta_kodu": "29100"
    },
    {
        "mahalle_id": "117_2",
        "mahalle_adi": "Aşağı Mah (olukdere Köyü)",
        "posta_kodu": "29100"
    },
    {
        "mahalle_id": "167_2",
        "mahalle_adi": "Aşağı Mah (yaydemir Köyü)",
        "posta_kodu": "29100"
    },
    {
        "mahalle_id": "273_2",
        "mahalle_adi": "Aşağı Yuvalı Mah (aşağı Yuvalı Köyü)",
        "posta_kodu": "29100"
    },
    {
        "mahalle_id": "262_2",
        "mahalle_adi": "Aşağı Zuvas Mah (arslanca Köyü)",
        "posta_kodu": "29100"
    },
    {
        "mahalle_id": "81_2",
        "mahalle_adi": "Aslankılıçlar Mah (ikisu Köyü)",
        "posta_kodu": "29100"
    },
    {
        "mahalle_id": "22_2",
        "mahalle_adi": "Avşarbeyli Mah (avşarbeyli Köyü)",
        "posta_kodu": "29100"
    },
    {
        "mahalle_id": "333_2",
        "mahalle_adi": "Ayene Mah (dumanlı Köyü)",
        "posta_kodu": "29100"
    },
    {
        "mahalle_id": "104_2",
        "mahalle_adi": "Ayranlı Mah (mescitli Köyü)",
        "posta_kodu": "29100"
    },
    {
        "mahalle_id": "144_2",
        "mahalle_adi": "Ayvazlı Mah (yağlıdere Köyü)",
        "posta_kodu": "29100"
    },
    {
        "mahalle_id": "82_2",
        "mahalle_adi": "Babese Mah (ikisu Köyü)",
        "posta_kodu": "29100"
    },
    {
        "mahalle_id": "42_2",
        "mahalle_adi": "Bağ Mah (dibekli Köyü)",
        "posta_kodu": "29100"
    },
    {
        "mahalle_id": "110_2",
        "mahalle_adi": "Bağ Mah (mescitli Köyü)",
        "posta_kodu": "29100"
    },
    {
        "mahalle_id": "252_2",
        "mahalle_adi": "Bağcılar Mah (yitirmez Köyü)",
        "posta_kodu": "29100"
    },
    {
        "mahalle_id": "1_1",
        "mahalle_adi": "Bağlarbaşı Mah",
        "posta_kodu": "29010"
    },
    {
        "mahalle_id": "98_2",
        "mahalle_adi": "Bahçe Mah (kırıklı Köyü)",
        "posta_kodu": "29100"
    },
    {
        "mahalle_id": "64_2",
        "mahalle_adi": "Bahçeli Mah (gözeler Köyü)",
        "posta_kodu": "29100"
    },
    {
        "mahalle_id": "237_2",
        "mahalle_adi": "Bahçelievler Mah (sargınkaya Köyü)",
        "posta_kodu": "29100"
    },
    {
        "mahalle_id": "272_2",
        "mahalle_adi": "Balahor Yaylası 2 Mah (arslanca Köyü)",
        "posta_kodu": "29100"
    },
    {
        "mahalle_id": "271_2",
        "mahalle_adi": "Balahor Yaylası Mah (arslanca Köyü)",
        "posta_kodu": "29100"
    },
    {
        "mahalle_id": "75_2",
        "mahalle_adi": "Baş Mah (hasköy Köyü)",
        "posta_kodu": "29100"
    },
    {
        "mahalle_id": "84_2",
        "mahalle_adi": "Bayraktarlar Mah (ikisu Köyü)",
        "posta_kodu": "29100"
    },
    {
        "mahalle_id": "229_2",
        "mahalle_adi": "Bayramoğlu Mah (kaletaş Köyü)",
        "posta_kodu": "29100"
    },
    {
        "mahalle_id": "147_2",
        "mahalle_adi": "Bazmetli Mah (yağlıdere Köyü)",
        "posta_kodu": "29100"
    },
    {
        "mahalle_id": "6_2",
        "mahalle_adi": "Bektaşlı Mah (aktutan Köyü)",
        "posta_kodu": "29100"
    },
    {
        "mahalle_id": "276_2",
        "mahalle_adi": "Beşoba Köyü",
        "posta_kodu": "29100"
    },
    {
        "mahalle_id": "200_2",
        "mahalle_adi": "Beyçam Mah (beyçam Köyü)",
        "posta_kodu": "29100"
    },
    {
        "mahalle_id": "77_2",
        "mahalle_adi": "Beyler Mah (hasköy Köyü)",
        "posta_kodu": "29100"
    },
    {
        "mahalle_id": "331_2",
        "mahalle_adi": "Binatlı Mah (dumanlı Köyü)",
        "posta_kodu": "29100"
    },
    {
        "mahalle_id": "283_2",
        "mahalle_adi": "Boğalı Mah (boğalı Köyü)",
        "posta_kodu": "29100"
    },
    {
        "mahalle_id": "282_2",
        "mahalle_adi": "Boğalı Yaylası Mah (boğalı Köyü)",
        "posta_kodu": "29100"
    },
    {
        "mahalle_id": "326_2",
        "mahalle_adi": "Boyhane Mah (dumanlı Köyü)",
        "posta_kodu": "29100"
    },
    {
        "mahalle_id": "153_2",
        "mahalle_adi": "Bulut Mah (yağlıdere Köyü)",
        "posta_kodu": "29100"
    },
    {
        "mahalle_id": "136_2",
        "mahalle_adi": "Bulutlu Mah (yağlıdere Köyü)",
        "posta_kodu": "29100"
    },
    {
        "mahalle_id": "138_2",
        "mahalle_adi": "Bulutlu Yaylası Mah (yağlıdere Köyü)",
        "posta_kodu": "29100"
    },
    {
        "mahalle_id": "264_2",
        "mahalle_adi": "Büyük Çimen Mah (arslanca Köyü)",
        "posta_kodu": "29100"
    },
    {
        "mahalle_id": "291_2",
        "mahalle_adi": "Büyükyayla Mah (çorak Köyü)",
        "posta_kodu": "29100"
    },
    {
        "mahalle_id": "182_2",
        "mahalle_adi": "Cabaylı Mah (yeşilyurt Köyü)",
        "posta_kodu": "29100"
    },
    {
        "mahalle_id": "9_2",
        "mahalle_adi": "Cabri Mah (aktutan Köyü)",
        "posta_kodu": "29100"
    },
    {
        "mahalle_id": "217_2",
        "mahalle_adi": "Caferli Mah (erdemler Köyü)",
        "posta_kodu": "29100"
    },
    {
        "mahalle_id": "298_2",
        "mahalle_adi": "Çağıl Göl Mah (çorak Köyü)",
        "posta_kodu": "29100"
    },
    {
        "mahalle_id": "341_2",
        "mahalle_adi": "Çakallı Mah (dumanlı Köyü)",
        "posta_kodu": "29100"
    },
    {
        "mahalle_id": "54_2",
        "mahalle_adi": "Çakırlı Mah (dörtkonak Köyü)",
        "posta_kodu": "29100"
    },
    {
        "mahalle_id": "120_2",
        "mahalle_adi": "Çako Mah (övündü Köyü)",
        "posta_kodu": "29100"
    },
    {
        "mahalle_id": "29_2",
        "mahalle_adi": "Çaltılı Mah (çaltılı Köyü)",
        "posta_kodu": "29100"
    },
    {
        "mahalle_id": "131_2",
        "mahalle_adi": "Cami Boğazı Mah (yağlıdere Köyü)",
        "posta_kodu": "29100"
    },
    {
        "mahalle_id": "211_2",
        "mahalle_adi": "Cami Mah (dölek Köyü)",
        "posta_kodu": "29100"
    },
    {
        "mahalle_id": "62_2",
        "mahalle_adi": "Cami Mah (gözeler Köyü)",
        "posta_kodu": "29100"
    },
    {
        "mahalle_id": "171_2",
        "mahalle_adi": "Cami Mah (yeniyol Köyü)",
        "posta_kodu": "29100"
    },
    {
        "mahalle_id": "107_2",
        "mahalle_adi": "Camiönü Mah (mescitli Köyü)",
        "posta_kodu": "29100"
    },
    {
        "mahalle_id": "3_1",
        "mahalle_adi": "Çamlıca Mah",
        "posta_kodu": "29010"
    },
    {
        "mahalle_id": "66_2",
        "mahalle_adi": "Çamlıca Mah (gözeler Köyü)",
        "posta_kodu": "29100"
    },
    {
        "mahalle_id": "2_1",
        "mahalle_adi": "Canca Mah",
        "posta_kodu": "29010"
    },
    {
        "mahalle_id": "329_2",
        "mahalle_adi": "Çardaklı Mah (dumanlı Köyü)",
        "posta_kodu": "29100"
    },
    {
        "mahalle_id": "265_2",
        "mahalle_adi": "Çatalçayır Mah (arslanca Köyü)",
        "posta_kodu": "29100"
    },
    {
        "mahalle_id": "302_2",
        "mahalle_adi": "Çatalpınar Mah (çorak Köyü)",
        "posta_kodu": "29100"
    },
    {
        "mahalle_id": "190_2",
        "mahalle_adi": "Çerkezli Mah (akgedik Köyü)",
        "posta_kodu": "29100"
    },
    {
        "mahalle_id": "337_2",
        "mahalle_adi": "Çiçek Mah (dumanlı Köyü)",
        "posta_kodu": "29100"
    },
    {
        "mahalle_id": "65_2",
        "mahalle_adi": "Çiçekli Mah (gözeler Köyü)",
        "posta_kodu": "29100"
    },
    {
        "mahalle_id": "240_2",
        "mahalle_adi": "Çiçekli Mah (sarıçiçek Köyü)",
        "posta_kodu": "29100"
    },
    {
        "mahalle_id": "325_2",
        "mahalle_adi": "Cingarlı Mah (dumanlı Köyü)",
        "posta_kodu": "29100"
    },
    {
        "mahalle_id": "330_2",
        "mahalle_adi": "Cirip Mah (dumanlı Köyü)",
        "posta_kodu": "29100"
    },
    {
        "mahalle_id": "203_2",
        "mahalle_adi": "Çolakgil Mah (dölek Köyü)",
        "posta_kodu": "29100"
    },
    {
        "mahalle_id": "285_2",
        "mahalle_adi": "Çorak Köyü",
        "posta_kodu": "29100"
    },
    {
        "mahalle_id": "241_2",
        "mahalle_adi": "Çorak Mah (söğütağıl Köyü)",
        "posta_kodu": "29100"
    },
    {
        "mahalle_id": "12_2",
        "mahalle_adi": "Cücüklü Mah (aktutan Köyü)",
        "posta_kodu": "29100"
    },
    {
        "mahalle_id": "319_2",
        "mahalle_adi": "Çukur Mah (dumanlı Köyü)",
        "posta_kodu": "29100"
    },
    {
        "mahalle_id": "1_2",
        "mahalle_adi": "Cumhuriyet Mah (tekke Beldesi)",
        "posta_kodu": "29100"
    },
    {
        "mahalle_id": "321_2",
        "mahalle_adi": "Daşlıova Mah (dumanlı Köyü)",
        "posta_kodu": "29100"
    },
    {
        "mahalle_id": "33_2",
        "mahalle_adi": "Değirmen Mah (çamlı Köyü)",
        "posta_kodu": "29100"
    },
    {
        "mahalle_id": "202_2",
        "mahalle_adi": "Demirören Mah (demirören Köyü)",
        "posta_kodu": "29100"
    },
    {
        "mahalle_id": "121_2",
        "mahalle_adi": "Dere Mah (övündü Köyü)",
        "posta_kodu": "29100"
    },
    {
        "mahalle_id": "290_2",
        "mahalle_adi": "Derindere Mah (çorak Köyü)",
        "posta_kodu": "29100"
    },
    {
        "mahalle_id": "343_2",
        "mahalle_adi": "Derinırmak Mah (dumanlı Köyü)",
        "posta_kodu": "29100"
    },
    {
        "mahalle_id": "142_2",
        "mahalle_adi": "Derinırmak Mah (yağlıdere Köyü)",
        "posta_kodu": "29100"
    },
    {
        "mahalle_id": "161_2",
        "mahalle_adi": "Deveboynu Mah (yağlıdere Köyü)",
        "posta_kodu": "29100"
    },
    {
        "mahalle_id": "24_2",
        "mahalle_adi": "Devrenci Mah (boyluca Köyü)",
        "posta_kodu": "29100"
    },
    {
        "mahalle_id": "307_2",
        "mahalle_adi": "Divane Mah (çorak Köyü)",
        "posta_kodu": "29100"
    },
    {
        "mahalle_id": "214_2",
        "mahalle_adi": "Dolanlı Mah (dölek Köyü)",
        "posta_kodu": "29100"
    },
    {
        "mahalle_id": "56_2",
        "mahalle_adi": "Dörtkonak Mah (dörtkonak Köyü)",
        "posta_kodu": "29100"
    },
    {
        "mahalle_id": "216_2",
        "mahalle_adi": "Düğünyazı Mah (düğünyazı Köyü)",
        "posta_kodu": "29100"
    },
    {
        "mahalle_id": "162_2",
        "mahalle_adi": "Düzce Mah (yağlıdere Köyü)",
        "posta_kodu": "29100"
    },
    {
        "mahalle_id": "83_2",
        "mahalle_adi": "Efeler Mah (ikisu Köyü)",
        "posta_kodu": "29100"
    },
    {
        "mahalle_id": "108_2",
        "mahalle_adi": "Efendiler Mah (mescitli Köyü)",
        "posta_kodu": "29100"
    },
    {
        "mahalle_id": "345_2",
        "mahalle_adi": "Eftelan Mah (dumanlı Köyü)",
        "posta_kodu": "29100"
    },
    {
        "mahalle_id": "295_2",
        "mahalle_adi": "Eğrisi Mah (çorak Köyü)",
        "posta_kodu": "29100"
    },
    {
        "mahalle_id": "1_3",
        "mahalle_adi": "Ekinciler Mah (arzularkabaköy Beldesi)",
        "posta_kodu": "29020"
    },
    {
        "mahalle_id": "46_2",
        "mahalle_adi": "Ekmekçi Mah (dibekli Köyü)",
        "posta_kodu": "29100"
    },
    {
        "mahalle_id": "55_2",
        "mahalle_adi": "Emirler Mah (dörtkonak Köyü)",
        "posta_kodu": "29100"
    },
    {
        "mahalle_id": "254_2",
        "mahalle_adi": "Erikli Mah (yitirmez Köyü)",
        "posta_kodu": "29100"
    },
    {
        "mahalle_id": "347_2",
        "mahalle_adi": "Esenler Mah (esenler Köyü)",
        "posta_kodu": "29100"
    },
    {
        "mahalle_id": "17_2",
        "mahalle_adi": "Esentepe Mah (aktutan Köyü)",
        "posta_kodu": "29100"
    },
    {
        "mahalle_id": "6_3",
        "mahalle_adi": "Esentepe Mah (arzularkabaköy Beldesi)",
        "posta_kodu": "29020"
    },
    {
        "mahalle_id": "281_2",
        "mahalle_adi": "Eski Yayla Mah (boğalı Köyü)",
        "posta_kodu": "29100"
    },
    {
        "mahalle_id": "4_1",
        "mahalle_adi": "Eskibağlar Mah",
        "posta_kodu": "29010"
    },
    {
        "mahalle_id": "221_2",
        "mahalle_adi": "Eskiköy Mah (geçit Köyü)",
        "posta_kodu": "29100"
    },
    {
        "mahalle_id": "137_2",
        "mahalle_adi": "Evlice Mah (yağlıdere Köyü)",
        "posta_kodu": "29100"
    },
    {
        "mahalle_id": "92_2",
        "mahalle_adi": "Evreni Mah (karamustafa Köyü)",
        "posta_kodu": "29100"
    },
    {
        "mahalle_id": "2_3",
        "mahalle_adi": "Fatih Mah (arzularkabaköy Beldesi)",
        "posta_kodu": "29020"
    },
    {
        "mahalle_id": "87_2",
        "mahalle_adi": "Fazlıoğlu Mah (ikisu Köyü)",
        "posta_kodu": "29100"
    },
    {
        "mahalle_id": "113_2",
        "mahalle_adi": "Fırtına Mah (mescitli Köyü)",
        "posta_kodu": "29100"
    },
    {
        "mahalle_id": "280_2",
        "mahalle_adi": "Gacili Mah (boğalı Köyü)",
        "posta_kodu": "29100"
    },
    {
        "mahalle_id": "204_2",
        "mahalle_adi": "Garipli Mah (dölek Köyü)",
        "posta_kodu": "29100"
    },
    {
        "mahalle_id": "4_3",
        "mahalle_adi": "Gaziler Mah (arzularkabaköy Beldesi)",
        "posta_kodu": "29020"
    },
    {
        "mahalle_id": "15_2",
        "mahalle_adi": "Giretli Mah (aktutan Köyü)",
        "posta_kodu": "29100"
    },
    {
        "mahalle_id": "304_2",
        "mahalle_adi": "Gırlavu Mah (çorak Köyü)",
        "posta_kodu": "29100"
    },
    {
        "mahalle_id": "340_2",
        "mahalle_adi": "Gobal Mah (dumanlı Köyü)",
        "posta_kodu": "29100"
    },
    {
        "mahalle_id": "322_2",
        "mahalle_adi": "Gofi Mah (dumanlı Köyü)",
        "posta_kodu": "29100"
    },
    {
        "mahalle_id": "60_2",
        "mahalle_adi": "Gökçepınar Mah (gökçepınar Köyü)",
        "posta_kodu": "29100"
    },
    {
        "mahalle_id": "224_2",
        "mahalle_adi": "Gökdere 2 Mah (gökdere Köyü)",
        "posta_kodu": "29100"
    },
    {
        "mahalle_id": "223_2",
        "mahalle_adi": "Gökdere Mah (gökdere Köyü)",
        "posta_kodu": "29100"
    },
    {
        "mahalle_id": "310_2",
        "mahalle_adi": "Gologos Mah (çorak Köyü)",
        "posta_kodu": "29100"
    },
    {
        "mahalle_id": "189_2",
        "mahalle_adi": "Gümüşlük Mah (akgedik Köyü)",
        "posta_kodu": "29100"
    },
    {
        "mahalle_id": "43_2",
        "mahalle_adi": "Gündoğdu Mah (demirkaynak Köyü)",
        "posta_kodu": "29100"
    },
    {
        "mahalle_id": "172_2",
        "mahalle_adi": "Güneşli Mah (yeşildere Köyü)",
        "posta_kodu": "29100"
    },
    {
        "mahalle_id": "279_2",
        "mahalle_adi": "Güney Mah (boğalı Köyü)",
        "posta_kodu": "29100"
    },
    {
        "mahalle_id": "348_2",
        "mahalle_adi": "Güngören Mah (güngören Köyü)",
        "posta_kodu": "29100"
    },
    {
        "mahalle_id": "5_1",
        "mahalle_adi": "Hacıemin Mah",
        "posta_kodu": "29010"
    },
    {
        "mahalle_id": "207_2",
        "mahalle_adi": "Hacıgil Mah (dölek Köyü)",
        "posta_kodu": "29100"
    },
    {
        "mahalle_id": "188_2",
        "mahalle_adi": "Hacılar Mah (akgedik Köyü)",
        "posta_kodu": "29100"
    },
    {
        "mahalle_id": "16_2",
        "mahalle_adi": "Hacılı Mah (aktutan Köyü)",
        "posta_kodu": "29100"
    },
    {
        "mahalle_id": "174_2",
        "mahalle_adi": "Hacılı Mah (yeşildere Köyü)",
        "posta_kodu": "29100"
    },
    {
        "mahalle_id": "86_2",
        "mahalle_adi": "Haleverne Mah (ikisu Köyü)",
        "posta_kodu": "29100"
    },
    {
        "mahalle_id": "25_2",
        "mahalle_adi": "Halezara Mah (boyluca Köyü)",
        "posta_kodu": "29100"
    },
    {
        "mahalle_id": "28_2",
        "mahalle_adi": "Haliloğlu Mah (boyluca Köyü)",
        "posta_kodu": "29100"
    },
    {
        "mahalle_id": "85_2",
        "mahalle_adi": "Hamitler Mah (ikisu Köyü)",
        "posta_kodu": "29100"
    },
    {
        "mahalle_id": "349_2",
        "mahalle_adi": "Hamzaağa Mah (güngören Köyü)",
        "posta_kodu": "29100"
    },
    {
        "mahalle_id": "212_2",
        "mahalle_adi": "Hanemgil Mah (dölek Köyü)",
        "posta_kodu": "29100"
    },
    {
        "mahalle_id": "140_2",
        "mahalle_adi": "Hanlarındere Mah (yağlıdere Köyü)",
        "posta_kodu": "29100"
    },
    {
        "mahalle_id": "63_2",
        "mahalle_adi": "Hapencili Mah (gözeler Köyü)",
        "posta_kodu": "29100"
    },
    {
        "mahalle_id": "163_2",
        "mahalle_adi": "Harabe Mah (yağlıdere Köyü)",
        "posta_kodu": "29100"
    },
    {
        "mahalle_id": "80_2",
        "mahalle_adi": "Harava Mah (ikisu Köyü)",
        "posta_kodu": "29100"
    },
    {
        "mahalle_id": "69_2",
        "mahalle_adi": "Harmancık Mah (harmancık Köyü)",
        "posta_kodu": "29100"
    },
    {
        "mahalle_id": "6_1",
        "mahalle_adi": "Hasanbey Mah",
        "posta_kodu": "29010"
    },
    {
        "mahalle_id": "128_2",
        "mahalle_adi": "Haşutlar Mah (sungurbeyli Köyü)",
        "posta_kodu": "29100"
    },
    {
        "mahalle_id": "103_2",
        "mahalle_adi": "Hurşit Ağagil Mah (mescitli Köyü)",
        "posta_kodu": "29100"
    },
    {
        "mahalle_id": "227_2",
        "mahalle_adi": "İbrahimefendi Mah (kaletaş Köyü)",
        "posta_kodu": "29100"
    },
    {
        "mahalle_id": "88_2",
        "mahalle_adi": "İkisu Mah (ikisu Köyü)",
        "posta_kodu": "29100"
    },
    {
        "mahalle_id": "352_2",
        "mahalle_adi": "İkiz Mah (ikiz Köyü)",
        "posta_kodu": "29100"
    },
    {
        "mahalle_id": "353_2",
        "mahalle_adi": "İkiz Yaylası Mah (ikiz Köyü)",
        "posta_kodu": "29100"
    },
    {
        "mahalle_id": "354_2",
        "mahalle_adi": "İncesu Mah (incesu Köyü)",
        "posta_kodu": "29100"
    },
    {
        "mahalle_id": "7_1",
        "mahalle_adi": "İnönü Mah",
        "posta_kodu": "29010"
    },
    {
        "mahalle_id": "320_2",
        "mahalle_adi": "Irmak Mah (dumanlı Köyü)",
        "posta_kodu": "29100"
    },
    {
        "mahalle_id": "339_2",
        "mahalle_adi": "Irmakbaşı Mah (dumanlı Köyü)",
        "posta_kodu": "29100"
    },
    {
        "mahalle_id": "50_2",
        "mahalle_adi": "İşbirli Mah (dörtkonak Köyü)",
        "posta_kodu": "29100"
    },
    {
        "mahalle_id": "346_2",
        "mahalle_adi": "İşhanlı Mah (dumanlı Köyü)",
        "posta_kodu": "29100"
    },
    {
        "mahalle_id": "364_2",
        "mahalle_adi": "Işıkdere Mah (çamlı Köyü)",
        "posta_kodu": "29100"
    },
    {
        "mahalle_id": "94_2",
        "mahalle_adi": "Işıklı Mah (kazantaş Köyü)",
        "posta_kodu": "29100"
    },
    {
        "mahalle_id": "191_2",
        "mahalle_adi": "İskan Mah (akgedik Köyü)",
        "posta_kodu": "29100"
    },
    {
        "mahalle_id": "351_2",
        "mahalle_adi": "İspatan Mah (güngören Köyü)",
        "posta_kodu": "29100"
    },
    {
        "mahalle_id": "316_2",
        "mahalle_adi": "İstavrama Mah (dumanlı Köyü)",
        "posta_kodu": "29100"
    },
    {
        "mahalle_id": "324_2",
        "mahalle_adi": "Kaban Mah (dumanlı Köyü)",
        "posta_kodu": "29100"
    },
    {
        "mahalle_id": "93_2",
        "mahalle_adi": "Kaden Mah (karamustafa Köyü)",
        "posta_kodu": "29100"
    },
    {
        "mahalle_id": "2_2",
        "mahalle_adi": "Kaleönü Mah (tekke Beldesi)",
        "posta_kodu": "29100"
    },
    {
        "mahalle_id": "181_2",
        "mahalle_adi": "Kalkanlı Mah (yeşilyurt Köyü)",
        "posta_kodu": "29100"
    },
    {
        "mahalle_id": "146_2",
        "mahalle_adi": "Karaağaç Mah (yağlıdere Köyü)",
        "posta_kodu": "29100"
    },
    {
        "mahalle_id": "109_2",
        "mahalle_adi": "Karaali Mah (mescitli Köyü)",
        "posta_kodu": "29100"
    },
    {
        "mahalle_id": "284_2",
        "mahalle_adi": "Karaburun Mah (çorak Köyü)",
        "posta_kodu": "29100"
    },
    {
        "mahalle_id": "8_1",
        "mahalle_adi": "Karaer Mah",
        "posta_kodu": "29010"
    },
    {
        "mahalle_id": "301_2",
        "mahalle_adi": "Karahava Mah (çorak Köyü)",
        "posta_kodu": "29100"
    },
    {
        "mahalle_id": "45_2",
        "mahalle_adi": "Karakaya Mah (dibekli Köyü)",
        "posta_kodu": "29100"
    },
    {
        "mahalle_id": "61_2",
        "mahalle_adi": "Karakaya Mah (gökçepınar Köyü)",
        "posta_kodu": "29100"
    },
    {
        "mahalle_id": "91_2",
        "mahalle_adi": "Karamustafa Mah (karamustafa Köyü)",
        "posta_kodu": "29100"
    },
    {
        "mahalle_id": "154_2",
        "mahalle_adi": "Karayayla Mah (yağlıdere Köyü)",
        "posta_kodu": "29100"
    },
    {
        "mahalle_id": "20_2",
        "mahalle_adi": "Karşı Mah (alemdar Köyü)",
        "posta_kodu": "29100"
    },
    {
        "mahalle_id": "210_2",
        "mahalle_adi": "Karşı Mah (dölek Köyü)",
        "posta_kodu": "29100"
    },
    {
        "mahalle_id": "95_2",
        "mahalle_adi": "Karşı Mah (kazantaş Köyü)",
        "posta_kodu": "29100"
    },
    {
        "mahalle_id": "112_2",
        "mahalle_adi": "Karşı Mah (mescitli Köyü)",
        "posta_kodu": "29100"
    },
    {
        "mahalle_id": "242_2",
        "mahalle_adi": "Karşı Mah (söğütağıl Köyü)",
        "posta_kodu": "29100"
    },
    {
        "mahalle_id": "127_2",
        "mahalle_adi": "Karşı Mah (sungurbeyli Köyü)",
        "posta_kodu": "29100"
    },
    {
        "mahalle_id": "165_2",
        "mahalle_adi": "Karşı Mah (yaydemir Köyü)",
        "posta_kodu": "29100"
    },
    {
        "mahalle_id": "250_2",
        "mahalle_adi": "Karşı Mah (yayladere Köyü)",
        "posta_kodu": "29100"
    },
    {
        "mahalle_id": "9_1",
        "mahalle_adi": "Karşıyaka Mah",
        "posta_kodu": "29010"
    },
    {
        "mahalle_id": "199_2",
        "mahalle_adi": "Karşıyaka Mah (ballıca Köyü)",
        "posta_kodu": "29100"
    },
    {
        "mahalle_id": "47_2",
        "mahalle_adi": "Karşıyaka Mah (dibekli Köyü)",
        "posta_kodu": "29100"
    },
    {
        "mahalle_id": "287_2",
        "mahalle_adi": "Kasapoğlu Mah (çorak Köyü)",
        "posta_kodu": "29100"
    },
    {
        "mahalle_id": "3_2",
        "mahalle_adi": "Katmerkaya Mah (tekke Beldesi)",
        "posta_kodu": "29100"
    },
    {
        "mahalle_id": "356_2",
        "mahalle_adi": "Kayabaşı Mah (kayabaşı Köyü)",
        "posta_kodu": "29100"
    },
    {
        "mahalle_id": "358_2",
        "mahalle_adi": "Kayabaşı Yaylası 2 Mah (kayabaşı Köyü)",
        "posta_kodu": "29100"
    },
    {
        "mahalle_id": "357_2",
        "mahalle_adi": "Kayabaşı Yaylası Mah (kayabaşı Köyü)",
        "posta_kodu": "29100"
    },
    {
        "mahalle_id": "192_2",
        "mahalle_adi": "Kayalçı Mah (akgedik Köyü)",
        "posta_kodu": "29100"
    },
    {
        "mahalle_id": "313_2",
        "mahalle_adi": "Kelhasan Mah (dumanlı Köyü)",
        "posta_kodu": "29100"
    },
    {
        "mahalle_id": "314_2",
        "mahalle_adi": "Kilise Sırtı Mah (dumanlı Köyü)",
        "posta_kodu": "29100"
    },
    {
        "mahalle_id": "51_2",
        "mahalle_adi": "Kıran Mah (dörtkonak Köyü)",
        "posta_kodu": "29100"
    },
    {
        "mahalle_id": "126_2",
        "mahalle_adi": "Kirazlı Mah (sungurbeyli Köyü)",
        "posta_kodu": "29100"
    },
    {
        "mahalle_id": "99_2",
        "mahalle_adi": "Kızılca Mah (kızılca Köyü)",
        "posta_kodu": "29100"
    },
    {
        "mahalle_id": "257_2",
        "mahalle_adi": "Kızılkaya Mah (akocak Köyü)",
        "posta_kodu": "29100"
    },
    {
        "mahalle_id": "277_2",
        "mahalle_adi": "Kızıltaş Mah (beşoba Köyü)",
        "posta_kodu": "29100"
    },
    {
        "mahalle_id": "233_2",
        "mahalle_adi": "Kocayokuş Mah (kocayokuş Köyü)",
        "posta_kodu": "29100"
    },
    {
        "mahalle_id": "234_2",
        "mahalle_adi": "Kocayokuş Mezrası Mah (kocayokuş Köyü)",
        "posta_kodu": "29100"
    },
    {
        "mahalle_id": "115_2",
        "mahalle_adi": "Köklüce Mah (olucak Köyü)",
        "posta_kodu": "29100"
    },
    {
        "mahalle_id": "156_2",
        "mahalle_adi": "Kolathanları Mah (yağlıdere Köyü)",
        "posta_kodu": "29100"
    },
    {
        "mahalle_id": "184_2",
        "mahalle_adi": "Konacık Mah (yeşilyurt Köyü)",
        "posta_kodu": "29100"
    },
    {
        "mahalle_id": "305_2",
        "mahalle_adi": "Konaklı Mah (çorak Köyü)",
        "posta_kodu": "29100"
    },
    {
        "mahalle_id": "32_2",
        "mahalle_adi": "Koyunoğlu Mah (çamlı Köyü)",
        "posta_kodu": "29100"
    },
    {
        "mahalle_id": "155_2",
        "mahalle_adi": "Krom Mah (yağlıdere Köyü)",
        "posta_kodu": "29100"
    },
    {
        "mahalle_id": "263_2",
        "mahalle_adi": "Küçük Çimen Mah (arslanca Köyü)",
        "posta_kodu": "29100"
    },
    {
        "mahalle_id": "328_2",
        "mahalle_adi": "Küçükçiçekli Mah (dumanlı Köyü)",
        "posta_kodu": "29100"
    },
    {
        "mahalle_id": "300_2",
        "mahalle_adi": "Küçükyurt Mah (çorak Köyü)",
        "posta_kodu": "29100"
    },
    {
        "mahalle_id": "90_2",
        "mahalle_adi": "Kumlar Mah (karamustafa Köyü)",
        "posta_kodu": "29100"
    },
    {
        "mahalle_id": "303_2",
        "mahalle_adi": "Kurtdere Mah (çorak Köyü)",
        "posta_kodu": "29100"
    },
    {
        "mahalle_id": "312_2",
        "mahalle_adi": "Kurtdere-dilaver Mah (çorak Köyü)",
        "posta_kodu": "29100"
    },
    {
        "mahalle_id": "208_2",
        "mahalle_adi": "Kurtgil Mah (dölek Köyü)",
        "posta_kodu": "29100"
    },
    {
        "mahalle_id": "101_2",
        "mahalle_adi": "Kurtoğlu Mah (kurtoğlu Köyü)",
        "posta_kodu": "29100"
    },
    {
        "mahalle_id": "177_2",
        "mahalle_adi": "Kuşlu Mah (yeşildere Köyü)",
        "posta_kodu": "29100"
    },
    {
        "mahalle_id": "332_2",
        "mahalle_adi": "Kütük Mah (dumanlı Köyü)",
        "posta_kodu": "29100"
    },
    {
        "mahalle_id": "334_2",
        "mahalle_adi": "Kuzugölü Mah (dumanlı Köyü)",
        "posta_kodu": "29100"
    },
    {
        "mahalle_id": "318_2",
        "mahalle_adi": "Lenda Mah (dumanlı Köyü)",
        "posta_kodu": "29100"
    },
    {
        "mahalle_id": "350_2",
        "mahalle_adi": "Limonsuyu Mah (güngören Köyü)",
        "posta_kodu": "29100"
    },
    {
        "mahalle_id": "133_2",
        "mahalle_adi": "Lorya Mah (yağlıdere Köyü)",
        "posta_kodu": "29100"
    },
    {
        "mahalle_id": "143_2",
        "mahalle_adi": "Maden Mah (yağlıdere Köyü)",
        "posta_kodu": "29100"
    },
    {
        "mahalle_id": "30_2",
        "mahalle_adi": "Mağaldos Mah (çamlı Köyü)",
        "posta_kodu": "29100"
    },
    {
        "mahalle_id": "53_2",
        "mahalle_adi": "Malaha Mah (dörtkonak Köyü)",
        "posta_kodu": "29100"
    },
    {
        "mahalle_id": "139_2",
        "mahalle_adi": "Mandagölü Mah (yağlıdere Köyü)",
        "posta_kodu": "29100"
    },
    {
        "mahalle_id": "299_2",
        "mahalle_adi": "Marondu Mah (çorak Köyü)",
        "posta_kodu": "29100"
    },
    {
        "mahalle_id": "31_2",
        "mahalle_adi": "Melitli Mah (çamlı Köyü)",
        "posta_kodu": "29100"
    },
    {
        "mahalle_id": "76_2",
        "mahalle_adi": "Memişli Mah (hasköy Köyü)",
        "posta_kodu": "29100"
    },
    {
        "mahalle_id": "187_2",
        "mahalle_adi": "Merkez Mah (akçahisar Köyü)",
        "posta_kodu": "29100"
    },
    {
        "mahalle_id": "194_2",
        "mahalle_adi": "Merkez Mah (akhisar Köyü)",
        "posta_kodu": "29100"
    },
    {
        "mahalle_id": "256_2",
        "mahalle_adi": "Merkez Mah (akocak Köyü)",
        "posta_kodu": "29100"
    },
    {
        "mahalle_id": "196_2",
        "mahalle_adi": "Merkez Mah (akpınar Köyü)",
        "posta_kodu": "29100"
    },
    {
        "mahalle_id": "5_2",
        "mahalle_adi": "Merkez Mah (aksu Köyü)",
        "posta_kodu": "29100"
    },
    {
        "mahalle_id": "197_2",
        "mahalle_adi": "Merkez Mah (ardıç Köyü)",
        "posta_kodu": "29100"
    },
    {
        "mahalle_id": "23_2",
        "mahalle_adi": "Merkez Mah (bahçecik Köyü)",
        "posta_kodu": "29100"
    },
    {
        "mahalle_id": "275_2",
        "mahalle_adi": "Merkez Mah (bandırlak Köyü)",
        "posta_kodu": "29100"
    },
    {
        "mahalle_id": "27_2",
        "mahalle_adi": "Merkez Mah (boyluca Köyü)",
        "posta_kodu": "29100"
    },
    {
        "mahalle_id": "201_2",
        "mahalle_adi": "Merkez Mah (çalık Köyü)",
        "posta_kodu": "29100"
    },
    {
        "mahalle_id": "35_2",
        "mahalle_adi": "Merkez Mah (çamlı Köyü)",
        "posta_kodu": "29100"
    },
    {
        "mahalle_id": "309_2",
        "mahalle_adi": "Merkez Mah (çorak Köyü)",
        "posta_kodu": "29100"
    },
    {
        "mahalle_id": "41_2",
        "mahalle_adi": "Merkez Mah (demirkaynak Köyü)",
        "posta_kodu": "29100"
    },
    {
        "mahalle_id": "215_2",
        "mahalle_adi": "Merkez Mah (duymadık Köyü)",
        "posta_kodu": "29100"
    },
    {
        "mahalle_id": "222_2",
        "mahalle_adi": "Merkez Mah (geçit Köyü)",
        "posta_kodu": "29100"
    },
    {
        "mahalle_id": "67_2",
        "mahalle_adi": "Merkez Mah (gümüşkaya Köyü)",
        "posta_kodu": "29100"
    },
    {
        "mahalle_id": "226_2",
        "mahalle_adi": "Merkez Mah (güvercinlik Köyü)",
        "posta_kodu": "29100"
    },
    {
        "mahalle_id": "355_2",
        "mahalle_adi": "Merkez Mah (incesu Köyü)",
        "posta_kodu": "29100"
    },
    {
        "mahalle_id": "186_2",
        "mahalle_adi": "Merkez Mah (kale Köyü)",
        "posta_kodu": "29100"
    },
    {
        "mahalle_id": "231_2",
        "mahalle_adi": "Merkez Mah (keçikaya Köyü)",
        "posta_kodu": "29100"
    },
    {
        "mahalle_id": "232_2",
        "mahalle_adi": "Merkez Mah (kılıçören Köyü)",
        "posta_kodu": "29100"
    },
    {
        "mahalle_id": "97_2",
        "mahalle_adi": "Merkez Mah (kırıklı Köyü)",
        "posta_kodu": "29100"
    },
    {
        "mahalle_id": "100_2",
        "mahalle_adi": "Merkez Mah (kocapınar Köyü)",
        "posta_kodu": "29100"
    },
    {
        "mahalle_id": "114_2",
        "mahalle_adi": "Merkez Mah (olucak Köyü)",
        "posta_kodu": "29100"
    },
    {
        "mahalle_id": "236_2",
        "mahalle_adi": "Merkez Mah (pehlivantaşı Köyü)",
        "posta_kodu": "29100"
    },
    {
        "mahalle_id": "238_2",
        "mahalle_adi": "Merkez Mah (sargınkaya Köyü)",
        "posta_kodu": "29100"
    },
    {
        "mahalle_id": "239_2",
        "mahalle_adi": "Merkez Mah (sarıçiçek Köyü)",
        "posta_kodu": "29100"
    },
    {
        "mahalle_id": "244_2",
        "mahalle_adi": "Merkez Mah (süle Köyü)",
        "posta_kodu": "29100"
    },
    {
        "mahalle_id": "245_2",
        "mahalle_adi": "Merkez Mah (süngübayır Köyü)",
        "posta_kodu": "29100"
    },
    {
        "mahalle_id": "125_2",
        "mahalle_adi": "Merkez Mah (sungurbeyli Köyü)",
        "posta_kodu": "29100"
    },
    {
        "mahalle_id": "246_2",
        "mahalle_adi": "Merkez Mah (tamzı Köyü)",
        "posta_kodu": "29100"
    },
    {
        "mahalle_id": "247_2",
        "mahalle_adi": "Merkez Mah (tandırlık Köyü)",
        "posta_kodu": "29100"
    },
    {
        "mahalle_id": "151_2",
        "mahalle_adi": "Merkez Mah (yağlıdere Köyü)",
        "posta_kodu": "29100"
    },
    {
        "mahalle_id": "169_2",
        "mahalle_adi": "Merkez Mah (yeniköy Köyü)",
        "posta_kodu": "29100"
    },
    {
        "mahalle_id": "105_2",
        "mahalle_adi": "Mescitli Mah (mescitli Köyü)",
        "posta_kodu": "29100"
    },
    {
        "mahalle_id": "5_3",
        "mahalle_adi": "Mezire Mah (arzularkabaköy Beldesi)",
        "posta_kodu": "29020"
    },
    {
        "mahalle_id": "311_2",
        "mahalle_adi": "Minconos Mah (çorak Köyü)",
        "posta_kodu": "29100"
    },
    {
        "mahalle_id": "135_2",
        "mahalle_adi": "Mizit Yaylası Mah (yağlıdere Köyü)",
        "posta_kodu": "29100"
    },
    {
        "mahalle_id": "159_2",
        "mahalle_adi": "Mollaali Mah (yağlıdere Köyü)",
        "posta_kodu": "29100"
    },
    {
        "mahalle_id": "278_2",
        "mahalle_adi": "Mollaoğlu Mah (boğalı Köyü)",
        "posta_kodu": "29100"
    },
    {
        "mahalle_id": "148_2",
        "mahalle_adi": "Muhara Mah (yağlıdere Köyü)",
        "posta_kodu": "29100"
    },
    {
        "mahalle_id": "213_2",
        "mahalle_adi": "Muratgil Mah (dölek Köyü)",
        "posta_kodu": "29100"
    },
    {
        "mahalle_id": "193_2",
        "mahalle_adi": "Murathanoğlu Mah (akgedik Köyü)",
        "posta_kodu": "29100"
    },
    {
        "mahalle_id": "11_2",
        "mahalle_adi": "Muzgulu Mah (aktutan Köyü)",
        "posta_kodu": "29100"
    },
    {
        "mahalle_id": "235_2",
        "mahalle_adi": "Nazlıçayır Mah (nazlıçayır Köyü)",
        "posta_kodu": "29100"
    },
    {
        "mahalle_id": "266_2",
        "mahalle_adi": "Nöbünt Mah (arslanca Köyü)",
        "posta_kodu": "29100"
    },
    {
        "mahalle_id": "205_2",
        "mahalle_adi": "Okul Mah (dölek Köyü)",
        "posta_kodu": "29100"
    },
    {
        "mahalle_id": "13_1",
        "mahalle_adi": "Oltanbey Mah",
        "posta_kodu": "29010"
    },
    {
        "mahalle_id": "359_2",
        "mahalle_adi": "Örenler Mah (örenler Köyü)",
        "posta_kodu": "29100"
    },
    {
        "mahalle_id": "360_2",
        "mahalle_adi": "Örenler Yaylası Mah (örenler Köyü)",
        "posta_kodu": "29100"
    },
    {
        "mahalle_id": "10_2",
        "mahalle_adi": "Orta Mah (aktutan Köyü)",
        "posta_kodu": "29100"
    },
    {
        "mahalle_id": "269_2",
        "mahalle_adi": "Orta Mah (arslanca Köyü)",
        "posta_kodu": "29100"
    },
    {
        "mahalle_id": "308_2",
        "mahalle_adi": "Orta Mah (çorak Köyü)",
        "posta_kodu": "29100"
    },
    {
        "mahalle_id": "336_2",
        "mahalle_adi": "Orta Mah (dumanlı Köyü)",
        "posta_kodu": "29100"
    },
    {
        "mahalle_id": "57_2",
        "mahalle_adi": "Orta Mah (esenyurt Köyü)",
        "posta_kodu": "29100"
    },
    {
        "mahalle_id": "96_2",
        "mahalle_adi": "Orta Mah (kazantaş Köyü)",
        "posta_kodu": "29100"
    },
    {
        "mahalle_id": "243_2",
        "mahalle_adi": "Orta Mah (söğütağıl Köyü)",
        "posta_kodu": "29100"
    },
    {
        "mahalle_id": "166_2",
        "mahalle_adi": "Orta Mah (yaydemir Köyü)",
        "posta_kodu": "29100"
    },
    {
        "mahalle_id": "249_2",
        "mahalle_adi": "Orta Mah (yayladere Köyü)",
        "posta_kodu": "29100"
    },
    {
        "mahalle_id": "209_2",
        "mahalle_adi": "Oruçlu Mah (dölek Köyü)",
        "posta_kodu": "29100"
    },
    {
        "mahalle_id": "3_3",
        "mahalle_adi": "Osman Gazi Mah (arzularkabaköy Beldesi)",
        "posta_kodu": "29020"
    },
    {
        "mahalle_id": "48_2",
        "mahalle_adi": "Osmangil Mah (dörtkonak Köyü)",
        "posta_kodu": "29100"
    },
    {
        "mahalle_id": "268_2",
        "mahalle_adi": "Öteki Mah (arslanca Köyü)",
        "posta_kodu": "29100"
    },
    {
        "mahalle_id": "10_1",
        "mahalle_adi": "Özcan Mah",
        "posta_kodu": "29010"
    },
    {
        "mahalle_id": "74_2",
        "mahalle_adi": "Paşalar Mah (hasköy Köyü)",
        "posta_kodu": "29100"
    },
    {
        "mahalle_id": "72_2",
        "mahalle_adi": "Pazaryeri Mah (hasköy Köyü)",
        "posta_kodu": "29100"
    },
    {
        "mahalle_id": "111_2",
        "mahalle_adi": "Pehlivanlar Mah (mescitli Köyü)",
        "posta_kodu": "29100"
    },
    {
        "mahalle_id": "34_2",
        "mahalle_adi": "Piknik Mah (çamlı Köyü)",
        "posta_kodu": "29100"
    },
    {
        "mahalle_id": "122_2",
        "mahalle_adi": "Pirahmet Mah (pirahmet Köyü)",
        "posta_kodu": "29100"
    },
    {
        "mahalle_id": "123_2",
        "mahalle_adi": "Pirahmet Y Mah (pirahmet Köyü)",
        "posta_kodu": "29100"
    },
    {
        "mahalle_id": "338_2",
        "mahalle_adi": "Piştofli Mah (dumanlı Köyü)",
        "posta_kodu": "29100"
    },
    {
        "mahalle_id": "218_2",
        "mahalle_adi": "Recepli Mah (erdemler Köyü)",
        "posta_kodu": "29100"
    },
    {
        "mahalle_id": "179_2",
        "mahalle_adi": "Şakallı Mah (yeşildere Köyü)",
        "posta_kodu": "29100"
    },
    {
        "mahalle_id": "49_2",
        "mahalle_adi": "Sallahlı Mah (dörtkonak Köyü)",
        "posta_kodu": "29100"
    },
    {
        "mahalle_id": "361_2",
        "mahalle_adi": "Şaphane Mah (şaphane Köyü)",
        "posta_kodu": "29100"
    },
    {
        "mahalle_id": "149_2",
        "mahalle_adi": "Sarıoğlu Mah (yağlıdere Köyü)",
        "posta_kodu": "29100"
    },
    {
        "mahalle_id": "288_2",
        "mahalle_adi": "Sarıtaş Mah (çorak Köyü)",
        "posta_kodu": "29100"
    },
    {
        "mahalle_id": "270_2",
        "mahalle_adi": "Satıroğlu Mah (arslanca Köyü)",
        "posta_kodu": "29100"
    },
    {
        "mahalle_id": "253_2",
        "mahalle_adi": "Semerciler Mah (yitirmez Köyü)",
        "posta_kodu": "29100"
    },
    {
        "mahalle_id": "26_2",
        "mahalle_adi": "Serogoz Mah (boyluca Köyü)",
        "posta_kodu": "29100"
    },
    {
        "mahalle_id": "220_2",
        "mahalle_adi": "Sevimli Mah (erdemler Köyü)",
        "posta_kodu": "29100"
    },
    {
        "mahalle_id": "306_2",
        "mahalle_adi": "Şican Mah (çorak Köyü)",
        "posta_kodu": "29100"
    },
    {
        "mahalle_id": "178_2",
        "mahalle_adi": "Sığırlı Mah (yeşildere Köyü)",
        "posta_kodu": "29100"
    },
    {
        "mahalle_id": "315_2",
        "mahalle_adi": "Sırt Yayla Mah (dumanlı Köyü)",
        "posta_kodu": "29100"
    },
    {
        "mahalle_id": "38_2",
        "mahalle_adi": "Soğanlı Mah (çamlı Köyü)",
        "posta_kodu": "29100"
    },
    {
        "mahalle_id": "134_2",
        "mahalle_adi": "Soğanlı Mah (yağlıdere Köyü)",
        "posta_kodu": "29100"
    },
    {
        "mahalle_id": "150_2",
        "mahalle_adi": "Soğukpınar Mah (yağlıdere Köyü)",
        "posta_kodu": "29100"
    },
    {
        "mahalle_id": "78_2",
        "mahalle_adi": "Soğuksu Mah (hasköy Köyü)",
        "posta_kodu": "29100"
    },
    {
        "mahalle_id": "317_2",
        "mahalle_adi": "Sulaklı Mah (dumanlı Köyü)",
        "posta_kodu": "29100"
    },
    {
        "mahalle_id": "68_2",
        "mahalle_adi": "Sulanmış Mah (harmancık Köyü)",
        "posta_kodu": "29100"
    },
    {
        "mahalle_id": "11_1",
        "mahalle_adi": "Süleymaniye Mah",
        "posta_kodu": "29010"
    },
    {
        "mahalle_id": "124_2",
        "mahalle_adi": "Sungurbeyli Mah (sungurbeyli Köyü)",
        "posta_kodu": "29100"
    },
    {
        "mahalle_id": "8_2",
        "mahalle_adi": "Tarazalı Mah (aktutan Köyü)",
        "posta_kodu": "29100"
    },
    {
        "mahalle_id": "335_2",
        "mahalle_adi": "Taşaltı Mah (dumanlı Köyü)",
        "posta_kodu": "29100"
    },
    {
        "mahalle_id": "286_2",
        "mahalle_adi": "Taşdibi Mah (çorak Köyü)",
        "posta_kodu": "29100"
    },
    {
        "mahalle_id": "173_2",
        "mahalle_adi": "Taşdibi Mah (yeşildere Köyü)",
        "posta_kodu": "29100"
    },
    {
        "mahalle_id": "292_2",
        "mahalle_adi": "Taşköprü Mah (çorak Köyü)",
        "posta_kodu": "29100"
    },
    {
        "mahalle_id": "175_2",
        "mahalle_adi": "Taşlıca Mah (yeşildere Köyü)",
        "posta_kodu": "29100"
    },
    {
        "mahalle_id": "14_2",
        "mahalle_adi": "Tefil Mah (aktutan Köyü)",
        "posta_kodu": "29100"
    },
    {
        "mahalle_id": "289_2",
        "mahalle_adi": "Tekke Mah (çorak Köyü)",
        "posta_kodu": "29100"
    },
    {
        "mahalle_id": "102_2",
        "mahalle_adi": "Temelağa Mah (mescitli Köyü)",
        "posta_kodu": "29100"
    },
    {
        "mahalle_id": "18_2",
        "mahalle_adi": "Temürlü Mah (aktutan Köyü)",
        "posta_kodu": "29100"
    },
    {
        "mahalle_id": "344_2",
        "mahalle_adi": "Terzili Mah (dumanlı Köyü)",
        "posta_kodu": "29100"
    },
    {
        "mahalle_id": "37_2",
        "mahalle_adi": "Tokluca Mah (çamlı Köyü)",
        "posta_kodu": "29100"
    },
    {
        "mahalle_id": "44_2",
        "mahalle_adi": "Topculu Mah (dibekli Köyü)",
        "posta_kodu": "29100"
    },
    {
        "mahalle_id": "7_2",
        "mahalle_adi": "Toramanlı Mah (aktutan Köyü)",
        "posta_kodu": "29100"
    },
    {
        "mahalle_id": "228_2",
        "mahalle_adi": "Torlakoğlu Mah (kaletaş Köyü)",
        "posta_kodu": "29100"
    },
    {
        "mahalle_id": "52_2",
        "mahalle_adi": "Turhanlı Mah (dörtkonak Köyü)",
        "posta_kodu": "29100"
    },
    {
        "mahalle_id": "4_2",
        "mahalle_adi": "Türkmenler Mah (tekke Beldesi)",
        "posta_kodu": "29100"
    },
    {
        "mahalle_id": "183_2",
        "mahalle_adi": "Türkmenli Mah (yeşilyurt Köyü)",
        "posta_kodu": "29100"
    },
    {
        "mahalle_id": "129_2",
        "mahalle_adi": "Üçkol Mah (üçkol Köyü)",
        "posta_kodu": "29100"
    },
    {
        "mahalle_id": "168_2",
        "mahalle_adi": "Ulukale Mah (yeniköy Köyü)",
        "posta_kodu": "29100"
    },
    {
        "mahalle_id": "141_2",
        "mahalle_adi": "Uslugun Mah (yağlıdere Köyü)",
        "posta_kodu": "29100"
    },
    {
        "mahalle_id": "274_2",
        "mahalle_adi": "Üstünkü Zügü Mah (aşağı Yuvalı Köyü)",
        "posta_kodu": "29100"
    },
    {
        "mahalle_id": "323_2",
        "mahalle_adi": "Uzunsırt Mah (dumanlı Köyü)",
        "posta_kodu": "29100"
    },
    {
        "mahalle_id": "89_2",
        "mahalle_adi": "Uzunyol Mah (karamustafa Köyü)",
        "posta_kodu": "29100"
    },
    {
        "mahalle_id": "130_2",
        "mahalle_adi": "Yağlıdere Köyü",
        "posta_kodu": "29100"
    },
    {
        "mahalle_id": "255_2",
        "mahalle_adi": "Yağmurdere Mah (yağmurdere Köyü)",
        "posta_kodu": "29100"
    },
    {
        "mahalle_id": "145_2",
        "mahalle_adi": "Yamaç Mah (yağlıdere Köyü)",
        "posta_kodu": "29100"
    },
    {
        "mahalle_id": "363_2",
        "mahalle_adi": "Yapraklı Mah (yukarı Yuvalı Köyü)",
        "posta_kodu": "29100"
    },
    {
        "mahalle_id": "230_2",
        "mahalle_adi": "Yayla Yolu Mah (kaletaş Köyü)",
        "posta_kodu": "29100"
    },
    {
        "mahalle_id": "157_2",
        "mahalle_adi": "Yeni Çamlık Mah (yağlıdere Köyü)",
        "posta_kodu": "29100"
    },
    {
        "mahalle_id": "12_1",
        "mahalle_adi": "Yeni Mah",
        "posta_kodu": "29010"
    },
    {
        "mahalle_id": "198_2",
        "mahalle_adi": "Yeni Mah (ballıca Köyü)",
        "posta_kodu": "29100"
    },
    {
        "mahalle_id": "170_2",
        "mahalle_adi": "Yeni Mah (yeniyol Köyü)",
        "posta_kodu": "29100"
    },
    {
        "mahalle_id": "260_2",
        "mahalle_adi": "Yeni Yayla Mah (arslanca Köyü)",
        "posta_kodu": "29100"
    },
    {
        "mahalle_id": "327_2",
        "mahalle_adi": "Yeni Yayla Mah (dumanlı Köyü)",
        "posta_kodu": "29100"
    },
    {
        "mahalle_id": "251_2",
        "mahalle_adi": "Yenice Mah (yenice Köyü)",
        "posta_kodu": "29100"
    },
    {
        "mahalle_id": "219_2",
        "mahalle_adi": "Yeşilyurt Mah (erdemler Köyü)",
        "posta_kodu": "29100"
    },
    {
        "mahalle_id": "180_2",
        "mahalle_adi": "Yetimli Mah (yeşilyurt Köyü)",
        "posta_kodu": "29100"
    },
    {
        "mahalle_id": "79_2",
        "mahalle_adi": "Yılmazlar Mah (ikisu Köyü)",
        "posta_kodu": "29100"
    },
    {
        "mahalle_id": "160_2",
        "mahalle_adi": "Yoğurtlu Mah (yağlıdere Köyü)",
        "posta_kodu": "29100"
    },
    {
        "mahalle_id": "365_2",
        "mahalle_adi": "Yoncalı Mah (harmancık Köyü)",
        "posta_kodu": "29100"
    },
    {
        "mahalle_id": "70_2",
        "mahalle_adi": "Yoncalı Osb Mah (harmancık Köyü)",
        "posta_kodu": "29100"
    },
    {
        "mahalle_id": "185_2",
        "mahalle_adi": "Yukarı Alıçlı Mah (yukarı Alıçlı Köyü)",
        "posta_kodu": "29100"
    },
    {
        "mahalle_id": "71_2",
        "mahalle_adi": "Yukarı Havrıya Mah (hasköy Köyü)",
        "posta_kodu": "29100"
    },
    {
        "mahalle_id": "297_2",
        "mahalle_adi": "Yukarı Kurugöl Mah (çorak Köyü)",
        "posta_kodu": "29100"
    },
    {
        "mahalle_id": "39_2",
        "mahalle_adi": "Yukarı Mah (çayırardı Köyü)",
        "posta_kodu": "29100"
    },
    {
        "mahalle_id": "58_2",
        "mahalle_adi": "Yukarı Mah (esenyurt Köyü)",
        "posta_kodu": "29100"
    },
    {
        "mahalle_id": "118_2",
        "mahalle_adi": "Yukarı Mah (olukdere Köyü)",
        "posta_kodu": "29100"
    },
    {
        "mahalle_id": "164_2",
        "mahalle_adi": "Yukarı Mah (yaydemir Köyü)",
        "posta_kodu": "29100"
    },
    {
        "mahalle_id": "248_2",
        "mahalle_adi": "Yukarı Mah (yayladere Köyü)",
        "posta_kodu": "29100"
    },
    {
        "mahalle_id": "206_2",
        "mahalle_adi": "Yukarı Öteki Dere Mah (dölek Köyü)",
        "posta_kodu": "29100"
    },
    {
        "mahalle_id": "119_2",
        "mahalle_adi": "Yukarı Övündü Mah (övündü Köyü)",
        "posta_kodu": "29100"
    },
    {
        "mahalle_id": "158_2",
        "mahalle_adi": "Yukarı Parti Mah (yağlıdere Köyü)",
        "posta_kodu": "29100"
    },
    {
        "mahalle_id": "362_2",
        "mahalle_adi": "Yukarı Yuvalı Mah (yukarı Yuvalı Köyü)",
        "posta_kodu": "29100"
    },
    {
        "mahalle_id": "261_2",
        "mahalle_adi": "Yukarı Zuvas Mah (arslanca Köyü)",
        "posta_kodu": "29100"
    },
    {
        "mahalle_id": "176_2",
        "mahalle_adi": "Zeynepli Mah (yeşildere Köyü)",
        "posta_kodu": "29100"
    },
    {
        "mahalle_id": "342_2",
        "mahalle_adi": "Zurnacili Mah (dumanlı Köyü)",
        "posta_kodu": "29100"
    }
]