[
    {
        "mahalle_id": "1_2",
        "mahalle_adi": "Adagül Köyü",
        "posta_kodu": "08490"
    },
    {
        "mahalle_id": "2_2",
        "mahalle_adi": "Adagül Mah (adagül Köyü)",
        "posta_kodu": "08490"
    },
    {
        "mahalle_id": "67_2",
        "mahalle_adi": "Akdilek Mah (boğazköy Köyü)",
        "posta_kodu": "08490"
    },
    {
        "mahalle_id": "35_2",
        "mahalle_adi": "Akpınar Köyü",
        "posta_kodu": "08490"
    },
    {
        "mahalle_id": "1_1",
        "mahalle_adi": "Aksu Mah",
        "posta_kodu": "08400"
    },
    {
        "mahalle_id": "7_2",
        "mahalle_adi": "Ambarlı Köyü",
        "posta_kodu": "08490"
    },
    {
        "mahalle_id": "8_2",
        "mahalle_adi": "Aralık Köyü",
        "posta_kodu": "08490"
    },
    {
        "mahalle_id": "9_2",
        "mahalle_adi": "Aralık Mah (aralık Köyü)",
        "posta_kodu": "08490"
    },
    {
        "mahalle_id": "10_2",
        "mahalle_adi": "Aralık Mezra Mah (aralık Köyü)",
        "posta_kodu": "08490"
    },
    {
        "mahalle_id": "11_2",
        "mahalle_adi": "Arkaköy Köyü",
        "posta_kodu": "08490"
    },
    {
        "mahalle_id": "12_2",
        "mahalle_adi": "Arkaköy Mah (arkaköy Köyü)",
        "posta_kodu": "08490"
    },
    {
        "mahalle_id": "15_2",
        "mahalle_adi": "Atanoğlu Köyü",
        "posta_kodu": "08490"
    },
    {
        "mahalle_id": "14_2",
        "mahalle_adi": "Atanoğlu Mah (atanoğlu Köyü)",
        "posta_kodu": "08490"
    },
    {
        "mahalle_id": "16_2",
        "mahalle_adi": "Avcılar Köyü",
        "posta_kodu": "08490"
    },
    {
        "mahalle_id": "17_2",
        "mahalle_adi": "Balcı Köyü",
        "posta_kodu": "08490"
    },
    {
        "mahalle_id": "58_2",
        "mahalle_adi": "Başköy Mah (güzelyurt Köyü)",
        "posta_kodu": "08490"
    },
    {
        "mahalle_id": "66_2",
        "mahalle_adi": "Boğazköy Köyü",
        "posta_kodu": "08490"
    },
    {
        "mahalle_id": "40_2",
        "mahalle_adi": "Camili Köyü",
        "posta_kodu": "08490"
    },
    {
        "mahalle_id": "39_2",
        "mahalle_adi": "Camili Mah (camili Köyü)",
        "posta_kodu": "08490"
    },
    {
        "mahalle_id": "30_2",
        "mahalle_adi": "Çarmakit Mah (kale Köyü)",
        "posta_kodu": "08490"
    },
    {
        "mahalle_id": "53_2",
        "mahalle_adi": "Çavuşlu Köyü",
        "posta_kodu": "08490"
    },
    {
        "mahalle_id": "54_2",
        "mahalle_adi": "Çaylıköy Köyü",
        "posta_kodu": "08490"
    },
    {
        "mahalle_id": "20_2",
        "mahalle_adi": "Çifteköprü Köyü",
        "posta_kodu": "08490"
    },
    {
        "mahalle_id": "18_2",
        "mahalle_adi": "Civan Köyü",
        "posta_kodu": "08490"
    },
    {
        "mahalle_id": "19_2",
        "mahalle_adi": "Civan Mah (civan Köyü)",
        "posta_kodu": "08490"
    },
    {
        "mahalle_id": "21_2",
        "mahalle_adi": "Demirciler Köyü",
        "posta_kodu": "08490"
    },
    {
        "mahalle_id": "41_2",
        "mahalle_adi": "Düzenli Köyü",
        "posta_kodu": "08490"
    },
    {
        "mahalle_id": "42_2",
        "mahalle_adi": "Düzenli Mah (düzenli Köyü)",
        "posta_kodu": "08490"
    },
    {
        "mahalle_id": "28_2",
        "mahalle_adi": "Düzhanlar Mah (kale Köyü)",
        "posta_kodu": "08490"
    },
    {
        "mahalle_id": "22_2",
        "mahalle_adi": "Düzköy Köyü",
        "posta_kodu": "08490"
    },
    {
        "mahalle_id": "43_2",
        "mahalle_adi": "Efeler Köyü",
        "posta_kodu": "08490"
    },
    {
        "mahalle_id": "25_2",
        "mahalle_adi": "Esentepe Mah (ibrikli Köyü)",
        "posta_kodu": "08490"
    },
    {
        "mahalle_id": "23_2",
        "mahalle_adi": "Fındıklı Köyü",
        "posta_kodu": "08490"
    },
    {
        "mahalle_id": "2_1",
        "mahalle_adi": "Gündoğdu Mah",
        "posta_kodu": "08400"
    },
    {
        "mahalle_id": "55_2",
        "mahalle_adi": "Güneşli Köyü",
        "posta_kodu": "08490"
    },
    {
        "mahalle_id": "56_2",
        "mahalle_adi": "Güreşen Köyü",
        "posta_kodu": "08490"
    },
    {
        "mahalle_id": "26_2",
        "mahalle_adi": "İbrikli Mah (ibrikli Köyü)",
        "posta_kodu": "08490"
    },
    {
        "mahalle_id": "3_2",
        "mahalle_adi": "Işıklı Mah (ataköy Köyü)",
        "posta_kodu": "08490"
    },
    {
        "mahalle_id": "62_2",
        "mahalle_adi": "Karşıköy Köyü",
        "posta_kodu": "08490"
    },
    {
        "mahalle_id": "63_2",
        "mahalle_adi": "Kayadibi Köyü",
        "posta_kodu": "08490"
    },
    {
        "mahalle_id": "46_2",
        "mahalle_adi": "Kayalar Köyü",
        "posta_kodu": "08490"
    },
    {
        "mahalle_id": "47_2",
        "mahalle_adi": "Kayalar Mah (kayalar Köyü)",
        "posta_kodu": "08490"
    },
    {
        "mahalle_id": "31_2",
        "mahalle_adi": "Kaynarca Köyü",
        "posta_kodu": "08490"
    },
    {
        "mahalle_id": "32_2",
        "mahalle_adi": "Kaynarca Mah (kaynarca Köyü)",
        "posta_kodu": "08490"
    },
    {
        "mahalle_id": "60_2",
        "mahalle_adi": "Kazanakapı Mah (güzelyurt Köyü)",
        "posta_kodu": "08490"
    },
    {
        "mahalle_id": "5_1",
        "mahalle_adi": "Küçük Köy Mah",
        "posta_kodu": "08400"
    },
    {
        "mahalle_id": "59_2",
        "mahalle_adi": "Longana Mah (güzelyurt Köyü)",
        "posta_kodu": "08490"
    },
    {
        "mahalle_id": "49_2",
        "mahalle_adi": "Maral Köy Mah (maralköy Köyü)",
        "posta_kodu": "08490"
    },
    {
        "mahalle_id": "48_2",
        "mahalle_adi": "Maralköy Köyü",
        "posta_kodu": "08490"
    },
    {
        "mahalle_id": "3_1",
        "mahalle_adi": "Merkez Mah",
        "posta_kodu": "08400"
    },
    {
        "mahalle_id": "57_2",
        "mahalle_adi": "Merkez Mah (güzelyurt Köyü)",
        "posta_kodu": "08490"
    },
    {
        "mahalle_id": "24_2",
        "mahalle_adi": "Merkez Mah (ibrikli Köyü)",
        "posta_kodu": "08490"
    },
    {
        "mahalle_id": "45_2",
        "mahalle_adi": "Mezra Mah (efeler Köyü)",
        "posta_kodu": "08490"
    },
    {
        "mahalle_id": "52_2",
        "mahalle_adi": "Muratlı Köyü",
        "posta_kodu": "08490"
    },
    {
        "mahalle_id": "5_2",
        "mahalle_adi": "Orhan Mah (ataköy Köyü)",
        "posta_kodu": "08490"
    },
    {
        "mahalle_id": "6_2",
        "mahalle_adi": "Ortadere Mah (alaca Köyü)",
        "posta_kodu": "08490"
    },
    {
        "mahalle_id": "33_2",
        "mahalle_adi": "Örücüler Köyü",
        "posta_kodu": "08490"
    },
    {
        "mahalle_id": "34_2",
        "mahalle_adi": "Örücüler Mah (örücüler Köyü)",
        "posta_kodu": "08490"
    },
    {
        "mahalle_id": "27_2",
        "mahalle_adi": "Petrol Mah (kale Köyü)",
        "posta_kodu": "08490"
    },
    {
        "mahalle_id": "64_2",
        "mahalle_adi": "Şerefiye Köyü",
        "posta_kodu": "08490"
    },
    {
        "mahalle_id": "36_2",
        "mahalle_adi": "Taraklı Köyü",
        "posta_kodu": "08490"
    },
    {
        "mahalle_id": "29_2",
        "mahalle_adi": "Topçular Mah (kale Köyü)",
        "posta_kodu": "08490"
    },
    {
        "mahalle_id": "51_2",
        "mahalle_adi": "Uğur Mah (uğurköy Köyü)",
        "posta_kodu": "08490"
    },
    {
        "mahalle_id": "50_2",
        "mahalle_adi": "Uğurköy Köyü",
        "posta_kodu": "08490"
    },
    {
        "mahalle_id": "61_2",
        "mahalle_adi": "Uzunlar Mah (güzelyurt Köyü)",
        "posta_kodu": "08490"
    },
    {
        "mahalle_id": "4_2",
        "mahalle_adi": "Yangın Mah (alaca Köyü)",
        "posta_kodu": "08490"
    },
    {
        "mahalle_id": "13_2",
        "mahalle_adi": "Yayla Mah (arkaköy Köyü)",
        "posta_kodu": "08490"
    },
    {
        "mahalle_id": "44_2",
        "mahalle_adi": "Yayla Mah (efeler Köyü)",
        "posta_kodu": "08490"
    },
    {
        "mahalle_id": "4_1",
        "mahalle_adi": "Yeniyol Mah",
        "posta_kodu": "08400"
    },
    {
        "mahalle_id": "65_2",
        "mahalle_adi": "Yeşilköy Köyü",
        "posta_kodu": "08490"
    },
    {
        "mahalle_id": "68_2",
        "mahalle_adi": "Zedoban Köyü",
        "posta_kodu": "08490"
    },
    {
        "mahalle_id": "37_2",
        "mahalle_adi": "Zorlu Köyü",
        "posta_kodu": "08490"
    },
    {
        "mahalle_id": "38_2",
        "mahalle_adi": "Zorlu Mah (zorlu Köyü)",
        "posta_kodu": "08490"
    }
]