[
    {
        "mahalle_id": "6_9",
        "mahalle_adi": "Açmalar Mah (asar Köyü)",
        "posta_kodu": "81100"
    },
    {
        "mahalle_id": "169_9",
        "mahalle_adi": "Afanoğlu Mah (yeni Aynalı Köyü)",
        "posta_kodu": "81100"
    },
    {
        "mahalle_id": "1_7",
        "mahalle_adi": "Ağaköyü Mah",
        "posta_kodu": "81020"
    },
    {
        "mahalle_id": "1_9",
        "mahalle_adi": "Akbıyıklar Köyü",
        "posta_kodu": "81100"
    },
    {
        "mahalle_id": "9_8",
        "mahalle_adi": "Akınlar Mah",
        "posta_kodu": "81040"
    },
    {
        "mahalle_id": "5_2",
        "mahalle_adi": "Akpınar Mah",
        "posta_kodu": "81030"
    },
    {
        "mahalle_id": "2_9",
        "mahalle_adi": "Aktarla Köyü",
        "posta_kodu": "81100"
    },
    {
        "mahalle_id": "132_9",
        "mahalle_adi": "Akyazı Mah",
        "posta_kodu": "81100"
    },
    {
        "mahalle_id": "34_9",
        "mahalle_adi": "Alaçam Mah (derdin Köyü)",
        "posta_kodu": "81100"
    },
    {
        "mahalle_id": "3_9",
        "mahalle_adi": "Altınpınar Köyü",
        "posta_kodu": "81100"
    },
    {
        "mahalle_id": "10_8",
        "mahalle_adi": "Arapçiftliği Mah",
        "posta_kodu": "81040"
    },
    {
        "mahalle_id": "173_9",
        "mahalle_adi": "Aşağı Mah (yörük Köyü)",
        "posta_kodu": "81100"
    },
    {
        "mahalle_id": "135_9",
        "mahalle_adi": "Aynalı Köyü",
        "posta_kodu": "81100"
    },
    {
        "mahalle_id": "1_1",
        "mahalle_adi": "Aziziye Mah",
        "posta_kodu": "81010"
    },
    {
        "mahalle_id": "2_7",
        "mahalle_adi": "Azmimilli Mah",
        "posta_kodu": "81020"
    },
    {
        "mahalle_id": "1_3",
        "mahalle_adi": "Bahçelievler Mah",
        "posta_kodu": "81630"
    },
    {
        "mahalle_id": "29_9",
        "mahalle_adi": "Bahçelievler Mah (derdin Köyü)",
        "posta_kodu": "81100"
    },
    {
        "mahalle_id": "1_6",
        "mahalle_adi": "Ballar Mah (boğaziçi Beldesi)",
        "posta_kodu": "81610"
    },
    {
        "mahalle_id": "19_9",
        "mahalle_adi": "Bataklı Çiftlik Köyü",
        "posta_kodu": "81100"
    },
    {
        "mahalle_id": "1_2",
        "mahalle_adi": "Beyciler Mah",
        "posta_kodu": "81030"
    },
    {
        "mahalle_id": "11_4",
        "mahalle_adi": "Beytepe Mah (beyköy Beldesi)",
        "posta_kodu": "81600"
    },
    {
        "mahalle_id": "48_9",
        "mahalle_adi": "Bostanlık Köyü",
        "posta_kodu": "81100"
    },
    {
        "mahalle_id": "106_9",
        "mahalle_adi": "Bucakkurulu Mah (samandere Köyü)",
        "posta_kodu": "81100"
    },
    {
        "mahalle_id": "22_9",
        "mahalle_adi": "Bük Mah (çınardüzü Köyü)",
        "posta_kodu": "81100"
    },
    {
        "mahalle_id": "2_1",
        "mahalle_adi": "Burhaniye Mah",
        "posta_kodu": "81010"
    },
    {
        "mahalle_id": "7_4",
        "mahalle_adi": "Büyükaçma Köyü",
        "posta_kodu": "81600"
    },
    {
        "mahalle_id": "20_9",
        "mahalle_adi": "Çakırhacı İbrahim Köyü",
        "posta_kodu": "81100"
    },
    {
        "mahalle_id": "12_3",
        "mahalle_adi": "Çakırlar Mah",
        "posta_kodu": "81630"
    },
    {
        "mahalle_id": "109_9",
        "mahalle_adi": "Çakmanlar Mah (sinirci Köyü)",
        "posta_kodu": "81100"
    },
    {
        "mahalle_id": "8_4",
        "mahalle_adi": "Çalıcuma Köyü",
        "posta_kodu": "81600"
    },
    {
        "mahalle_id": "46_9",
        "mahalle_adi": "Çam Mah (eski Mengencik Köyü)",
        "posta_kodu": "81100"
    },
    {
        "mahalle_id": "3_1",
        "mahalle_adi": "Camikebir Mah",
        "posta_kodu": "81010"
    },
    {
        "mahalle_id": "8_8",
        "mahalle_adi": "Çamköy Mah",
        "posta_kodu": "81040"
    },
    {
        "mahalle_id": "2_3",
        "mahalle_adi": "Çamlıevler Mah",
        "posta_kodu": "81630"
    },
    {
        "mahalle_id": "115_9",
        "mahalle_adi": "Çamlık Mah (uğur Köyü)",
        "posta_kodu": "81100"
    },
    {
        "mahalle_id": "136_9",
        "mahalle_adi": "Çamlısu Köyü",
        "posta_kodu": "81100"
    },
    {
        "mahalle_id": "8_2",
        "mahalle_adi": "Çavuşlar Mah",
        "posta_kodu": "81030"
    },
    {
        "mahalle_id": "3_7",
        "mahalle_adi": "Çay Mah",
        "posta_kodu": "81020"
    },
    {
        "mahalle_id": "161_9",
        "mahalle_adi": "Çayırbaşı Mah (nasırlı Köyü)",
        "posta_kodu": "81100"
    },
    {
        "mahalle_id": "2_6",
        "mahalle_adi": "Çayırtarla Mah (boğaziçi Beldesi)",
        "posta_kodu": "81610"
    },
    {
        "mahalle_id": "4_1",
        "mahalle_adi": "Cedidiye Mah",
        "posta_kodu": "81010"
    },
    {
        "mahalle_id": "78_9",
        "mahalle_adi": "Çiçek Mah (istilli Köyü)",
        "posta_kodu": "81100"
    },
    {
        "mahalle_id": "1_5",
        "mahalle_adi": "Çiftepınarlar Mah",
        "posta_kodu": "81620"
    },
    {
        "mahalle_id": "26_9",
        "mahalle_adi": "Çiftlik Köyü",
        "posta_kodu": "81100"
    },
    {
        "mahalle_id": "127_9",
        "mahalle_adi": "Çimen Mah (yeni Taşköprü Köyü)",
        "posta_kodu": "81100"
    },
    {
        "mahalle_id": "25_9",
        "mahalle_adi": "Çınarlı Köyü",
        "posta_kodu": "81100"
    },
    {
        "mahalle_id": "166_9",
        "mahalle_adi": "Çobanoğlu Mah (yeni Aynalı Köyü)",
        "posta_kodu": "81100"
    },
    {
        "mahalle_id": "147_9",
        "mahalle_adi": "Çorak Mah (kaymakçı Köyü)",
        "posta_kodu": "81100"
    },
    {
        "mahalle_id": "118_9",
        "mahalle_adi": "Çorak Mah (uğur Köyü)",
        "posta_kodu": "81100"
    },
    {
        "mahalle_id": "9_9",
        "mahalle_adi": "Cuma Mah (aydınpınar Köyü)",
        "posta_kodu": "81100"
    },
    {
        "mahalle_id": "2_2",
        "mahalle_adi": "Cumhuriyet Mah",
        "posta_kodu": "81030"
    },
    {
        "mahalle_id": "1_4",
        "mahalle_adi": "Cumhuriyet Mah (beyköy Beldesi)",
        "posta_kodu": "81600"
    },
    {
        "mahalle_id": "122_9",
        "mahalle_adi": "Cumhuriyet Mah (üçyol Köyü)",
        "posta_kodu": "81100"
    },
    {
        "mahalle_id": "6_4",
        "mahalle_adi": "Cumhuriyet Osb2 Mah (beyköy Beldesi)",
        "posta_kodu": "81600"
    },
    {
        "mahalle_id": "5_7",
        "mahalle_adi": "Darıcı Mah",
        "posta_kodu": "81020"
    },
    {
        "mahalle_id": "7_2",
        "mahalle_adi": "Dedeler Mah",
        "posta_kodu": "81030"
    },
    {
        "mahalle_id": "53_9",
        "mahalle_adi": "Değirmen Mah (gölormanı Köyü)",
        "posta_kodu": "81100"
    },
    {
        "mahalle_id": "12_4",
        "mahalle_adi": "Değirmenbaşı Mah (beyköy Beldesi)",
        "posta_kodu": "81600"
    },
    {
        "mahalle_id": "99_9",
        "mahalle_adi": "Değirmenüstü Mah (samandere Köyü)",
        "posta_kodu": "81100"
    },
    {
        "mahalle_id": "3_3",
        "mahalle_adi": "Demetevler Mah",
        "posta_kodu": "81630"
    },
    {
        "mahalle_id": "5_9",
        "mahalle_adi": "Demirciler Mah (asar Köyü)",
        "posta_kodu": "81100"
    },
    {
        "mahalle_id": "55_9",
        "mahalle_adi": "Depo Mah (gölormanı Köyü)",
        "posta_kodu": "81100"
    },
    {
        "mahalle_id": "32_9",
        "mahalle_adi": "Dere Mah (derdin Köyü)",
        "posta_kodu": "81100"
    },
    {
        "mahalle_id": "154_9",
        "mahalle_adi": "Dere Mah (kurtsuyu Köyü)",
        "posta_kodu": "81100"
    },
    {
        "mahalle_id": "4_2",
        "mahalle_adi": "Derelitütüncü Mah",
        "posta_kodu": "81030"
    },
    {
        "mahalle_id": "39_9",
        "mahalle_adi": "Develi Besni Köyü",
        "posta_kodu": "81100"
    },
    {
        "mahalle_id": "70_9",
        "mahalle_adi": "Develi Mah (hacı Ahmetler Köyü)",
        "posta_kodu": "81100"
    },
    {
        "mahalle_id": "40_9",
        "mahalle_adi": "Doğanlı Köyü",
        "posta_kodu": "81100"
    },
    {
        "mahalle_id": "3_6",
        "mahalle_adi": "Dokuzpınar Mah (boğaziçi Beldesi)",
        "posta_kodu": "81610"
    },
    {
        "mahalle_id": "35_9",
        "mahalle_adi": "Doruk Mah (derdin Köyü)",
        "posta_kodu": "81100"
    },
    {
        "mahalle_id": "41_9",
        "mahalle_adi": "Duraklar Köyü",
        "posta_kodu": "81100"
    },
    {
        "mahalle_id": "74_9",
        "mahalle_adi": "Efendi Mah (hocaoğlu Köyü)",
        "posta_kodu": "81100"
    },
    {
        "mahalle_id": "140_9",
        "mahalle_adi": "Eminaçma Köyü",
        "posta_kodu": "81100"
    },
    {
        "mahalle_id": "141_9",
        "mahalle_adi": "Erdemli Köyü",
        "posta_kodu": "81100"
    },
    {
        "mahalle_id": "45_9",
        "mahalle_adi": "Esentepe Köyü",
        "posta_kodu": "81100"
    },
    {
        "mahalle_id": "4_3",
        "mahalle_adi": "Esentepe Mah",
        "posta_kodu": "81630"
    },
    {
        "mahalle_id": "36_9",
        "mahalle_adi": "Fabrika Mah (derdin Köyü)",
        "posta_kodu": "81100"
    },
    {
        "mahalle_id": "1_8",
        "mahalle_adi": "Fatih Mah",
        "posta_kodu": "81040"
    },
    {
        "mahalle_id": "5_1",
        "mahalle_adi": "Fevziçakmak Mah",
        "posta_kodu": "81010"
    },
    {
        "mahalle_id": "116_9",
        "mahalle_adi": "Fındıkçukuru Mah (uğur Köyü)",
        "posta_kodu": "81100"
    },
    {
        "mahalle_id": "49_9",
        "mahalle_adi": "Fındıklı Aksu Köyü",
        "posta_kodu": "81100"
    },
    {
        "mahalle_id": "50_9",
        "mahalle_adi": "Gökçe Mah",
        "posta_kodu": "81100"
    },
    {
        "mahalle_id": "142_9",
        "mahalle_adi": "Güldere Köyü",
        "posta_kodu": "81100"
    },
    {
        "mahalle_id": "59_9",
        "mahalle_adi": "Gümüşpınar Köyü",
        "posta_kodu": "81100"
    },
    {
        "mahalle_id": "178_9",
        "mahalle_adi": "Günbaşı Mah (günbaşı Köyü)",
        "posta_kodu": "81100"
    },
    {
        "mahalle_id": "64_9",
        "mahalle_adi": "Gündolaması Köyü",
        "posta_kodu": "81100"
    },
    {
        "mahalle_id": "5_3",
        "mahalle_adi": "Güzelbahçe Mah",
        "posta_kodu": "81630"
    },
    {
        "mahalle_id": "71_9",
        "mahalle_adi": "Hacı Aliler Köyü",
        "posta_kodu": "81100"
    },
    {
        "mahalle_id": "104_9",
        "mahalle_adi": "Hacımustafadüzü Mah (samandere Köyü)",
        "posta_kodu": "81100"
    },
    {
        "mahalle_id": "105_9",
        "mahalle_adi": "Hacıyatağı Mah (samandere Köyü)",
        "posta_kodu": "81100"
    },
    {
        "mahalle_id": "13_9",
        "mahalle_adi": "Hakkı Hoca Mah (aydınpınar Köyü)",
        "posta_kodu": "81100"
    },
    {
        "mahalle_id": "37_9",
        "mahalle_adi": "Hamamdağı Mah (derdin Köyü)",
        "posta_kodu": "81100"
    },
    {
        "mahalle_id": "38_9",
        "mahalle_adi": "Hamamüstü Mah (derdin Köyü)",
        "posta_kodu": "81100"
    },
    {
        "mahalle_id": "2_8",
        "mahalle_adi": "Hamidiye Mah",
        "posta_kodu": "81040"
    },
    {
        "mahalle_id": "134_9",
        "mahalle_adi": "Hamza Mah (aybaşı Köyü)",
        "posta_kodu": "81100"
    },
    {
        "mahalle_id": "72_9",
        "mahalle_adi": "Hasanlar Köyü",
        "posta_kodu": "81100"
    },
    {
        "mahalle_id": "110_9",
        "mahalle_adi": "Hatıplar Mah (sinirci Köyü)",
        "posta_kodu": "81100"
    },
    {
        "mahalle_id": "143_9",
        "mahalle_adi": "Hatipli Mah (hatipli Ketenciler Köyü)",
        "posta_kodu": "81100"
    },
    {
        "mahalle_id": "42_9",
        "mahalle_adi": "Hecinler Mah (esençam Köyü)",
        "posta_kodu": "81100"
    },
    {
        "mahalle_id": "120_9",
        "mahalle_adi": "Hürriyet Mah (üçyol Köyü)",
        "posta_kodu": "81100"
    },
    {
        "mahalle_id": "75_9",
        "mahalle_adi": "İhsaniye Köyü",
        "posta_kodu": "81100"
    },
    {
        "mahalle_id": "76_9",
        "mahalle_adi": "İslahiye Köyü",
        "posta_kodu": "81100"
    },
    {
        "mahalle_id": "177_9",
        "mahalle_adi": "İslahiye Mah (islahiye Köyü)",
        "posta_kodu": "81100"
    },
    {
        "mahalle_id": "2_4",
        "mahalle_adi": "İstiklal Mah (beyköy Beldesi)",
        "posta_kodu": "81600"
    },
    {
        "mahalle_id": "121_9",
        "mahalle_adi": "İstiklal Mah (üçyol Köyü)",
        "posta_kodu": "81100"
    },
    {
        "mahalle_id": "5_4",
        "mahalle_adi": "İstiklal Osb1 Mah (beyköy Beldesi)",
        "posta_kodu": "81600"
    },
    {
        "mahalle_id": "7_6",
        "mahalle_adi": "Kabalak Mah (boğaziçi Beldesi)",
        "posta_kodu": "81610"
    },
    {
        "mahalle_id": "145_9",
        "mahalle_adi": "Kadıoğlu Köyü",
        "posta_kodu": "81100"
    },
    {
        "mahalle_id": "80_9",
        "mahalle_adi": "Kaledibi Köyü",
        "posta_kodu": "81100"
    },
    {
        "mahalle_id": "56_9",
        "mahalle_adi": "Kalyoncu Mah (gölormanı Köyü)",
        "posta_kodu": "81100"
    },
    {
        "mahalle_id": "60_9",
        "mahalle_adi": "Kara Ağaç Mah (günbaşı Köyü)",
        "posta_kodu": "81100"
    },
    {
        "mahalle_id": "3_8",
        "mahalle_adi": "Karaca Hacımusa Mah",
        "posta_kodu": "81040"
    },
    {
        "mahalle_id": "3_2",
        "mahalle_adi": "Karaca Mah",
        "posta_kodu": "81030"
    },
    {
        "mahalle_id": "52_9",
        "mahalle_adi": "Karaçavuş Mah (gölormanı Köyü)",
        "posta_kodu": "81100"
    },
    {
        "mahalle_id": "81_9",
        "mahalle_adi": "Karadere Hasanağa Köyü",
        "posta_kodu": "81100"
    },
    {
        "mahalle_id": "137_9",
        "mahalle_adi": "Karaömer Mah (düverdüzü Köyü)",
        "posta_kodu": "81100"
    },
    {
        "mahalle_id": "58_9",
        "mahalle_adi": "Karasakal Mah (gölormanı Köyü)",
        "posta_kodu": "81100"
    },
    {
        "mahalle_id": "30_9",
        "mahalle_adi": "Kardelen Mah (derdin Köyü)",
        "posta_kodu": "81100"
    },
    {
        "mahalle_id": "149_9",
        "mahalle_adi": "Kasım Mah (kemerkasım Köyü)",
        "posta_kodu": "81100"
    },
    {
        "mahalle_id": "82_9",
        "mahalle_adi": "Kavakbıçkı Köyü",
        "posta_kodu": "81100"
    },
    {
        "mahalle_id": "111_9",
        "mahalle_adi": "Kavaklar Mah (sinirci Köyü)",
        "posta_kodu": "81100"
    },
    {
        "mahalle_id": "14_3",
        "mahalle_adi": "Kazukoğlu Mah",
        "posta_kodu": "81630"
    },
    {
        "mahalle_id": "150_9",
        "mahalle_adi": "Kemer Mah (kemerkasım Köyü)",
        "posta_kodu": "81100"
    },
    {
        "mahalle_id": "144_9",
        "mahalle_adi": "Ketenciler Mah (hatipli Ketenciler Köyü)",
        "posta_kodu": "81100"
    },
    {
        "mahalle_id": "84_9",
        "mahalle_adi": "Kirazlı Mah",
        "posta_kodu": "81100"
    },
    {
        "mahalle_id": "68_9",
        "mahalle_adi": "Kireçkuyusu Mah (güven Köyü)",
        "posta_kodu": "81100"
    },
    {
        "mahalle_id": "6_1",
        "mahalle_adi": "Kiremitocağı Mah",
        "posta_kodu": "81010"
    },
    {
        "mahalle_id": "66_9",
        "mahalle_adi": "Kırkacak Mah (güven Köyü)",
        "posta_kodu": "81100"
    },
    {
        "mahalle_id": "83_9",
        "mahalle_adi": "Kızılcık Köyü",
        "posta_kodu": "81100"
    },
    {
        "mahalle_id": "100_9",
        "mahalle_adi": "Kocayayla Mah (samandere Köyü)",
        "posta_kodu": "81100"
    },
    {
        "mahalle_id": "6_2",
        "mahalle_adi": "Koçyazı Mah",
        "posta_kodu": "81030"
    },
    {
        "mahalle_id": "85_9",
        "mahalle_adi": "Konaklı Köyü",
        "posta_kodu": "81100"
    },
    {
        "mahalle_id": "86_9",
        "mahalle_adi": "Köprübaşı Köyü",
        "posta_kodu": "81100"
    },
    {
        "mahalle_id": "4_8",
        "mahalle_adi": "Körpeşler Mah",
        "posta_kodu": "81040"
    },
    {
        "mahalle_id": "151_9",
        "mahalle_adi": "Kozluk Köyü",
        "posta_kodu": "81100"
    },
    {
        "mahalle_id": "89_9",
        "mahalle_adi": "Küçükahmet Köyü",
        "posta_kodu": "81100"
    },
    {
        "mahalle_id": "90_9",
        "mahalle_adi": "Küçükmehmet Köyü",
        "posta_kodu": "81100"
    },
    {
        "mahalle_id": "7_1",
        "mahalle_adi": "Kültür Mah",
        "posta_kodu": "81010"
    },
    {
        "mahalle_id": "4_4",
        "mahalle_adi": "Kültür Mah (beyköy Beldesi)",
        "posta_kodu": "81600"
    },
    {
        "mahalle_id": "18_9",
        "mahalle_adi": "Kürt Mah (ballıca Köyü)",
        "posta_kodu": "81100"
    },
    {
        "mahalle_id": "27_9",
        "mahalle_adi": "Kurudere Mah (dağdibi Köyü)",
        "posta_kodu": "81100"
    },
    {
        "mahalle_id": "23_9",
        "mahalle_adi": "Kuruluk Mah (çınardüzü Köyü)",
        "posta_kodu": "81100"
    },
    {
        "mahalle_id": "87_9",
        "mahalle_adi": "Kuşaçması Köyü",
        "posta_kodu": "81100"
    },
    {
        "mahalle_id": "101_9",
        "mahalle_adi": "Kuşyuvası Mah (samandere Köyü)",
        "posta_kodu": "81100"
    },
    {
        "mahalle_id": "88_9",
        "mahalle_adi": "Kutlu Köyü",
        "posta_kodu": "81100"
    },
    {
        "mahalle_id": "8_3",
        "mahalle_adi": "Kuyumcuhacıali Mah",
        "posta_kodu": "81630"
    },
    {
        "mahalle_id": "91_9",
        "mahalle_adi": "Mamure Mah",
        "posta_kodu": "81100"
    },
    {
        "mahalle_id": "11_1",
        "mahalle_adi": "Mergiç Mah",
        "posta_kodu": "81010"
    },
    {
        "mahalle_id": "4_9",
        "mahalle_adi": "Merkez Mah (asar Köyü)",
        "posta_kodu": "81100"
    },
    {
        "mahalle_id": "133_9",
        "mahalle_adi": "Merkez Mah (aybaşı Köyü)",
        "posta_kodu": "81100"
    },
    {
        "mahalle_id": "10_9",
        "mahalle_adi": "Merkez Mah (aydınpınar Köyü)",
        "posta_kodu": "81100"
    },
    {
        "mahalle_id": "16_9",
        "mahalle_adi": "Merkez Mah (bahçe Köyü)",
        "posta_kodu": "81100"
    },
    {
        "mahalle_id": "17_9",
        "mahalle_adi": "Merkez Mah (ballıca Köyü)",
        "posta_kodu": "81100"
    },
    {
        "mahalle_id": "24_9",
        "mahalle_adi": "Merkez Mah (çınardüzü Köyü)",
        "posta_kodu": "81100"
    },
    {
        "mahalle_id": "28_9",
        "mahalle_adi": "Merkez Mah (dağdibi Köyü)",
        "posta_kodu": "81100"
    },
    {
        "mahalle_id": "138_9",
        "mahalle_adi": "Merkez Mah (düverdüzü Köyü)",
        "posta_kodu": "81100"
    },
    {
        "mahalle_id": "139_9",
        "mahalle_adi": "Merkez Mah (düz Köyü)",
        "posta_kodu": "81100"
    },
    {
        "mahalle_id": "43_9",
        "mahalle_adi": "Merkez Mah (esençam Köyü)",
        "posta_kodu": "81100"
    },
    {
        "mahalle_id": "47_9",
        "mahalle_adi": "Merkez Mah (eski Mengencik Köyü)",
        "posta_kodu": "81100"
    },
    {
        "mahalle_id": "57_9",
        "mahalle_adi": "Merkez Mah (gölormanı Köyü)",
        "posta_kodu": "81100"
    },
    {
        "mahalle_id": "62_9",
        "mahalle_adi": "Merkez Mah (günbaşı Köyü)",
        "posta_kodu": "81100"
    },
    {
        "mahalle_id": "67_9",
        "mahalle_adi": "Merkez Mah (güven Köyü)",
        "posta_kodu": "81100"
    },
    {
        "mahalle_id": "69_9",
        "mahalle_adi": "Merkez Mah (hacı Ahmetler Köyü)",
        "posta_kodu": "81100"
    },
    {
        "mahalle_id": "73_9",
        "mahalle_adi": "Merkez Mah (hocaoğlu Köyü)",
        "posta_kodu": "81100"
    },
    {
        "mahalle_id": "79_9",
        "mahalle_adi": "Merkez Mah (istilli Köyü)",
        "posta_kodu": "81100"
    },
    {
        "mahalle_id": "146_9",
        "mahalle_adi": "Merkez Mah (kaymakçı Köyü)",
        "posta_kodu": "81100"
    },
    {
        "mahalle_id": "152_9",
        "mahalle_adi": "Merkez Mah (kurtsuyu Köyü)",
        "posta_kodu": "81100"
    },
    {
        "mahalle_id": "92_9",
        "mahalle_adi": "Merkez Mah (muncurlu Köyü)",
        "posta_kodu": "81100"
    },
    {
        "mahalle_id": "158_9",
        "mahalle_adi": "Merkez Mah (nasırlı Köyü)",
        "posta_kodu": "81100"
    },
    {
        "mahalle_id": "107_9",
        "mahalle_adi": "Merkez Mah (samandere Köyü)",
        "posta_kodu": "81100"
    },
    {
        "mahalle_id": "108_9",
        "mahalle_adi": "Merkez Mah (sinirci Köyü)",
        "posta_kodu": "81100"
    },
    {
        "mahalle_id": "123_9",
        "mahalle_adi": "Merkez Mah (üçyol Köyü)",
        "posta_kodu": "81100"
    },
    {
        "mahalle_id": "117_9",
        "mahalle_adi": "Merkez Mah (uğur Köyü)",
        "posta_kodu": "81100"
    },
    {
        "mahalle_id": "170_9",
        "mahalle_adi": "Merkez Mah (yeni Aynalı Köyü)",
        "posta_kodu": "81100"
    },
    {
        "mahalle_id": "128_9",
        "mahalle_adi": "Merkez Mah (yeni Taşköprü Köyü)",
        "posta_kodu": "81100"
    },
    {
        "mahalle_id": "171_9",
        "mahalle_adi": "Merkez Mah (yörük Köyü)",
        "posta_kodu": "81100"
    },
    {
        "mahalle_id": "9_4",
        "mahalle_adi": "Muradiyemengencik Köyü",
        "posta_kodu": "81600"
    },
    {
        "mahalle_id": "93_9",
        "mahalle_adi": "Musababa Köyü",
        "posta_kodu": "81100"
    },
    {
        "mahalle_id": "11_3",
        "mahalle_adi": "Nalbantoğlu Mah",
        "posta_kodu": "81630"
    },
    {
        "mahalle_id": "176_9",
        "mahalle_adi": "Nuhlar Mah (nasırlı Köyü)",
        "posta_kodu": "81100"
    },
    {
        "mahalle_id": "175_9",
        "mahalle_adi": "Nuhlar Mah (nuhlar Köyü)",
        "posta_kodu": "81100"
    },
    {
        "mahalle_id": "54_9",
        "mahalle_adi": "Nusret Yılmaz Mah (gölormanı Köyü)",
        "posta_kodu": "81100"
    },
    {
        "mahalle_id": "8_1",
        "mahalle_adi": "Nusrettin Mah",
        "posta_kodu": "81010"
    },
    {
        "mahalle_id": "7_5",
        "mahalle_adi": "Orhangazi Mah",
        "posta_kodu": "81620"
    },
    {
        "mahalle_id": "167_9",
        "mahalle_adi": "Orta Mah (yeni Aynalı Köyü)",
        "posta_kodu": "81100"
    },
    {
        "mahalle_id": "162_9",
        "mahalle_adi": "Osmanca Köyü",
        "posta_kodu": "81100"
    },
    {
        "mahalle_id": "156_9",
        "mahalle_adi": "Otlaklar Mah (kurtsuyu Köyü)",
        "posta_kodu": "81100"
    },
    {
        "mahalle_id": "94_9",
        "mahalle_adi": "Otluoğlu Mah",
        "posta_kodu": "81100"
    },
    {
        "mahalle_id": "168_9",
        "mahalle_adi": "Ova Mah (yeni Aynalı Köyü)",
        "posta_kodu": "81100"
    },
    {
        "mahalle_id": "10_4",
        "mahalle_adi": "Ovapınar Köyü",
        "posta_kodu": "81600"
    },
    {
        "mahalle_id": "95_9",
        "mahalle_adi": "Ozanlar Mah",
        "posta_kodu": "81100"
    },
    {
        "mahalle_id": "131_9",
        "mahalle_adi": "Özyanık Köyü",
        "posta_kodu": "81100"
    },
    {
        "mahalle_id": "96_9",
        "mahalle_adi": "Paşakonağı Köyü",
        "posta_kodu": "81100"
    },
    {
        "mahalle_id": "97_9",
        "mahalle_adi": "Paşaormanı Köyü",
        "posta_kodu": "81100"
    },
    {
        "mahalle_id": "155_9",
        "mahalle_adi": "Petekli Mah (kurtsuyu Köyü)",
        "posta_kodu": "81100"
    },
    {
        "mahalle_id": "98_9",
        "mahalle_adi": "Pınarlar Köyü",
        "posta_kodu": "81100"
    },
    {
        "mahalle_id": "63_9",
        "mahalle_adi": "Poyraz Mah (günbaşı Köyü)",
        "posta_kodu": "81100"
    },
    {
        "mahalle_id": "102_9",
        "mahalle_adi": "Sadık Mah (samandere Köyü)",
        "posta_kodu": "81100"
    },
    {
        "mahalle_id": "7_3",
        "mahalle_adi": "Sallar Mah",
        "posta_kodu": "81630"
    },
    {
        "mahalle_id": "174_9",
        "mahalle_adi": "Sancakdere Köyü",
        "posta_kodu": "81100"
    },
    {
        "mahalle_id": "6_8",
        "mahalle_adi": "Sancaklar Mah",
        "posta_kodu": "81040"
    },
    {
        "mahalle_id": "7_9",
        "mahalle_adi": "Santral Mah (aydınpınar Köyü)",
        "posta_kodu": "81100"
    },
    {
        "mahalle_id": "7_8",
        "mahalle_adi": "Sarayyeri Mah",
        "posta_kodu": "81040"
    },
    {
        "mahalle_id": "21_9",
        "mahalle_adi": "Sarıçam Mah (çınardüzü Köyü)",
        "posta_kodu": "81100"
    },
    {
        "mahalle_id": "159_9",
        "mahalle_adi": "Sarıkasım Mah (nasırlı Köyü)",
        "posta_kodu": "81100"
    },
    {
        "mahalle_id": "112_9",
        "mahalle_adi": "Şaziye Köyü",
        "posta_kodu": "81100"
    },
    {
        "mahalle_id": "6_5",
        "mahalle_adi": "Şehit Bayram Gökmen Mah",
        "posta_kodu": "81620"
    },
    {
        "mahalle_id": "2_5",
        "mahalle_adi": "Şehit Hüseyin Kıl Mah",
        "posta_kodu": "81620"
    },
    {
        "mahalle_id": "3_5",
        "mahalle_adi": "Şehit Kemal Işıldak Mah",
        "posta_kodu": "81620"
    },
    {
        "mahalle_id": "4_5",
        "mahalle_adi": "Şehit Murat Demir Mah",
        "posta_kodu": "81620"
    },
    {
        "mahalle_id": "4_6",
        "mahalle_adi": "Şekerpınar Mah (boğaziçi Beldesi)",
        "posta_kodu": "81610"
    },
    {
        "mahalle_id": "9_1",
        "mahalle_adi": "Şerefiye Mah",
        "posta_kodu": "81010"
    },
    {
        "mahalle_id": "4_7",
        "mahalle_adi": "Şıralık Mah",
        "posta_kodu": "81020"
    },
    {
        "mahalle_id": "9_2",
        "mahalle_adi": "Soğukpınar Mah",
        "posta_kodu": "81030"
    },
    {
        "mahalle_id": "14_9",
        "mahalle_adi": "Şose Altı Mah (aydınpınar Köyü)",
        "posta_kodu": "81100"
    },
    {
        "mahalle_id": "163_9",
        "mahalle_adi": "Suncuk Köyü",
        "posta_kodu": "81100"
    },
    {
        "mahalle_id": "157_9",
        "mahalle_adi": "Tantan Kuyu Mah (kurtsuyu Köyü)",
        "posta_kodu": "81100"
    },
    {
        "mahalle_id": "113_9",
        "mahalle_adi": "Taşköprü Mah",
        "posta_kodu": "81100"
    },
    {
        "mahalle_id": "31_9",
        "mahalle_adi": "Tatil Köyü Mah (derdin Köyü)",
        "posta_kodu": "81100"
    },
    {
        "mahalle_id": "65_9",
        "mahalle_adi": "Tepe Altı Mah (güven Köyü)",
        "posta_kodu": "81100"
    },
    {
        "mahalle_id": "5_5",
        "mahalle_adi": "Terzialiler Mah",
        "posta_kodu": "81620"
    },
    {
        "mahalle_id": "126_9",
        "mahalle_adi": "Tınaz Mah (yeni Taşköprü Köyü)",
        "posta_kodu": "81100"
    },
    {
        "mahalle_id": "160_9",
        "mahalle_adi": "Tokmaktarla Mah (nasırlı Köyü)",
        "posta_kodu": "81100"
    },
    {
        "mahalle_id": "9_3",
        "mahalle_adi": "Tokuşlar Mah",
        "posta_kodu": "81630"
    },
    {
        "mahalle_id": "153_9",
        "mahalle_adi": "Tonyalı Mah (kurtsuyu Köyü)",
        "posta_kodu": "81100"
    },
    {
        "mahalle_id": "114_9",
        "mahalle_adi": "Turaplar Köyü",
        "posta_kodu": "81100"
    },
    {
        "mahalle_id": "103_9",
        "mahalle_adi": "Tütünlük Mah (samandere Köyü)",
        "posta_kodu": "81100"
    },
    {
        "mahalle_id": "44_9",
        "mahalle_adi": "Üçkese Mah (esençam Köyü)",
        "posta_kodu": "81100"
    },
    {
        "mahalle_id": "119_9",
        "mahalle_adi": "Uçuk Mah (uğur Köyü)",
        "posta_kodu": "81100"
    },
    {
        "mahalle_id": "51_9",
        "mahalle_adi": "Uzunali Mah (gölormanı Köyü)",
        "posta_kodu": "81100"
    },
    {
        "mahalle_id": "10_1",
        "mahalle_adi": "Uzunmustafa Mah",
        "posta_kodu": "81010"
    },
    {
        "mahalle_id": "10_3",
        "mahalle_adi": "Yahyalar Mah",
        "posta_kodu": "81630"
    },
    {
        "mahalle_id": "164_9",
        "mahalle_adi": "Yaka Köyü",
        "posta_kodu": "81100"
    },
    {
        "mahalle_id": "77_9",
        "mahalle_adi": "Yamalı Mah (istilli Köyü)",
        "posta_kodu": "81100"
    },
    {
        "mahalle_id": "33_9",
        "mahalle_adi": "Yanık Mah (derdin Köyü)",
        "posta_kodu": "81100"
    },
    {
        "mahalle_id": "124_9",
        "mahalle_adi": "Yayakbaşı Köyü",
        "posta_kodu": "81100"
    },
    {
        "mahalle_id": "165_9",
        "mahalle_adi": "Yayla Köyü",
        "posta_kodu": "81100"
    },
    {
        "mahalle_id": "11_9",
        "mahalle_adi": "Yaylakapı Mah (aydınpınar Köyü)",
        "posta_kodu": "81100"
    },
    {
        "mahalle_id": "5_6",
        "mahalle_adi": "Yazlık Mah (boğaziçi Beldesi)",
        "posta_kodu": "81610"
    },
    {
        "mahalle_id": "125_9",
        "mahalle_adi": "Yeni Karaköy Köyü",
        "posta_kodu": "81100"
    },
    {
        "mahalle_id": "5_8",
        "mahalle_adi": "Yeni Mah",
        "posta_kodu": "81040"
    },
    {
        "mahalle_id": "15_9",
        "mahalle_adi": "Yeni Mah (bahçe Köyü)",
        "posta_kodu": "81100"
    },
    {
        "mahalle_id": "3_4",
        "mahalle_adi": "Yeni Mah (beyköy Beldesi)",
        "posta_kodu": "81600"
    },
    {
        "mahalle_id": "8_9",
        "mahalle_adi": "Yeşil Mah (aydınpınar Köyü)",
        "posta_kodu": "81100"
    },
    {
        "mahalle_id": "129_9",
        "mahalle_adi": "Yeşilçam Köyü",
        "posta_kodu": "81100"
    },
    {
        "mahalle_id": "130_9",
        "mahalle_adi": "Yeşilçimen Köyü",
        "posta_kodu": "81100"
    },
    {
        "mahalle_id": "6_6",
        "mahalle_adi": "Yeşilköy Mah (boğaziçi Beldesi)",
        "posta_kodu": "81610"
    },
    {
        "mahalle_id": "6_3",
        "mahalle_adi": "Yeşiltepe Mah",
        "posta_kodu": "81630"
    },
    {
        "mahalle_id": "12_9",
        "mahalle_adi": "Yılankaya Mah (aydınpınar Köyü)",
        "posta_kodu": "81100"
    },
    {
        "mahalle_id": "61_9",
        "mahalle_adi": "Yukarı Mah (günbaşı Köyü)",
        "posta_kodu": "81100"
    },
    {
        "mahalle_id": "172_9",
        "mahalle_adi": "Yukarı Mah (yörük Köyü)",
        "posta_kodu": "81100"
    },
    {
        "mahalle_id": "13_3",
        "mahalle_adi": "Yukarı Yahyalar Mah",
        "posta_kodu": "81630"
    },
    {
        "mahalle_id": "148_9",
        "mahalle_adi": "Yunuslar Mah (kemerkasım Köyü)",
        "posta_kodu": "81100"
    }
]