[
    {
        "mahalle_id": "1_3",
        "mahalle_adi": "Akarsu Köyü",
        "posta_kodu": "53800"
    },
    {
        "mahalle_id": "50_3",
        "mahalle_adi": "Akarsu Mah (akarsu Köyü)",
        "posta_kodu": "53800"
    },
    {
        "mahalle_id": "47_2",
        "mahalle_adi": "Akıncılar Mah (elmalı Köyü)",
        "posta_kodu": "53870"
    },
    {
        "mahalle_id": "113_2",
        "mahalle_adi": "Aktepe Mah (pazarköy Köyü)",
        "posta_kodu": "53870"
    },
    {
        "mahalle_id": "69_2",
        "mahalle_adi": "Alik Mah (güzelyurt Köyü)",
        "posta_kodu": "53870"
    },
    {
        "mahalle_id": "42_1",
        "mahalle_adi": "Alipaşa Mah",
        "posta_kodu": "53020"
    },
    {
        "mahalle_id": "73_2",
        "mahalle_adi": "Alişör Mah (karasu Köyü)",
        "posta_kodu": "53870"
    },
    {
        "mahalle_id": "93_2",
        "mahalle_adi": "Alt Mah (küçükçayır Köyü)",
        "posta_kodu": "53870"
    },
    {
        "mahalle_id": "132_2",
        "mahalle_adi": "Alt Mah (tuğlalı Köyü)",
        "posta_kodu": "53870"
    },
    {
        "mahalle_id": "125_2",
        "mahalle_adi": "Ardin Mah (taşköprü Köyü)",
        "posta_kodu": "53870"
    },
    {
        "mahalle_id": "12_3",
        "mahalle_adi": "Ardına Mah (balıkçılar Köyü)",
        "posta_kodu": "53800"
    },
    {
        "mahalle_id": "112_2",
        "mahalle_adi": "Arnault Mah (pazarköy Köyü)",
        "posta_kodu": "53870"
    },
    {
        "mahalle_id": "11_3",
        "mahalle_adi": "Aşağı Mah (balıkçılar Köyü)",
        "posta_kodu": "53800"
    },
    {
        "mahalle_id": "99_2",
        "mahalle_adi": "Aşağı Mah (küçükköy Köyü)",
        "posta_kodu": "53870"
    },
    {
        "mahalle_id": "27_3",
        "mahalle_adi": "Aşağı Mah (pekmezli Köyü)",
        "posta_kodu": "53800"
    },
    {
        "mahalle_id": "32_3",
        "mahalle_adi": "Aşağı Mah (söğütlü Köyü)",
        "posta_kodu": "53800"
    },
    {
        "mahalle_id": "129_2",
        "mahalle_adi": "Aşağı Mah (topkaya Köyü)",
        "posta_kodu": "53870"
    },
    {
        "mahalle_id": "45_3",
        "mahalle_adi": "Aşağı Mah (veliköy Köyü)",
        "posta_kodu": "53800"
    },
    {
        "mahalle_id": "46_3",
        "mahalle_adi": "Aşağı Mah (yenikale Köyü)",
        "posta_kodu": "53800"
    },
    {
        "mahalle_id": "97_2",
        "mahalle_adi": "Asgoroz Mah (küçükçayır Köyü)",
        "posta_kodu": "53870"
    },
    {
        "mahalle_id": "1_4",
        "mahalle_adi": "Asmalık Mah (kendirli Beldesi)",
        "posta_kodu": "53620"
    },
    {
        "mahalle_id": "1_1",
        "mahalle_adi": "Atmeydanı Mah",
        "posta_kodu": "53020"
    },
    {
        "mahalle_id": "13_2",
        "mahalle_adi": "Ayane Köyü",
        "posta_kodu": "53870"
    },
    {
        "mahalle_id": "121_2",
        "mahalle_adi": "Ayvalı Mah (sütlüce Köyü)",
        "posta_kodu": "53870"
    },
    {
        "mahalle_id": "11_2",
        "mahalle_adi": "Azaklılar Mah (ambarlık Köyü)",
        "posta_kodu": "53870"
    },
    {
        "mahalle_id": "3_3",
        "mahalle_adi": "Azina Mah (akpınar Köyü)",
        "posta_kodu": "53800"
    },
    {
        "mahalle_id": "2_1",
        "mahalle_adi": "Bağdatlı Mah",
        "posta_kodu": "53020"
    },
    {
        "mahalle_id": "20_3",
        "mahalle_adi": "Balcılar Mah (şafaklar Mah) (ketenli Köyü)",
        "posta_kodu": "53800"
    },
    {
        "mahalle_id": "40_1",
        "mahalle_adi": "Balcılar Mah (yenidoğan Köyü)",
        "posta_kodu": "53020"
    },
    {
        "mahalle_id": "3_1",
        "mahalle_adi": "Balsu Mah",
        "posta_kodu": "53020"
    },
    {
        "mahalle_id": "123_2",
        "mahalle_adi": "Baş Mah (taşköprü Köyü)",
        "posta_kodu": "53870"
    },
    {
        "mahalle_id": "5_2",
        "mahalle_adi": "Bayındırlar Mah (ambarlık Köyü)",
        "posta_kodu": "53870"
    },
    {
        "mahalle_id": "17_2",
        "mahalle_adi": "Beştepe Köyü",
        "posta_kodu": "53870"
    },
    {
        "mahalle_id": "135_2",
        "mahalle_adi": "Bıçakcılar Mah (üçkaya Köyü)",
        "posta_kodu": "53870"
    },
    {
        "mahalle_id": "18_2",
        "mahalle_adi": "Bıldırcınköy Köyü",
        "posta_kodu": "53870"
    },
    {
        "mahalle_id": "4_1",
        "mahalle_adi": "Boğaz Mah",
        "posta_kodu": "53020"
    },
    {
        "mahalle_id": "44_1",
        "mahalle_adi": "Bozkale Mah",
        "posta_kodu": "53020"
    },
    {
        "mahalle_id": "104_2",
        "mahalle_adi": "Çalıklar Mah (melek Köyü)",
        "posta_kodu": "53870"
    },
    {
        "mahalle_id": "5_1",
        "mahalle_adi": "Camiönü Mah",
        "posta_kodu": "53020"
    },
    {
        "mahalle_id": "150_2",
        "mahalle_adi": "Camiönü-güneşli-merkez Güzelyurt Mah (yeşildere Köyü)",
        "posta_kodu": "53870"
    },
    {
        "mahalle_id": "6_1",
        "mahalle_adi": "Çamlıbel Mah",
        "posta_kodu": "53020"
    },
    {
        "mahalle_id": "38_1",
        "mahalle_adi": "Canpolat Mah",
        "posta_kodu": "53020"
    },
    {
        "mahalle_id": "54_2",
        "mahalle_adi": "Çaplar Mah (elmalı Köyü)",
        "posta_kodu": "53870"
    },
    {
        "mahalle_id": "7_1",
        "mahalle_adi": "Çarşı Mah",
        "posta_kodu": "53020"
    },
    {
        "mahalle_id": "48_2",
        "mahalle_adi": "Çavuşoğlu Mah (elmalı Köyü)",
        "posta_kodu": "53870"
    },
    {
        "mahalle_id": "29_2",
        "mahalle_adi": "Çaycılar Köyü",
        "posta_kodu": "53870"
    },
    {
        "mahalle_id": "138_2",
        "mahalle_adi": "Çelikler Mah (üçkaya Köyü)",
        "posta_kodu": "53870"
    },
    {
        "mahalle_id": "44_3",
        "mahalle_adi": "Çelikler Mah (veliköy Köyü)",
        "posta_kodu": "53800"
    },
    {
        "mahalle_id": "134_2",
        "mahalle_adi": "Çetinkayalar Mah (üçkaya Köyü)",
        "posta_kodu": "53870"
    },
    {
        "mahalle_id": "23_2",
        "mahalle_adi": "Cevizlik Mah (camidağı Köyü)",
        "posta_kodu": "53870"
    },
    {
        "mahalle_id": "43_1",
        "mahalle_adi": "Çiftekavak Mah",
        "posta_kodu": "53020"
    },
    {
        "mahalle_id": "75_2",
        "mahalle_adi": "Cingöz Mah (karasu Köyü)",
        "posta_kodu": "53870"
    },
    {
        "mahalle_id": "27_2",
        "mahalle_adi": "Çiyanda Mah (çaybaşı Köyü)",
        "posta_kodu": "53870"
    },
    {
        "mahalle_id": "8_1",
        "mahalle_adi": "Çorapçılar Mah",
        "posta_kodu": "53020"
    },
    {
        "mahalle_id": "17_3",
        "mahalle_adi": "Dağ Deresi Mah (balıkçılar Köyü)",
        "posta_kodu": "53800"
    },
    {
        "mahalle_id": "45_1",
        "mahalle_adi": "Dağınıksu Mah",
        "posta_kodu": "53020"
    },
    {
        "mahalle_id": "9_1",
        "mahalle_adi": "Dağsu Mah",
        "posta_kodu": "53020"
    },
    {
        "mahalle_id": "10_1",
        "mahalle_adi": "Değirmendere Mah",
        "posta_kodu": "53020"
    },
    {
        "mahalle_id": "96_2",
        "mahalle_adi": "Delallar Mah (küçükçayır Köyü)",
        "posta_kodu": "53870"
    },
    {
        "mahalle_id": "31_2",
        "mahalle_adi": "Demircioğlu Alt Mah (çimenli Köyü)",
        "posta_kodu": "53870"
    },
    {
        "mahalle_id": "32_2",
        "mahalle_adi": "Demircioğlu Üst Mah (çimenli Köyü)",
        "posta_kodu": "53870"
    },
    {
        "mahalle_id": "51_2",
        "mahalle_adi": "Dere Başı Mah (elmalı Köyü)",
        "posta_kodu": "53870"
    },
    {
        "mahalle_id": "50_2",
        "mahalle_adi": "Dere Boyu Mah (elmalı Köyü)",
        "posta_kodu": "53870"
    },
    {
        "mahalle_id": "94_2",
        "mahalle_adi": "Dere Mah (küçükçayır Köyü)",
        "posta_kodu": "53870"
    },
    {
        "mahalle_id": "124_2",
        "mahalle_adi": "Dere Mah (taşköprü Köyü)",
        "posta_kodu": "53870"
    },
    {
        "mahalle_id": "11_1",
        "mahalle_adi": "Dereüstü Mah",
        "posta_kodu": "53020"
    },
    {
        "mahalle_id": "43_2",
        "mahalle_adi": "Devranlar Mah (derebaşı Köyü)",
        "posta_kodu": "53870"
    },
    {
        "mahalle_id": "44_2",
        "mahalle_adi": "Dörtyol Köyü",
        "posta_kodu": "53870"
    },
    {
        "mahalle_id": "2_4",
        "mahalle_adi": "Düz Mah (kendirli Beldesi)",
        "posta_kodu": "53620"
    },
    {
        "mahalle_id": "47_3",
        "mahalle_adi": "Düz Mah (yenikale Köyü)",
        "posta_kodu": "53800"
    },
    {
        "mahalle_id": "45_2",
        "mahalle_adi": "Düzköy Köyü",
        "posta_kodu": "53870"
    },
    {
        "mahalle_id": "140_2",
        "mahalle_adi": "Eğitmen Tevfik Uzun Mah (yemişlik Köyü)",
        "posta_kodu": "53870"
    },
    {
        "mahalle_id": "12_1",
        "mahalle_adi": "Ekmekçiler Mah",
        "posta_kodu": "53020"
    },
    {
        "mahalle_id": "13_1",
        "mahalle_adi": "Ekrem Orhon Mah",
        "posta_kodu": "53020"
    },
    {
        "mahalle_id": "14_1",
        "mahalle_adi": "Eminettin Mah",
        "posta_kodu": "53020"
    },
    {
        "mahalle_id": "37_2",
        "mahalle_adi": "Eminoğlu Mah (eminuka Mah) (derebaşı Köyü)",
        "posta_kodu": "53870"
    },
    {
        "mahalle_id": "13_3",
        "mahalle_adi": "Eminoğulları Mah (balıkçılar Köyü)",
        "posta_kodu": "53800"
    },
    {
        "mahalle_id": "15_1",
        "mahalle_adi": "Engindere Mah",
        "posta_kodu": "53020"
    },
    {
        "mahalle_id": "41_1",
        "mahalle_adi": "Engindere Sb Mah",
        "posta_kodu": "53020"
    },
    {
        "mahalle_id": "62_2",
        "mahalle_adi": "Erenköy Köyü",
        "posta_kodu": "53870"
    },
    {
        "mahalle_id": "82_2",
        "mahalle_adi": "Erenler Mah (karayemiş Köyü)",
        "posta_kodu": "53870"
    },
    {
        "mahalle_id": "151_2",
        "mahalle_adi": "Esendere-güven-yeşilova Mah (yeşildere Köyü)",
        "posta_kodu": "53870"
    },
    {
        "mahalle_id": "8_3",
        "mahalle_adi": "Esentepe Mah (akpınar Köyü)",
        "posta_kodu": "53800"
    },
    {
        "mahalle_id": "60_2",
        "mahalle_adi": "Esentepe Mah (elmalı Köyü)",
        "posta_kodu": "53870"
    },
    {
        "mahalle_id": "38_3",
        "mahalle_adi": "Esentepe Mah (taşpınar Köyü)",
        "posta_kodu": "53800"
    },
    {
        "mahalle_id": "56_2",
        "mahalle_adi": "Esenyurt Mah (elmalı Köyü)",
        "posta_kodu": "53870"
    },
    {
        "mahalle_id": "105_2",
        "mahalle_adi": "Eser Mah (melek Köyü)",
        "posta_kodu": "53870"
    },
    {
        "mahalle_id": "18_3",
        "mahalle_adi": "Eski Mah (boğaz Köyü)",
        "posta_kodu": "53800"
    },
    {
        "mahalle_id": "16_1",
        "mahalle_adi": "Fatih Mah",
        "posta_kodu": "53020"
    },
    {
        "mahalle_id": "17_1",
        "mahalle_adi": "Fener Mah",
        "posta_kodu": "53020"
    },
    {
        "mahalle_id": "38_2",
        "mahalle_adi": "Fındıklar Mah (derebaşı Köyü)",
        "posta_kodu": "53870"
    },
    {
        "mahalle_id": "74_2",
        "mahalle_adi": "Godol Mah (karasu Köyü)",
        "posta_kodu": "53870"
    },
    {
        "mahalle_id": "63_2",
        "mahalle_adi": "Gölgeli-1 Mah (gölgeli Köyü)",
        "posta_kodu": "53870"
    },
    {
        "mahalle_id": "64_2",
        "mahalle_adi": "Gölgeli-2 Mah (gölgeli Köyü)",
        "posta_kodu": "53870"
    },
    {
        "mahalle_id": "5_3",
        "mahalle_adi": "Göltepe Mah (akpınar Köyü)",
        "posta_kodu": "53800"
    },
    {
        "mahalle_id": "18_1",
        "mahalle_adi": "Gülbahar Mah",
        "posta_kodu": "53020"
    },
    {
        "mahalle_id": "42_2",
        "mahalle_adi": "Gültepe Mah (derebaşı Köyü)",
        "posta_kodu": "53870"
    },
    {
        "mahalle_id": "49_1",
        "mahalle_adi": "Gümüşler Mah (yenidoğan Köyü)",
        "posta_kodu": "53020"
    },
    {
        "mahalle_id": "154_2",
        "mahalle_adi": "Güneli Mah (zincirliköprü Köyü)",
        "posta_kodu": "53870"
    },
    {
        "mahalle_id": "1_6",
        "mahalle_adi": "Güneşli Mah (salarha Beldesi)",
        "posta_kodu": "53950"
    },
    {
        "mahalle_id": "2_6",
        "mahalle_adi": "Güneştepe Mah (salarha Beldesi)",
        "posta_kodu": "53950"
    },
    {
        "mahalle_id": "79_2",
        "mahalle_adi": "Güneyler Mah (karasu Köyü)",
        "posta_kodu": "53870"
    },
    {
        "mahalle_id": "81_2",
        "mahalle_adi": "Güven Mah (karayemiş Köyü)",
        "posta_kodu": "53870"
    },
    {
        "mahalle_id": "111_2",
        "mahalle_adi": "Güzeltepe Mah (pazarköy Köyü)",
        "posta_kodu": "53870"
    },
    {
        "mahalle_id": "58_2",
        "mahalle_adi": "Güzelyurt Mah (elmalı Köyü)",
        "posta_kodu": "53870"
    },
    {
        "mahalle_id": "92_2",
        "mahalle_adi": "Güzelyurt Mah (köprülü Köyü)",
        "posta_kodu": "53870"
    },
    {
        "mahalle_id": "50_1",
        "mahalle_adi": "Hacıalioğlu Mah (yenidoğan Köyü)",
        "posta_kodu": "53020"
    },
    {
        "mahalle_id": "3_4",
        "mahalle_adi": "Halaslar Mah (kendirli Beldesi)",
        "posta_kodu": "53620"
    },
    {
        "mahalle_id": "19_1",
        "mahalle_adi": "Halatçılar Mah",
        "posta_kodu": "53020"
    },
    {
        "mahalle_id": "24_2",
        "mahalle_adi": "Hamçayır Mah (camidağı Köyü)",
        "posta_kodu": "53870"
    },
    {
        "mahalle_id": "36_2",
        "mahalle_adi": "Hamçayır Mah (derebaşı Köyü)",
        "posta_kodu": "53870"
    },
    {
        "mahalle_id": "46_1",
        "mahalle_adi": "Hamidiye Mah",
        "posta_kodu": "53020"
    },
    {
        "mahalle_id": "20_1",
        "mahalle_adi": "Hamzabey Mah",
        "posta_kodu": "53020"
    },
    {
        "mahalle_id": "68_2",
        "mahalle_adi": "Havger Mah (güzelyurt Köyü)",
        "posta_kodu": "53870"
    },
    {
        "mahalle_id": "21_1",
        "mahalle_adi": "Hayrat Mah",
        "posta_kodu": "53020"
    },
    {
        "mahalle_id": "6_3",
        "mahalle_adi": "Hazavite Mah (akpınar Köyü)",
        "posta_kodu": "53800"
    },
    {
        "mahalle_id": "77_2",
        "mahalle_adi": "Hev Mah (karasu Köyü)",
        "posta_kodu": "53870"
    },
    {
        "mahalle_id": "22_2",
        "mahalle_adi": "Hur Mah (camidağı Köyü)",
        "posta_kodu": "53870"
    },
    {
        "mahalle_id": "95_2",
        "mahalle_adi": "İçmeler Mah (küçükçayır Köyü)",
        "posta_kodu": "53870"
    },
    {
        "mahalle_id": "10_3",
        "mahalle_adi": "İslamoğlu Mah (aktaş Köyü)",
        "posta_kodu": "53800"
    },
    {
        "mahalle_id": "22_1",
        "mahalle_adi": "İslampaşa Mah",
        "posta_kodu": "53020"
    },
    {
        "mahalle_id": "9_2",
        "mahalle_adi": "İsmailoğlu Mah (ambarlık Köyü)",
        "posta_kodu": "53870"
    },
    {
        "mahalle_id": "57_2",
        "mahalle_adi": "İşyarlar Mah (elmalı Köyü)",
        "posta_kodu": "53870"
    },
    {
        "mahalle_id": "34_2",
        "mahalle_adi": "Kadıbaşlar Mah (derebaşı Köyü)",
        "posta_kodu": "53870"
    },
    {
        "mahalle_id": "23_1",
        "mahalle_adi": "Kale Mah",
        "posta_kodu": "53020"
    },
    {
        "mahalle_id": "6_2",
        "mahalle_adi": "Kamaraş Mah (ambarlık Köyü)",
        "posta_kodu": "53870"
    },
    {
        "mahalle_id": "24_1",
        "mahalle_adi": "Kanbursırt Mah",
        "posta_kodu": "53020"
    },
    {
        "mahalle_id": "25_1",
        "mahalle_adi": "Kaplıca Mah",
        "posta_kodu": "53020"
    },
    {
        "mahalle_id": "40_3",
        "mahalle_adi": "Karaaliler Mah (veliköy Köyü)",
        "posta_kodu": "53800"
    },
    {
        "mahalle_id": "39_2",
        "mahalle_adi": "Karaırmak Mah (derebaşı Köyü)",
        "posta_kodu": "53870"
    },
    {
        "mahalle_id": "22_3",
        "mahalle_adi": "Karoğulları Mah (ketenli Köyü)",
        "posta_kodu": "53800"
    },
    {
        "mahalle_id": "90_2",
        "mahalle_adi": "Karşı Mah (köprülü Köyü)",
        "posta_kodu": "53870"
    },
    {
        "mahalle_id": "52_2",
        "mahalle_adi": "Karşıyaka Mah (elmalı Köyü)",
        "posta_kodu": "53870"
    },
    {
        "mahalle_id": "110_2",
        "mahalle_adi": "Kartaltepe Mah (pazarköy Köyü)",
        "posta_kodu": "53870"
    },
    {
        "mahalle_id": "7_6",
        "mahalle_adi": "Kasarcılar Mah (salarha Beldesi)",
        "posta_kodu": "53950"
    },
    {
        "mahalle_id": "41_2",
        "mahalle_adi": "Katıla Mah (derebaşı Köyü)",
        "posta_kodu": "53870"
    },
    {
        "mahalle_id": "26_1",
        "mahalle_adi": "Kavaklı Mah",
        "posta_kodu": "53020"
    },
    {
        "mahalle_id": "76_2",
        "mahalle_adi": "Kayadibi Mah (karasu Köyü)",
        "posta_kodu": "53870"
    },
    {
        "mahalle_id": "84_2",
        "mahalle_adi": "Kayalık Mah (karayemiş Köyü)",
        "posta_kodu": "53870"
    },
    {
        "mahalle_id": "46_2",
        "mahalle_adi": "Kirazlık Mah (elmalı Köyü)",
        "posta_kodu": "53870"
    },
    {
        "mahalle_id": "9_6",
        "mahalle_adi": "Kireçhane Mah (salarha Beldesi)",
        "posta_kodu": "53950"
    },
    {
        "mahalle_id": "4_2",
        "mahalle_adi": "Koçallar Mah (ambarlık Köyü)",
        "posta_kodu": "53870"
    },
    {
        "mahalle_id": "89_2",
        "mahalle_adi": "Kocatepe Köyü",
        "posta_kodu": "53870"
    },
    {
        "mahalle_id": "3_6",
        "mahalle_adi": "Kokulukaya Mah (salarha Beldesi)",
        "posta_kodu": "53950"
    },
    {
        "mahalle_id": "6_5",
        "mahalle_adi": "Kömürcüler Mah (muradiye Beldesi)",
        "posta_kodu": "53970"
    },
    {
        "mahalle_id": "3_2",
        "mahalle_adi": "Konaklar Mah (ambarlık Köyü)",
        "posta_kodu": "53870"
    },
    {
        "mahalle_id": "72_2",
        "mahalle_adi": "Kop Mah (karasu Köyü)",
        "posta_kodu": "53870"
    },
    {
        "mahalle_id": "5_5",
        "mahalle_adi": "Köprübaşı Mah (muradiye Beldesi)",
        "posta_kodu": "53970"
    },
    {
        "mahalle_id": "86_2",
        "mahalle_adi": "Korutürk Mah (kırklartepesi Köyü)",
        "posta_kodu": "53870"
    },
    {
        "mahalle_id": "8_2",
        "mahalle_adi": "Koseler Mah (ambarlık Köyü)",
        "posta_kodu": "53870"
    },
    {
        "mahalle_id": "21_2",
        "mahalle_adi": "Köseler Mah (camidağı Köyü)",
        "posta_kodu": "53870"
    },
    {
        "mahalle_id": "40_2",
        "mahalle_adi": "Köseler Mah (derebaşı Köyü)",
        "posta_kodu": "53870"
    },
    {
        "mahalle_id": "23_3",
        "mahalle_adi": "Koşkoşlar Mah (ketenli Köyü)",
        "posta_kodu": "53800"
    },
    {
        "mahalle_id": "35_2",
        "mahalle_adi": "Kostanlar Mah (derebaşı Köyü)",
        "posta_kodu": "53870"
    },
    {
        "mahalle_id": "83_2",
        "mahalle_adi": "Kotos Mah (karayemiş Köyü)",
        "posta_kodu": "53870"
    },
    {
        "mahalle_id": "156_2",
        "mahalle_adi": "Koyuncular Mah (sütlüce Köyü)",
        "posta_kodu": "53870"
    },
    {
        "mahalle_id": "65_2",
        "mahalle_adi": "Kurs'tan İtibaren Mah (güzelköy Köyü)",
        "posta_kodu": "53870"
    },
    {
        "mahalle_id": "26_3",
        "mahalle_adi": "Kurtuluş Köyü",
        "posta_kodu": "53800"
    },
    {
        "mahalle_id": "16_2",
        "mahalle_adi": "Kutlular Mah (azaklıhoca Köyü)",
        "posta_kodu": "53870"
    },
    {
        "mahalle_id": "147_2",
        "mahalle_adi": "Manavlar Mah (yenikasarcılar Köyü)",
        "posta_kodu": "53870"
    },
    {
        "mahalle_id": "85_2",
        "mahalle_adi": "Menderes Mah (karayemiş Köyü)",
        "posta_kodu": "53870"
    },
    {
        "mahalle_id": "42_3",
        "mahalle_adi": "Meraller Mah (veliköy Köyü)",
        "posta_kodu": "53800"
    },
    {
        "mahalle_id": "2_3",
        "mahalle_adi": "Merkez Mah (akpınar Köyü)",
        "posta_kodu": "53800"
    },
    {
        "mahalle_id": "2_2",
        "mahalle_adi": "Merkez Mah (ambarlık Köyü)",
        "posta_kodu": "53870"
    },
    {
        "mahalle_id": "25_2",
        "mahalle_adi": "Merkez Mah (çaybaşı Köyü)",
        "posta_kodu": "53870"
    },
    {
        "mahalle_id": "33_2",
        "mahalle_adi": "Merkez Mah (derebaşı Köyü)",
        "posta_kodu": "53870"
    },
    {
        "mahalle_id": "49_2",
        "mahalle_adi": "Merkez Mah (elmalı Köyü)",
        "posta_kodu": "53870"
    },
    {
        "mahalle_id": "67_2",
        "mahalle_adi": "Merkez Mah (güzelyurt Köyü)",
        "posta_kodu": "53870"
    },
    {
        "mahalle_id": "71_2",
        "mahalle_adi": "Merkez Mah (karasu Köyü)",
        "posta_kodu": "53870"
    },
    {
        "mahalle_id": "80_2",
        "mahalle_adi": "Merkez Mah (karayemiş Köyü)",
        "posta_kodu": "53870"
    },
    {
        "mahalle_id": "88_2",
        "mahalle_adi": "Merkez Mah (kırklartepesi Köyü)",
        "posta_kodu": "53870"
    },
    {
        "mahalle_id": "91_2",
        "mahalle_adi": "Merkez Mah (köprülü Köyü)",
        "posta_kodu": "53870"
    },
    {
        "mahalle_id": "103_2",
        "mahalle_adi": "Merkez Mah (melek Köyü)",
        "posta_kodu": "53870"
    },
    {
        "mahalle_id": "114_2",
        "mahalle_adi": "Merkez Mah (pazarköy Köyü)",
        "posta_kodu": "53870"
    },
    {
        "mahalle_id": "120_2",
        "mahalle_adi": "Merkez Mah (sütlüce Köyü)",
        "posta_kodu": "53870"
    },
    {
        "mahalle_id": "126_2",
        "mahalle_adi": "Merkez Mah (taşköprü Köyü)",
        "posta_kodu": "53870"
    },
    {
        "mahalle_id": "43_3",
        "mahalle_adi": "Merkez Mah (veliköy Köyü)",
        "posta_kodu": "53800"
    },
    {
        "mahalle_id": "144_2",
        "mahalle_adi": "Merkez Mah (yemişlik Köyü)",
        "posta_kodu": "53870"
    },
    {
        "mahalle_id": "146_2",
        "mahalle_adi": "Merkez Mah (yenikasarcılar Köyü)",
        "posta_kodu": "53870"
    },
    {
        "mahalle_id": "70_2",
        "mahalle_adi": "Merkez-aşağı Mah (karasu Köyü)",
        "posta_kodu": "53870"
    },
    {
        "mahalle_id": "27_1",
        "mahalle_adi": "Mermerdelen Mah",
        "posta_kodu": "53020"
    },
    {
        "mahalle_id": "1_5",
        "mahalle_adi": "Mesudiye Mah (muradiye Beldesi)",
        "posta_kodu": "53970"
    },
    {
        "mahalle_id": "47_1",
        "mahalle_adi": "Mezra Mah",
        "posta_kodu": "53020"
    },
    {
        "mahalle_id": "34_3",
        "mahalle_adi": "Mezra Mah (söğütlü Köyü)",
        "posta_kodu": "53800"
    },
    {
        "mahalle_id": "139_2",
        "mahalle_adi": "Mezra Mah (üçkaya Köyü)",
        "posta_kodu": "53870"
    },
    {
        "mahalle_id": "9_3",
        "mahalle_adi": "Mollaahmetoğlu Mah (aktaş Köyü)",
        "posta_kodu": "53800"
    },
    {
        "mahalle_id": "4_6",
        "mahalle_adi": "Müderrisler Mah (salarha Beldesi)",
        "posta_kodu": "53950"
    },
    {
        "mahalle_id": "28_1",
        "mahalle_adi": "Müftü Mah",
        "posta_kodu": "53020"
    },
    {
        "mahalle_id": "118_2",
        "mahalle_adi": "Öksüzler Mah (sütlüce Köyü)",
        "posta_kodu": "53870"
    },
    {
        "mahalle_id": "109_2",
        "mahalle_adi": "Örnek Köyü",
        "posta_kodu": "53870"
    },
    {
        "mahalle_id": "21_3",
        "mahalle_adi": "Orsidi Mah (ketenli Köyü)",
        "posta_kodu": "53800"
    },
    {
        "mahalle_id": "15_2",
        "mahalle_adi": "Orta Mah (azaklıhoca Köyü)",
        "posta_kodu": "53870"
    },
    {
        "mahalle_id": "15_3",
        "mahalle_adi": "Orta Mah (balıkçılar Köyü)",
        "posta_kodu": "53800"
    },
    {
        "mahalle_id": "19_2",
        "mahalle_adi": "Orta Mah (camidağı Köyü)",
        "posta_kodu": "53870"
    },
    {
        "mahalle_id": "28_2",
        "mahalle_adi": "Orta Mah (çaybaşı Köyü)",
        "posta_kodu": "53870"
    },
    {
        "mahalle_id": "4_4",
        "mahalle_adi": "Orta Mah (kendirli Beldesi)",
        "posta_kodu": "53620"
    },
    {
        "mahalle_id": "87_2",
        "mahalle_adi": "Orta Mah (kırklartepesi Köyü)",
        "posta_kodu": "53870"
    },
    {
        "mahalle_id": "100_2",
        "mahalle_adi": "Orta Mah (küçükköy Köyü)",
        "posta_kodu": "53870"
    },
    {
        "mahalle_id": "28_3",
        "mahalle_adi": "Orta Mah (pekmezli Köyü)",
        "posta_kodu": "53800"
    },
    {
        "mahalle_id": "33_3",
        "mahalle_adi": "Orta Mah (söğütlü Köyü)",
        "posta_kodu": "53800"
    },
    {
        "mahalle_id": "122_2",
        "mahalle_adi": "Orta Mah (taşköprü Köyü)",
        "posta_kodu": "53870"
    },
    {
        "mahalle_id": "36_3",
        "mahalle_adi": "Orta Mah (taşpınar Köyü)",
        "posta_kodu": "53800"
    },
    {
        "mahalle_id": "137_2",
        "mahalle_adi": "Orta Mah (üçkaya Köyü)",
        "posta_kodu": "53870"
    },
    {
        "mahalle_id": "41_3",
        "mahalle_adi": "Orta Mah (veliköy Köyü)",
        "posta_kodu": "53800"
    },
    {
        "mahalle_id": "142_2",
        "mahalle_adi": "Orta Mah (yemişlik Köyü)",
        "posta_kodu": "53870"
    },
    {
        "mahalle_id": "2_5",
        "mahalle_adi": "Orta Muradiye Mah (muradiye Beldesi)",
        "posta_kodu": "53970"
    },
    {
        "mahalle_id": "108_2",
        "mahalle_adi": "Ortapazar Köyü",
        "posta_kodu": "53870"
    },
    {
        "mahalle_id": "14_3",
        "mahalle_adi": "Pandırlar Mah (balıkçılar Köyü)",
        "posta_kodu": "53800"
    },
    {
        "mahalle_id": "29_1",
        "mahalle_adi": "Paşakuyu Mah",
        "posta_kodu": "53020"
    },
    {
        "mahalle_id": "30_1",
        "mahalle_adi": "Pehlivan Mah",
        "posta_kodu": "53020"
    },
    {
        "mahalle_id": "31_1",
        "mahalle_adi": "Pehlivantaşı Mah",
        "posta_kodu": "53020"
    },
    {
        "mahalle_id": "32_1",
        "mahalle_adi": "Pilavdağı Mah",
        "posta_kodu": "53020"
    },
    {
        "mahalle_id": "29_3",
        "mahalle_adi": "Pınarbaşı Köyü",
        "posta_kodu": "53800"
    },
    {
        "mahalle_id": "33_1",
        "mahalle_adi": "Piriçelebi Mah",
        "posta_kodu": "53020"
    },
    {
        "mahalle_id": "34_1",
        "mahalle_adi": "Portakallık Mah",
        "posta_kodu": "53020"
    },
    {
        "mahalle_id": "35_1",
        "mahalle_adi": "Reşadiye Mah",
        "posta_kodu": "53020"
    },
    {
        "mahalle_id": "20_2",
        "mahalle_adi": "Sadıklar Mah (camidağı Köyü)",
        "posta_kodu": "53870"
    },
    {
        "mahalle_id": "10_2",
        "mahalle_adi": "Şahintepe Mah (ambarlık Köyü)",
        "posta_kodu": "53870"
    },
    {
        "mahalle_id": "4_3",
        "mahalle_adi": "Şairler Mah (akpınar Köyü)",
        "posta_kodu": "53800"
    },
    {
        "mahalle_id": "7_3",
        "mahalle_adi": "Şairtepe Mah (akpınar Köyü)",
        "posta_kodu": "53800"
    },
    {
        "mahalle_id": "7_2",
        "mahalle_adi": "Şehit Mah (ambarlık Köyü)",
        "posta_kodu": "53870"
    },
    {
        "mahalle_id": "115_2",
        "mahalle_adi": "Selimiye Köyü",
        "posta_kodu": "53870"
    },
    {
        "mahalle_id": "37_3",
        "mahalle_adi": "Şentepe Mah (taşpınar Köyü)",
        "posta_kodu": "53800"
    },
    {
        "mahalle_id": "61_2",
        "mahalle_adi": "Seyrantepe Mah (elmalı Köyü)",
        "posta_kodu": "53870"
    },
    {
        "mahalle_id": "66_2",
        "mahalle_adi": "Silyanlı Mah (güzelköy Köyü)",
        "posta_kodu": "53870"
    },
    {
        "mahalle_id": "8_6",
        "mahalle_adi": "Sırt Kasarcılar Mah (salarha Beldesi)",
        "posta_kodu": "53950"
    },
    {
        "mahalle_id": "26_2",
        "mahalle_adi": "Sırt Mah (çaybaşı Köyü)",
        "posta_kodu": "53870"
    },
    {
        "mahalle_id": "59_2",
        "mahalle_adi": "Sırt Mah (elmalı Köyü)",
        "posta_kodu": "53870"
    },
    {
        "mahalle_id": "78_2",
        "mahalle_adi": "Sırt Mah (karasu Köyü)",
        "posta_kodu": "53870"
    },
    {
        "mahalle_id": "5_4",
        "mahalle_adi": "Sırt Mah (kendirli Beldesi)",
        "posta_kodu": "53620"
    },
    {
        "mahalle_id": "48_3",
        "mahalle_adi": "Sırt Mah (yenikale Köyü)",
        "posta_kodu": "53800"
    },
    {
        "mahalle_id": "116_2",
        "mahalle_adi": "Soğukçeşme Köyü",
        "posta_kodu": "53870"
    },
    {
        "mahalle_id": "106_2",
        "mahalle_adi": "Soğuksu Mah (melek Köyü)",
        "posta_kodu": "53870"
    },
    {
        "mahalle_id": "4_5",
        "mahalle_adi": "Soğuksu Mah (muradiye Beldesi)",
        "posta_kodu": "53970"
    },
    {
        "mahalle_id": "155_2",
        "mahalle_adi": "Şöz Mah (zincirliköprü Köyü)",
        "posta_kodu": "53870"
    },
    {
        "mahalle_id": "30_2",
        "mahalle_adi": "Sukas Mah (çimenli Köyü)",
        "posta_kodu": "53870"
    },
    {
        "mahalle_id": "119_2",
        "mahalle_adi": "Taşerek Mah (sütlüce Köyü)",
        "posta_kodu": "53870"
    },
    {
        "mahalle_id": "48_1",
        "mahalle_adi": "Taşlıdere Mah",
        "posta_kodu": "53020"
    },
    {
        "mahalle_id": "35_3",
        "mahalle_adi": "Taşlık Köyü",
        "posta_kodu": "53800"
    },
    {
        "mahalle_id": "127_2",
        "mahalle_adi": "Tekke Köyü",
        "posta_kodu": "53870"
    },
    {
        "mahalle_id": "117_2",
        "mahalle_adi": "Tepe Üstü Mah (sütlüce Köyü)",
        "posta_kodu": "53870"
    },
    {
        "mahalle_id": "49_3",
        "mahalle_adi": "Timena Mah (yenikale Köyü)",
        "posta_kodu": "53800"
    },
    {
        "mahalle_id": "55_2",
        "mahalle_adi": "Topçular Mah (elmalı Köyü)",
        "posta_kodu": "53870"
    },
    {
        "mahalle_id": "36_1",
        "mahalle_adi": "Tophane Mah",
        "posta_kodu": "53020"
    },
    {
        "mahalle_id": "1_2",
        "mahalle_adi": "Türütler Mah (ambarlık Köyü)",
        "posta_kodu": "53870"
    },
    {
        "mahalle_id": "19_3",
        "mahalle_adi": "Üst Mah (boğaz Köyü)",
        "posta_kodu": "53800"
    },
    {
        "mahalle_id": "98_2",
        "mahalle_adi": "Üst Mah (küçükçayır Köyü)",
        "posta_kodu": "53870"
    },
    {
        "mahalle_id": "128_2",
        "mahalle_adi": "Üst Mah (topkaya Köyü)",
        "posta_kodu": "53870"
    },
    {
        "mahalle_id": "131_2",
        "mahalle_adi": "Üst Mah (tuğlalı Köyü)",
        "posta_kodu": "53870"
    },
    {
        "mahalle_id": "136_2",
        "mahalle_adi": "Üst Mah (üçkaya Köyü)",
        "posta_kodu": "53870"
    },
    {
        "mahalle_id": "5_6",
        "mahalle_adi": "Üzümlü Mah (salarha Beldesi)",
        "posta_kodu": "53950"
    },
    {
        "mahalle_id": "133_2",
        "mahalle_adi": "Uzunköy Köyü",
        "posta_kodu": "53870"
    },
    {
        "mahalle_id": "143_2",
        "mahalle_adi": "Uzunlar Mah (yemişlik Köyü)",
        "posta_kodu": "53870"
    },
    {
        "mahalle_id": "37_1",
        "mahalle_adi": "Yağlıtaş Mah",
        "posta_kodu": "53020"
    },
    {
        "mahalle_id": "107_2",
        "mahalle_adi": "Yağlıtaş Mah (melek Köyü)",
        "posta_kodu": "53870"
    },
    {
        "mahalle_id": "24_3",
        "mahalle_adi": "Yazıcılar Mah (merkez Mah) (ketenli Köyü)",
        "posta_kodu": "53800"
    },
    {
        "mahalle_id": "25_3",
        "mahalle_adi": "Yazıcılar Mah (ketenli Köyü)",
        "posta_kodu": "53800"
    },
    {
        "mahalle_id": "141_2",
        "mahalle_adi": "Yeni Mah (yemişlik Köyü)",
        "posta_kodu": "53870"
    },
    {
        "mahalle_id": "102_2",
        "mahalle_adi": "Yeni Melek Mah (melek Köyü)",
        "posta_kodu": "53870"
    },
    {
        "mahalle_id": "145_2",
        "mahalle_adi": "Yenigüzelköy Köyü",
        "posta_kodu": "53870"
    },
    {
        "mahalle_id": "39_1",
        "mahalle_adi": "Yeniköy Mah",
        "posta_kodu": "53020"
    },
    {
        "mahalle_id": "14_2",
        "mahalle_adi": "Yeniköy Mah (azaklıhoca Köyü)",
        "posta_kodu": "53870"
    },
    {
        "mahalle_id": "148_2",
        "mahalle_adi": "Yeniselimiye Köyü",
        "posta_kodu": "53870"
    },
    {
        "mahalle_id": "3_5",
        "mahalle_adi": "Yeşildere Mah (muradiye Beldesi)",
        "posta_kodu": "53970"
    },
    {
        "mahalle_id": "6_6",
        "mahalle_adi": "Yeşilılıca Mah (salarha Beldesi)",
        "posta_kodu": "53950"
    },
    {
        "mahalle_id": "39_3",
        "mahalle_adi": "Yeşilırmak Mah (taşpınar Köyü)",
        "posta_kodu": "53800"
    },
    {
        "mahalle_id": "53_2",
        "mahalle_adi": "Yeşilyurt Mah (elmalı Köyü)",
        "posta_kodu": "53870"
    },
    {
        "mahalle_id": "12_2",
        "mahalle_adi": "Yıldıztepe Mah (ambarlık Köyü)",
        "posta_kodu": "53870"
    },
    {
        "mahalle_id": "149_2",
        "mahalle_adi": "Yıldıztepe-güzeldere Mah (yeşildere Köyü)",
        "posta_kodu": "53870"
    },
    {
        "mahalle_id": "152_2",
        "mahalle_adi": "Yolüstü Köyü",
        "posta_kodu": "53870"
    },
    {
        "mahalle_id": "153_2",
        "mahalle_adi": "Yolveren Köyü",
        "posta_kodu": "53870"
    },
    {
        "mahalle_id": "31_3",
        "mahalle_adi": "Yukarı Karşı Mah (söğütlü Köyü)",
        "posta_kodu": "53800"
    },
    {
        "mahalle_id": "16_3",
        "mahalle_adi": "Yukarı Mah (balıkçılar Köyü)",
        "posta_kodu": "53800"
    },
    {
        "mahalle_id": "101_2",
        "mahalle_adi": "Yukarı Mah (küçükköy Köyü)",
        "posta_kodu": "53870"
    },
    {
        "mahalle_id": "30_3",
        "mahalle_adi": "Yukarı Mah (söğütlü Köyü)",
        "posta_kodu": "53800"
    },
    {
        "mahalle_id": "130_2",
        "mahalle_adi": "Yukarı Mah (topkaya Köyü)",
        "posta_kodu": "53870"
    }
]