[
    {
        "mahalle_id": "30_2",
        "mahalle_adi": "1 Mah (çobanlar Köyü)",
        "posta_kodu": "43302"
    },
    {
        "mahalle_id": "20_2",
        "mahalle_adi": "2 Mah (çaltılı Köyü)",
        "posta_kodu": "43302"
    },
    {
        "mahalle_id": "21_2",
        "mahalle_adi": "3 Mah (çaltılı Köyü)",
        "posta_kodu": "43302"
    },
    {
        "mahalle_id": "22_2",
        "mahalle_adi": "4 Mah (çaltılı Köyü)",
        "posta_kodu": "43302"
    },
    {
        "mahalle_id": "13_1",
        "mahalle_adi": "Ada Mah",
        "posta_kodu": "43300"
    },
    {
        "mahalle_id": "3_2",
        "mahalle_adi": "Ağaköy Köyü",
        "posta_kodu": "43302"
    },
    {
        "mahalle_id": "4_2",
        "mahalle_adi": "Akçaköy Köyü",
        "posta_kodu": "43302"
    },
    {
        "mahalle_id": "5_2",
        "mahalle_adi": "Akçaşehir Köyü",
        "posta_kodu": "43302"
    },
    {
        "mahalle_id": "23_2",
        "mahalle_adi": "Alabarda Köyü",
        "posta_kodu": "43302"
    },
    {
        "mahalle_id": "1_2",
        "mahalle_adi": "Aliköy-kemalsultan Mah (aliköy Köyü)",
        "posta_kodu": "43302"
    },
    {
        "mahalle_id": "2_2",
        "mahalle_adi": "Aliköy-zafer Mah (aliköy Köyü)",
        "posta_kodu": "43302"
    },
    {
        "mahalle_id": "40_2",
        "mahalle_adi": "Alpagut Mah (dudaş Köyü)",
        "posta_kodu": "43302"
    },
    {
        "mahalle_id": "6_2",
        "mahalle_adi": "Altınova Köyü",
        "posta_kodu": "43302"
    },
    {
        "mahalle_id": "9_2",
        "mahalle_adi": "Arifler Köyü",
        "posta_kodu": "43302"
    },
    {
        "mahalle_id": "10_2",
        "mahalle_adi": "Artıranlar Köyü",
        "posta_kodu": "43302"
    },
    {
        "mahalle_id": "11_2",
        "mahalle_adi": "Avcılar Köyü",
        "posta_kodu": "43302"
    },
    {
        "mahalle_id": "12_2",
        "mahalle_adi": "Aydınlar Köyü",
        "posta_kodu": "43302"
    },
    {
        "mahalle_id": "13_2",
        "mahalle_adi": "Ayvalı Köyü",
        "posta_kodu": "43302"
    },
    {
        "mahalle_id": "16_1",
        "mahalle_adi": "Bağlık Mah",
        "posta_kodu": "43300"
    },
    {
        "mahalle_id": "1_3",
        "mahalle_adi": "Balıköy-çıvgalar Mah (balıköy Beldesi)",
        "posta_kodu": "43410"
    },
    {
        "mahalle_id": "2_3",
        "mahalle_adi": "Balıköy-kadı Mah (balıköy Beldesi)",
        "posta_kodu": "43410"
    },
    {
        "mahalle_id": "4_3",
        "mahalle_adi": "Balıköy-karaşehir Mah (balıköy Beldesi)",
        "posta_kodu": "43410"
    },
    {
        "mahalle_id": "5_3",
        "mahalle_adi": "Balıköy-kışla Mah (balıköy Beldesi)",
        "posta_kodu": "43410"
    },
    {
        "mahalle_id": "3_3",
        "mahalle_adi": "Balıköy-merkez Mah (balıköy Beldesi)",
        "posta_kodu": "43410"
    },
    {
        "mahalle_id": "14_2",
        "mahalle_adi": "Başköy Köyü",
        "posta_kodu": "43302"
    },
    {
        "mahalle_id": "77_2",
        "mahalle_adi": "Benah Mah (kavaklı Köyü)",
        "posta_kodu": "43302"
    },
    {
        "mahalle_id": "19_1",
        "mahalle_adi": "Beyköy Mah",
        "posta_kodu": "43300"
    },
    {
        "mahalle_id": "15_2",
        "mahalle_adi": "Bozbelen Köyü",
        "posta_kodu": "43302"
    },
    {
        "mahalle_id": "16_2",
        "mahalle_adi": "Burhan Köyü",
        "posta_kodu": "43302"
    },
    {
        "mahalle_id": "17_2",
        "mahalle_adi": "Çakıllı Köyü",
        "posta_kodu": "43302"
    },
    {
        "mahalle_id": "18_2",
        "mahalle_adi": "Çaldibi Köyü",
        "posta_kodu": "43302"
    },
    {
        "mahalle_id": "19_2",
        "mahalle_adi": "Çaltılı Köyü",
        "posta_kodu": "43302"
    },
    {
        "mahalle_id": "12_1",
        "mahalle_adi": "Çardaklı Mah",
        "posta_kodu": "43300"
    },
    {
        "mahalle_id": "24_2",
        "mahalle_adi": "Çayırköy Köyü",
        "posta_kodu": "43302"
    },
    {
        "mahalle_id": "25_2",
        "mahalle_adi": "Çayıroluk Köyü",
        "posta_kodu": "43302"
    },
    {
        "mahalle_id": "55_2",
        "mahalle_adi": "Cevceller Mah (erikli Köyü)",
        "posta_kodu": "43302"
    },
    {
        "mahalle_id": "26_2",
        "mahalle_adi": "Çıkrıcak Köyü",
        "posta_kodu": "43302"
    },
    {
        "mahalle_id": "27_2",
        "mahalle_adi": "Çınarcık Köyü",
        "posta_kodu": "43302"
    },
    {
        "mahalle_id": "14_1",
        "mahalle_adi": "Çırçırçeşme Mah",
        "posta_kodu": "43300"
    },
    {
        "mahalle_id": "28_2",
        "mahalle_adi": "Çobanköy Köyü",
        "posta_kodu": "43302"
    },
    {
        "mahalle_id": "113_2",
        "mahalle_adi": "Çobanköy Osb Mah (çobanköy Köyü)",
        "posta_kodu": "43302"
    },
    {
        "mahalle_id": "29_2",
        "mahalle_adi": "Çobanlar Köyü",
        "posta_kodu": "43302"
    },
    {
        "mahalle_id": "69_2",
        "mahalle_adi": "Çukurca Mah (karakişi Köyü)",
        "posta_kodu": "43302"
    },
    {
        "mahalle_id": "17_1",
        "mahalle_adi": "Çukurköy Mah",
        "posta_kodu": "43300"
    },
    {
        "mahalle_id": "15_1",
        "mahalle_adi": "Dağçeşme Mah",
        "posta_kodu": "43300"
    },
    {
        "mahalle_id": "32_2",
        "mahalle_adi": "Dağdemirli Köyü",
        "posta_kodu": "43302"
    },
    {
        "mahalle_id": "18_1",
        "mahalle_adi": "Dedeler Mah",
        "posta_kodu": "43300"
    },
    {
        "mahalle_id": "33_2",
        "mahalle_adi": "Değirmisaz Köyü",
        "posta_kodu": "43302"
    },
    {
        "mahalle_id": "34_2",
        "mahalle_adi": "Derbent Köyü",
        "posta_kodu": "43302"
    },
    {
        "mahalle_id": "35_2",
        "mahalle_adi": "Derecik Köyü",
        "posta_kodu": "43302"
    },
    {
        "mahalle_id": "36_2",
        "mahalle_adi": "Devekayası Köyü",
        "posta_kodu": "43302"
    },
    {
        "mahalle_id": "37_2",
        "mahalle_adi": "Doğanlar Köyü",
        "posta_kodu": "43302"
    },
    {
        "mahalle_id": "38_2",
        "mahalle_adi": "Dudaş Köyü",
        "posta_kodu": "43302"
    },
    {
        "mahalle_id": "112_2",
        "mahalle_adi": "Dulkadir Mah (aliköy Köyü)",
        "posta_kodu": "43302"
    },
    {
        "mahalle_id": "42_2",
        "mahalle_adi": "Dümrekhüseyinpaşa Köyü",
        "posta_kodu": "43302"
    },
    {
        "mahalle_id": "43_2",
        "mahalle_adi": "Dümrekorta Köyü",
        "posta_kodu": "43302"
    },
    {
        "mahalle_id": "44_2",
        "mahalle_adi": "Dümrekuluköy Köyü",
        "posta_kodu": "43302"
    },
    {
        "mahalle_id": "3_1",
        "mahalle_adi": "Durak Mah",
        "posta_kodu": "43300"
    },
    {
        "mahalle_id": "41_2",
        "mahalle_adi": "Dutlar Köyü",
        "posta_kodu": "43302"
    },
    {
        "mahalle_id": "45_2",
        "mahalle_adi": "Eğriöz Köyü",
        "posta_kodu": "43302"
    },
    {
        "mahalle_id": "46_2",
        "mahalle_adi": "Elmaağacı Köyü",
        "posta_kodu": "43302"
    },
    {
        "mahalle_id": "47_2",
        "mahalle_adi": "Elmalı Köyü",
        "posta_kodu": "43302"
    },
    {
        "mahalle_id": "48_2",
        "mahalle_adi": "Emirler Köyü",
        "posta_kodu": "43302"
    },
    {
        "mahalle_id": "50_2",
        "mahalle_adi": "Erikli Köyü",
        "posta_kodu": "43302"
    },
    {
        "mahalle_id": "57_2",
        "mahalle_adi": "Eşen Köyü",
        "posta_kodu": "43302"
    },
    {
        "mahalle_id": "58_2",
        "mahalle_adi": "Gazelyakup Köyü",
        "posta_kodu": "43302"
    },
    {
        "mahalle_id": "59_2",
        "mahalle_adi": "Gevrekler Köyü",
        "posta_kodu": "43302"
    },
    {
        "mahalle_id": "60_2",
        "mahalle_adi": "Göbel Köyü",
        "posta_kodu": "43302"
    },
    {
        "mahalle_id": "61_2",
        "mahalle_adi": "Gökçeyurt Köyü",
        "posta_kodu": "43302"
    },
    {
        "mahalle_id": "62_2",
        "mahalle_adi": "Gölcük Köyü",
        "posta_kodu": "43302"
    },
    {
        "mahalle_id": "63_2",
        "mahalle_adi": "Gümüşgölcük Köyü",
        "posta_kodu": "43302"
    },
    {
        "mahalle_id": "64_2",
        "mahalle_adi": "Gümüşyeniköy Köyü",
        "posta_kodu": "43302"
    },
    {
        "mahalle_id": "7_6",
        "mahalle_adi": "Gürağaç Cevizli Mah (tunçbilek Beldesi)",
        "posta_kodu": "43900"
    },
    {
        "mahalle_id": "8_6",
        "mahalle_adi": "Gürağaç Çınar Mah (tunçbilek Beldesi)",
        "posta_kodu": "43900"
    },
    {
        "mahalle_id": "31_2",
        "mahalle_adi": "Gürepınar Mah (çobanlar Köyü)",
        "posta_kodu": "43302"
    },
    {
        "mahalle_id": "8_2",
        "mahalle_adi": "Halil İbrahimler Mah (altınova Köyü)",
        "posta_kodu": "43302"
    },
    {
        "mahalle_id": "7_1",
        "mahalle_adi": "Hanımçeşme Mah",
        "posta_kodu": "43300"
    },
    {
        "mahalle_id": "53_2",
        "mahalle_adi": "Haşhaşlık Mah (çiftlik Mah) (erikli Köyü)",
        "posta_kodu": "43302"
    },
    {
        "mahalle_id": "65_2",
        "mahalle_adi": "İsaköy Köyü",
        "posta_kodu": "43302"
    },
    {
        "mahalle_id": "49_2",
        "mahalle_adi": "İstasyon Altı Mah (emirler Köyü)",
        "posta_kodu": "43302"
    },
    {
        "mahalle_id": "6_1",
        "mahalle_adi": "İstasyon Mah",
        "posta_kodu": "43300"
    },
    {
        "mahalle_id": "83_2",
        "mahalle_adi": "İstasyon Mah (kızılbük Köyü)",
        "posta_kodu": "43302"
    },
    {
        "mahalle_id": "87_2",
        "mahalle_adi": "Karaali Mah (kocayeri Köyü)",
        "posta_kodu": "43302"
    },
    {
        "mahalle_id": "66_2",
        "mahalle_adi": "Karacakaş Köyü",
        "posta_kodu": "43302"
    },
    {
        "mahalle_id": "67_2",
        "mahalle_adi": "Karakaya Köyü",
        "posta_kodu": "43302"
    },
    {
        "mahalle_id": "68_2",
        "mahalle_adi": "Karakişi Köyü",
        "posta_kodu": "43302"
    },
    {
        "mahalle_id": "9_1",
        "mahalle_adi": "Karakova Mah",
        "posta_kodu": "43300"
    },
    {
        "mahalle_id": "70_2",
        "mahalle_adi": "Karaköy Köyü",
        "posta_kodu": "43302"
    },
    {
        "mahalle_id": "71_2",
        "mahalle_adi": "Karapelit Köyü",
        "posta_kodu": "43302"
    },
    {
        "mahalle_id": "72_2",
        "mahalle_adi": "Karcık Köyü",
        "posta_kodu": "43302"
    },
    {
        "mahalle_id": "73_2",
        "mahalle_adi": "Kargılı Köyü",
        "posta_kodu": "43302"
    },
    {
        "mahalle_id": "74_2",
        "mahalle_adi": "Karlı Köyü",
        "posta_kodu": "43302"
    },
    {
        "mahalle_id": "39_2",
        "mahalle_adi": "Karşıyaka Mah (dudaş Köyü)",
        "posta_kodu": "43302"
    },
    {
        "mahalle_id": "76_2",
        "mahalle_adi": "Kavaklı Köyü",
        "posta_kodu": "43302"
    },
    {
        "mahalle_id": "2_1",
        "mahalle_adi": "Kavaklı Mah",
        "posta_kodu": "43300"
    },
    {
        "mahalle_id": "78_2",
        "mahalle_adi": "Kayaarası Köyü",
        "posta_kodu": "43302"
    },
    {
        "mahalle_id": "79_2",
        "mahalle_adi": "Kayı Köyü",
        "posta_kodu": "43302"
    },
    {
        "mahalle_id": "80_2",
        "mahalle_adi": "Kırkkavak Köyü",
        "posta_kodu": "43302"
    },
    {
        "mahalle_id": "81_2",
        "mahalle_adi": "Kışlademirli Köyü",
        "posta_kodu": "43302"
    },
    {
        "mahalle_id": "51_2",
        "mahalle_adi": "Kızılarman Mah (tabaklı Mah) (erikli Köyü)",
        "posta_kodu": "43302"
    },
    {
        "mahalle_id": "82_2",
        "mahalle_adi": "Kızılbük Köyü",
        "posta_kodu": "43302"
    },
    {
        "mahalle_id": "85_2",
        "mahalle_adi": "Kızılçukur Köyü",
        "posta_kodu": "43302"
    },
    {
        "mahalle_id": "86_2",
        "mahalle_adi": "Kocayeri Köyü",
        "posta_kodu": "43302"
    },
    {
        "mahalle_id": "84_2",
        "mahalle_adi": "Kömür İşletmesi Mah (kızılbük Köyü)",
        "posta_kodu": "43302"
    },
    {
        "mahalle_id": "89_2",
        "mahalle_adi": "Köprücek Köyü",
        "posta_kodu": "43302"
    },
    {
        "mahalle_id": "90_2",
        "mahalle_adi": "Köreken Köyü",
        "posta_kodu": "43302"
    },
    {
        "mahalle_id": "91_2",
        "mahalle_adi": "Köseler Köyü",
        "posta_kodu": "43302"
    },
    {
        "mahalle_id": "88_2",
        "mahalle_adi": "Kozluca Köyü",
        "posta_kodu": "43302"
    },
    {
        "mahalle_id": "3_4",
        "mahalle_adi": "Kuruçay-güzelyurt Mah (kuruçay Beldesi)",
        "posta_kodu": "43463"
    },
    {
        "mahalle_id": "1_4",
        "mahalle_adi": "Kuruçay-kocapınar Mah (kuruçay Beldesi)",
        "posta_kodu": "43463"
    },
    {
        "mahalle_id": "2_4",
        "mahalle_adi": "Kuruçay-ören Mah (kuruçay Beldesi)",
        "posta_kodu": "43463"
    },
    {
        "mahalle_id": "92_2",
        "mahalle_adi": "Madanlar Köyü",
        "posta_kodu": "43302"
    },
    {
        "mahalle_id": "106_2",
        "mahalle_adi": "Madanlar Mah (üyücek Köyü)",
        "posta_kodu": "43302"
    },
    {
        "mahalle_id": "56_2",
        "mahalle_adi": "Mehmet Eminler Mah (erikli Köyü)",
        "posta_kodu": "43302"
    },
    {
        "mahalle_id": "5_1",
        "mahalle_adi": "Moymul Mah",
        "posta_kodu": "43300"
    },
    {
        "mahalle_id": "93_2",
        "mahalle_adi": "Nusretler Köyü",
        "posta_kodu": "43302"
    },
    {
        "mahalle_id": "96_2",
        "mahalle_adi": "Öksüzler Köyü",
        "posta_kodu": "43302"
    },
    {
        "mahalle_id": "11_1",
        "mahalle_adi": "Ömerbey Mah",
        "posta_kodu": "43300"
    },
    {
        "mahalle_id": "94_2",
        "mahalle_adi": "Opanözü Köyü",
        "posta_kodu": "43302"
    },
    {
        "mahalle_id": "97_2",
        "mahalle_adi": "Ören Köyü",
        "posta_kodu": "43302"
    },
    {
        "mahalle_id": "95_2",
        "mahalle_adi": "Ovacık Köyü",
        "posta_kodu": "43302"
    },
    {
        "mahalle_id": "75_2",
        "mahalle_adi": "Paçasızlar Mah (karlı Köyü)",
        "posta_kodu": "43302"
    },
    {
        "mahalle_id": "99_2",
        "mahalle_adi": "Şahin Köyü",
        "posta_kodu": "43302"
    },
    {
        "mahalle_id": "100_2",
        "mahalle_adi": "Şahmelek Köyü",
        "posta_kodu": "43302"
    },
    {
        "mahalle_id": "52_2",
        "mahalle_adi": "Samaklı Mah (erikli Köyü)",
        "posta_kodu": "43302"
    },
    {
        "mahalle_id": "101_2",
        "mahalle_adi": "Şapçı Köyü",
        "posta_kodu": "43302"
    },
    {
        "mahalle_id": "102_2",
        "mahalle_adi": "Şapçıdede Köyü",
        "posta_kodu": "43302"
    },
    {
        "mahalle_id": "98_2",
        "mahalle_adi": "Sekbandemirli Köyü",
        "posta_kodu": "43302"
    },
    {
        "mahalle_id": "103_2",
        "mahalle_adi": "Şenlik Köyü",
        "posta_kodu": "43302"
    },
    {
        "mahalle_id": "6_3",
        "mahalle_adi": "Soluganlar Mah (balıköy Beldesi)",
        "posta_kodu": "43410"
    },
    {
        "mahalle_id": "8_1",
        "mahalle_adi": "Subaşı Mah",
        "posta_kodu": "43300"
    },
    {
        "mahalle_id": "54_2",
        "mahalle_adi": "Taşdibi Mah (erikli Köyü)",
        "posta_kodu": "43302"
    },
    {
        "mahalle_id": "1_5",
        "mahalle_adi": "Tepecik-aşağı Mah (tepecik Beldesi)",
        "posta_kodu": "43465"
    },
    {
        "mahalle_id": "2_5",
        "mahalle_adi": "Tepecik-orta Mah (tepecik Beldesi)",
        "posta_kodu": "43465"
    },
    {
        "mahalle_id": "3_5",
        "mahalle_adi": "Tepecik-yukarı Mah (tepecik Beldesi)",
        "posta_kodu": "43465"
    },
    {
        "mahalle_id": "7_2",
        "mahalle_adi": "Topallar Mah (altınova Köyü)",
        "posta_kodu": "43302"
    },
    {
        "mahalle_id": "5_6",
        "mahalle_adi": "Tunçbilek Merkez Mah (tunçbilek Beldesi)",
        "posta_kodu": "43900"
    },
    {
        "mahalle_id": "1_6",
        "mahalle_adi": "Tunçbilek-çamaltı Mah (tunçbilek Beldesi)",
        "posta_kodu": "43900"
    },
    {
        "mahalle_id": "6_6",
        "mahalle_adi": "Tunçbilek-demirbilek Mah (tunçbilek Beldesi)",
        "posta_kodu": "43900"
    },
    {
        "mahalle_id": "2_6",
        "mahalle_adi": "Tunçbilek-hamitabat Mah (tunçbilek Beldesi)",
        "posta_kodu": "43900"
    },
    {
        "mahalle_id": "3_6",
        "mahalle_adi": "Tunçbilek-ışık Mah (tunçbilek Beldesi)",
        "posta_kodu": "43900"
    },
    {
        "mahalle_id": "4_6",
        "mahalle_adi": "Tunçbilek-köprübaşı Mah (tunçbilek Beldesi)",
        "posta_kodu": "43900"
    },
    {
        "mahalle_id": "104_2",
        "mahalle_adi": "Uluçam Köyü",
        "posta_kodu": "43302"
    },
    {
        "mahalle_id": "1_1",
        "mahalle_adi": "Ulucami Mah",
        "posta_kodu": "43300"
    },
    {
        "mahalle_id": "105_2",
        "mahalle_adi": "Üyücek Köyü",
        "posta_kodu": "43302"
    },
    {
        "mahalle_id": "107_2",
        "mahalle_adi": "Vakıf Köyü",
        "posta_kodu": "43302"
    },
    {
        "mahalle_id": "108_2",
        "mahalle_adi": "Yağmurlu Köyü",
        "posta_kodu": "43302"
    },
    {
        "mahalle_id": "109_2",
        "mahalle_adi": "Yataklı Köyü",
        "posta_kodu": "43302"
    },
    {
        "mahalle_id": "4_1",
        "mahalle_adi": "Yeni Mah",
        "posta_kodu": "43300"
    },
    {
        "mahalle_id": "110_2",
        "mahalle_adi": "Yeniköy Köyü",
        "posta_kodu": "43302"
    },
    {
        "mahalle_id": "10_1",
        "mahalle_adi": "Yıldırım Beyazıt Mah",
        "posta_kodu": "43300"
    },
    {
        "mahalle_id": "111_2",
        "mahalle_adi": "Yörgüç Köyü",
        "posta_kodu": "43302"
    }
]