[
    {
        "mahalle_id": "97_4",
        "mahalle_adi": "Abacı Köyü",
        "posta_kodu": "05220"
    },
    {
        "mahalle_id": "46_4",
        "mahalle_adi": "Ağıllar Mah (mahmatlar Köyü)",
        "posta_kodu": "05220"
    },
    {
        "mahalle_id": "148_4",
        "mahalle_adi": "Ahmet Koltuğu Mah (yeşildere Köyü)",
        "posta_kodu": "05220"
    },
    {
        "mahalle_id": "1_1",
        "mahalle_adi": "Akbilek Mah",
        "posta_kodu": "05100"
    },
    {
        "mahalle_id": "11_4",
        "mahalle_adi": "Aksalur Köyü",
        "posta_kodu": "05220"
    },
    {
        "mahalle_id": "65_4",
        "mahalle_adi": "Aktaş Köyü",
        "posta_kodu": "05220"
    },
    {
        "mahalle_id": "14_4",
        "mahalle_adi": "Akyazı Köyü",
        "posta_kodu": "05220"
    },
    {
        "mahalle_id": "15_4",
        "mahalle_adi": "Alakadı Köyü",
        "posta_kodu": "05220"
    },
    {
        "mahalle_id": "101_4",
        "mahalle_adi": "Alan Mah (avşar Köyü)",
        "posta_kodu": "05220"
    },
    {
        "mahalle_id": "144_4",
        "mahalle_adi": "Alaşık Mah (yağcıabdal Köyü)",
        "posta_kodu": "05220"
    },
    {
        "mahalle_id": "98_4",
        "mahalle_adi": "Albayrak Köyü",
        "posta_kodu": "05220"
    },
    {
        "mahalle_id": "16_4",
        "mahalle_adi": "Ardıçlar Köyü",
        "posta_kodu": "05220"
    },
    {
        "mahalle_id": "1_5",
        "mahalle_adi": "Aşağı Mah (ziyaret Beldesi)",
        "posta_kodu": "05240"
    },
    {
        "mahalle_id": "99_4",
        "mahalle_adi": "Atatürk Mah (albayrak Köyü)",
        "posta_kodu": "05220"
    },
    {
        "mahalle_id": "100_4",
        "mahalle_adi": "Avşar Köyü",
        "posta_kodu": "05220"
    },
    {
        "mahalle_id": "17_4",
        "mahalle_adi": "Aydınlık Köyü",
        "posta_kodu": "05220"
    },
    {
        "mahalle_id": "18_4",
        "mahalle_adi": "Aydoğdu Köyü",
        "posta_kodu": "05220"
    },
    {
        "mahalle_id": "19_4",
        "mahalle_adi": "Bağlarüstü Köyü",
        "posta_kodu": "05220"
    },
    {
        "mahalle_id": "165_4",
        "mahalle_adi": "Bağlarüstü Mah (bağlarüstü Köyü)",
        "posta_kodu": "05220"
    },
    {
        "mahalle_id": "79_4",
        "mahalle_adi": "Bağlıca Köyü",
        "posta_kodu": "05220"
    },
    {
        "mahalle_id": "157_4",
        "mahalle_adi": "Bağlıca Mah (bağlıca Köyü)",
        "posta_kodu": "05220"
    },
    {
        "mahalle_id": "80_4",
        "mahalle_adi": "Bağlıcaosb Mah (bağlıca Köyü)",
        "posta_kodu": "05220"
    },
    {
        "mahalle_id": "145_4",
        "mahalle_adi": "Bahçeleraltı Mah (yağcıabdal Köyü)",
        "posta_kodu": "05220"
    },
    {
        "mahalle_id": "1_2",
        "mahalle_adi": "Bahçeleriçi Mah",
        "posta_kodu": "05200"
    },
    {
        "mahalle_id": "103_4",
        "mahalle_adi": "Bayat Köyü",
        "posta_kodu": "05220"
    },
    {
        "mahalle_id": "81_4",
        "mahalle_adi": "Beke Köyü",
        "posta_kodu": "05220"
    },
    {
        "mahalle_id": "104_4",
        "mahalle_adi": "Beldağı Köyü",
        "posta_kodu": "05220"
    },
    {
        "mahalle_id": "38_4",
        "mahalle_adi": "Belmebük Mah (karaköprü Köyü)",
        "posta_kodu": "05220"
    },
    {
        "mahalle_id": "2_2",
        "mahalle_adi": "Beyazıtpaşa Mah",
        "posta_kodu": "05200"
    },
    {
        "mahalle_id": "83_4",
        "mahalle_adi": "Boğaköy Köyü",
        "posta_kodu": "05220"
    },
    {
        "mahalle_id": "22_1",
        "mahalle_adi": "Boğazköy Mah",
        "posta_kodu": "05100"
    },
    {
        "mahalle_id": "105_4",
        "mahalle_adi": "Böke Köyü",
        "posta_kodu": "05220"
    },
    {
        "mahalle_id": "20_4",
        "mahalle_adi": "Bulduklu Köyü",
        "posta_kodu": "05220"
    },
    {
        "mahalle_id": "42_4",
        "mahalle_adi": "Büyükkızılca Köyü",
        "posta_kodu": "05220"
    },
    {
        "mahalle_id": "2_1",
        "mahalle_adi": "Çakallar Mah",
        "posta_kodu": "05100"
    },
    {
        "mahalle_id": "142_4",
        "mahalle_adi": "Çanaklı Mah (yağcıabdal Köyü)",
        "posta_kodu": "05220"
    },
    {
        "mahalle_id": "106_4",
        "mahalle_adi": "Çatalçam Köyü",
        "posta_kodu": "05220"
    },
    {
        "mahalle_id": "84_4",
        "mahalle_adi": "Çavuş Köyü",
        "posta_kodu": "05220"
    },
    {
        "mahalle_id": "12_4",
        "mahalle_adi": "Çay Köyü Mah (aksalur Köyü)",
        "posta_kodu": "05220"
    },
    {
        "mahalle_id": "124_4",
        "mahalle_adi": "Çaydere Mah (sarıalan Köyü)",
        "posta_kodu": "05220"
    },
    {
        "mahalle_id": "115_4",
        "mahalle_adi": "Çengel Mah (karaibrahim Köyü)",
        "posta_kodu": "05220"
    },
    {
        "mahalle_id": "107_4",
        "mahalle_adi": "Çengelkayı Köyü",
        "posta_kodu": "05220"
    },
    {
        "mahalle_id": "64_4",
        "mahalle_adi": "Çiğdemlik Köyü",
        "posta_kodu": "05220"
    },
    {
        "mahalle_id": "139_4",
        "mahalle_adi": "Çıtırın Çördük Mah (yağcıabdal Köyü)",
        "posta_kodu": "05220"
    },
    {
        "mahalle_id": "21_4",
        "mahalle_adi": "Çivi Köyü",
        "posta_kodu": "05220"
    },
    {
        "mahalle_id": "23_4",
        "mahalle_adi": "Dadı Köyü",
        "posta_kodu": "05220"
    },
    {
        "mahalle_id": "26_4",
        "mahalle_adi": "Damudere Köyü",
        "posta_kodu": "05220"
    },
    {
        "mahalle_id": "27_4",
        "mahalle_adi": "Değirmendere Köyü",
        "posta_kodu": "05220"
    },
    {
        "mahalle_id": "17_1",
        "mahalle_adi": "Demet Evler Mah",
        "posta_kodu": "05100"
    },
    {
        "mahalle_id": "3_1",
        "mahalle_adi": "Dere Mah",
        "posta_kodu": "05100"
    },
    {
        "mahalle_id": "143_4",
        "mahalle_adi": "Dikmenardı Mah (yağcıabdal Köyü)",
        "posta_kodu": "05220"
    },
    {
        "mahalle_id": "24_4",
        "mahalle_adi": "Dikyol Mah (damudere Köyü)",
        "posta_kodu": "05220"
    },
    {
        "mahalle_id": "66_4",
        "mahalle_adi": "Direkli Köyü",
        "posta_kodu": "05220"
    },
    {
        "mahalle_id": "71_4",
        "mahalle_adi": "Dirgen Mah (kızılkışlacık Köyü)",
        "posta_kodu": "05220"
    },
    {
        "mahalle_id": "28_4",
        "mahalle_adi": "Duruca Köyü",
        "posta_kodu": "05220"
    },
    {
        "mahalle_id": "29_4",
        "mahalle_adi": "Eliktekke Köyü",
        "posta_kodu": "05220"
    },
    {
        "mahalle_id": "3_2",
        "mahalle_adi": "Ellibeşevler Mah",
        "posta_kodu": "05200"
    },
    {
        "mahalle_id": "141_4",
        "mahalle_adi": "Erikli Mah (yağcıabdal Köyü)",
        "posta_kodu": "05220"
    },
    {
        "mahalle_id": "3_4",
        "mahalle_adi": "Erkonaş Mah (yassıçal Köyü)",
        "posta_kodu": "05220"
    },
    {
        "mahalle_id": "60_4",
        "mahalle_adi": "Ermiş Köyü",
        "posta_kodu": "05220"
    },
    {
        "mahalle_id": "160_4",
        "mahalle_adi": "Eski Ardıçlar Mah (ardıçlar Köyü)",
        "posta_kodu": "05220"
    },
    {
        "mahalle_id": "109_4",
        "mahalle_adi": "Eskikızılca Köyü",
        "posta_kodu": "05220"
    },
    {
        "mahalle_id": "4_1",
        "mahalle_adi": "Fethiye Mah",
        "posta_kodu": "05100"
    },
    {
        "mahalle_id": "4_4",
        "mahalle_adi": "Filingirler Mah (yassıçal Köyü)",
        "posta_kodu": "05220"
    },
    {
        "mahalle_id": "19_1",
        "mahalle_adi": "Fındıklı Mah",
        "posta_kodu": "05100"
    },
    {
        "mahalle_id": "67_4",
        "mahalle_adi": "Fındıklı Mah (direkli Köyü)",
        "posta_kodu": "05220"
    },
    {
        "mahalle_id": "78_4",
        "mahalle_adi": "Gerne Köyü",
        "posta_kodu": "05220"
    },
    {
        "mahalle_id": "155_4",
        "mahalle_adi": "Geygeler Mah (kızoğlu Köyü)",
        "posta_kodu": "05220"
    },
    {
        "mahalle_id": "85_4",
        "mahalle_adi": "Gökdere Köyü",
        "posta_kodu": "05220"
    },
    {
        "mahalle_id": "6_4",
        "mahalle_adi": "Gökhöyük Mah (doğantepe Köyü)",
        "posta_kodu": "05220"
    },
    {
        "mahalle_id": "5_1",
        "mahalle_adi": "Gökmedrese Mah",
        "posta_kodu": "05100"
    },
    {
        "mahalle_id": "4_2",
        "mahalle_adi": "Göllü Bağları Mah",
        "posta_kodu": "05200"
    },
    {
        "mahalle_id": "5_4",
        "mahalle_adi": "Gölönü Mah (yassıçal Köyü)",
        "posta_kodu": "05220"
    },
    {
        "mahalle_id": "86_4",
        "mahalle_adi": "Gözlek Köyü",
        "posta_kodu": "05220"
    },
    {
        "mahalle_id": "5_2",
        "mahalle_adi": "Gümüşlü Mah",
        "posta_kodu": "05200"
    },
    {
        "mahalle_id": "6_1",
        "mahalle_adi": "Hacı İlyas Mah",
        "posta_kodu": "05100"
    },
    {
        "mahalle_id": "7_1",
        "mahalle_adi": "Hacılar Meydanı Mah",
        "posta_kodu": "05100"
    },
    {
        "mahalle_id": "110_4",
        "mahalle_adi": "Halifeli Köyü",
        "posta_kodu": "05220"
    },
    {
        "mahalle_id": "94_4",
        "mahalle_adi": "Hamdi Apaydın Çifliği Mah (oluz Köyü)",
        "posta_kodu": "05220"
    },
    {
        "mahalle_id": "108_4",
        "mahalle_adi": "Han Mah (çengelkayı Köyü)",
        "posta_kodu": "05220"
    },
    {
        "mahalle_id": "111_4",
        "mahalle_adi": "Hasabdal Köyü",
        "posta_kodu": "05220"
    },
    {
        "mahalle_id": "51_4",
        "mahalle_adi": "Hatun Pınarı Mah (musaköy Köyü)",
        "posta_kodu": "05220"
    },
    {
        "mahalle_id": "8_1",
        "mahalle_adi": "Hatuniye Mah",
        "posta_kodu": "05100"
    },
    {
        "mahalle_id": "9_1",
        "mahalle_adi": "Helvacı Mah",
        "posta_kodu": "05100"
    },
    {
        "mahalle_id": "10_1",
        "mahalle_adi": "Hızırpaşa Mah",
        "posta_kodu": "05100"
    },
    {
        "mahalle_id": "112_4",
        "mahalle_adi": "İbecik Köyü",
        "posta_kodu": "05220"
    },
    {
        "mahalle_id": "126_4",
        "mahalle_adi": "İbonun Ağıl Mah (sarıkız Köyü)",
        "posta_kodu": "05220"
    },
    {
        "mahalle_id": "6_2",
        "mahalle_adi": "İhsaniye Mah",
        "posta_kodu": "05200"
    },
    {
        "mahalle_id": "87_4",
        "mahalle_adi": "İlgazi Köyü",
        "posta_kodu": "05220"
    },
    {
        "mahalle_id": "31_4",
        "mahalle_adi": "İlyas Köyü",
        "posta_kodu": "05220"
    },
    {
        "mahalle_id": "1_4",
        "mahalle_adi": "İnönü Mah (uygur Köyü)",
        "posta_kodu": "05220"
    },
    {
        "mahalle_id": "32_4",
        "mahalle_adi": "İpekköy Köyü",
        "posta_kodu": "05220"
    },
    {
        "mahalle_id": "154_4",
        "mahalle_adi": "İstasyon Mah (kızoğlu Köyü)",
        "posta_kodu": "05220"
    },
    {
        "mahalle_id": "140_4",
        "mahalle_adi": "Kabaardıç Mah (yağcıabdal Köyü)",
        "posta_kodu": "05220"
    },
    {
        "mahalle_id": "130_4",
        "mahalle_adi": "Kadirgilin Ağıl Mah (sarıkız Köyü)",
        "posta_kodu": "05220"
    },
    {
        "mahalle_id": "88_4",
        "mahalle_adi": "Kaleboğazı Köyü",
        "posta_kodu": "05220"
    },
    {
        "mahalle_id": "34_4",
        "mahalle_adi": "Kaleköy Köyü",
        "posta_kodu": "05220"
    },
    {
        "mahalle_id": "35_4",
        "mahalle_adi": "Kapıkaya Köyü",
        "posta_kodu": "05220"
    },
    {
        "mahalle_id": "156_4",
        "mahalle_adi": "Kapıkaya Mah (kapıkaya Köyü)",
        "posta_kodu": "05220"
    },
    {
        "mahalle_id": "113_4",
        "mahalle_adi": "Karaali Köyü",
        "posta_kodu": "05220"
    },
    {
        "mahalle_id": "33_4",
        "mahalle_adi": "Karaçalılık Mah (ipekköy Köyü)",
        "posta_kodu": "05220"
    },
    {
        "mahalle_id": "36_4",
        "mahalle_adi": "Karaçavuş Köyü",
        "posta_kodu": "05220"
    },
    {
        "mahalle_id": "58_4",
        "mahalle_adi": "Karadut Mah (sevincer Köyü)",
        "posta_kodu": "05220"
    },
    {
        "mahalle_id": "114_4",
        "mahalle_adi": "Karaibrahim Köyü",
        "posta_kodu": "05220"
    },
    {
        "mahalle_id": "147_4",
        "mahalle_adi": "Karakaya Mah (yeşildere Köyü)",
        "posta_kodu": "05220"
    },
    {
        "mahalle_id": "68_4",
        "mahalle_adi": "Karakese Köyü",
        "posta_kodu": "05220"
    },
    {
        "mahalle_id": "1_3",
        "mahalle_adi": "Karasenir Mah",
        "posta_kodu": "05110"
    },
    {
        "mahalle_id": "25_4",
        "mahalle_adi": "Karasu Mah (damudere Köyü)",
        "posta_kodu": "05220"
    },
    {
        "mahalle_id": "117_4",
        "mahalle_adi": "Karataş Köyü",
        "posta_kodu": "05220"
    },
    {
        "mahalle_id": "118_4",
        "mahalle_adi": "Karsan Köyü",
        "posta_kodu": "05220"
    },
    {
        "mahalle_id": "7_4",
        "mahalle_adi": "Karşıyaka Mah (doğantepe Köyü)",
        "posta_kodu": "05220"
    },
    {
        "mahalle_id": "82_4",
        "mahalle_adi": "Kaşka Mah (boğaköy Köyü)",
        "posta_kodu": "05220"
    },
    {
        "mahalle_id": "30_4",
        "mahalle_adi": "Kavaklıağıl Mah (ilyas Köyü)",
        "posta_kodu": "05220"
    },
    {
        "mahalle_id": "73_4",
        "mahalle_adi": "Kavalan Çayı Mah (kızılkışlacık Köyü)",
        "posta_kodu": "05220"
    },
    {
        "mahalle_id": "39_4",
        "mahalle_adi": "Kayabaşı Köyü",
        "posta_kodu": "05220"
    },
    {
        "mahalle_id": "89_4",
        "mahalle_adi": "Kayacık Köyü",
        "posta_kodu": "05220"
    },
    {
        "mahalle_id": "102_4",
        "mahalle_adi": "Kayadibi Mah (avşar Köyü)",
        "posta_kodu": "05220"
    },
    {
        "mahalle_id": "40_4",
        "mahalle_adi": "Kayrak Köyü",
        "posta_kodu": "05220"
    },
    {
        "mahalle_id": "161_4",
        "mahalle_adi": "Kazanasmaz Mah (ardıçlar Köyü)",
        "posta_kodu": "05220"
    },
    {
        "mahalle_id": "44_4",
        "mahalle_adi": "Kazanasmaz Mah (kutu Köyü)",
        "posta_kodu": "05220"
    },
    {
        "mahalle_id": "119_4",
        "mahalle_adi": "Keçili Köyü",
        "posta_kodu": "05220"
    },
    {
        "mahalle_id": "72_4",
        "mahalle_adi": "Keltir Mah (kızılkışlacık Köyü)",
        "posta_kodu": "05220"
    },
    {
        "mahalle_id": "120_4",
        "mahalle_adi": "Keşlik Köyü",
        "posta_kodu": "05220"
    },
    {
        "mahalle_id": "7_2",
        "mahalle_adi": "Kirazlıdere Mah",
        "posta_kodu": "05200"
    },
    {
        "mahalle_id": "164_4",
        "mahalle_adi": "Kirazpınarı Mah (ardıçlar Köyü)",
        "posta_kodu": "05220"
    },
    {
        "mahalle_id": "69_4",
        "mahalle_adi": "Kızılkışlacık Köyü",
        "posta_kodu": "05220"
    },
    {
        "mahalle_id": "153_4",
        "mahalle_adi": "Kızoğlu Köyü",
        "posta_kodu": "05220"
    },
    {
        "mahalle_id": "74_4",
        "mahalle_adi": "Kızseki Köyü",
        "posta_kodu": "05220"
    },
    {
        "mahalle_id": "70_4",
        "mahalle_adi": "Koçalan Mah (kızılkışlacık Köyü)",
        "posta_kodu": "05220"
    },
    {
        "mahalle_id": "48_4",
        "mahalle_adi": "Köprübaşı Mah (meşeliçiftliği Köyü)",
        "posta_kodu": "05220"
    },
    {
        "mahalle_id": "90_4",
        "mahalle_adi": "Köyceğiz Köyü",
        "posta_kodu": "05220"
    },
    {
        "mahalle_id": "18_1",
        "mahalle_adi": "Koza Mah",
        "posta_kodu": "05100"
    },
    {
        "mahalle_id": "159_4",
        "mahalle_adi": "Küçük Sanayi Sitesi Mah (dadı Köyü)",
        "posta_kodu": "05220"
    },
    {
        "mahalle_id": "121_4",
        "mahalle_adi": "Küçükkızılca Köyü",
        "posta_kodu": "05220"
    },
    {
        "mahalle_id": "128_4",
        "mahalle_adi": "Kurban Armudu Mah (sarıkız Köyü)",
        "posta_kodu": "05220"
    },
    {
        "mahalle_id": "11_1",
        "mahalle_adi": "Kurşunlu Mah",
        "posta_kodu": "05100"
    },
    {
        "mahalle_id": "43_4",
        "mahalle_adi": "Kutu Köyü",
        "posta_kodu": "05220"
    },
    {
        "mahalle_id": "76_4",
        "mahalle_adi": "Kuzgeçe Köyü",
        "posta_kodu": "05220"
    },
    {
        "mahalle_id": "45_4",
        "mahalle_adi": "Mahmatlar Köyü",
        "posta_kodu": "05220"
    },
    {
        "mahalle_id": "8_2",
        "mahalle_adi": "Mehmet Paşa Mah",
        "posta_kodu": "05200"
    },
    {
        "mahalle_id": "127_4",
        "mahalle_adi": "Melikyurdu Mah (sarıkız Köyü)",
        "posta_kodu": "05220"
    },
    {
        "mahalle_id": "9_4",
        "mahalle_adi": "Merkez Mah (aydınca Köyü)",
        "posta_kodu": "05220"
    },
    {
        "mahalle_id": "8_4",
        "mahalle_adi": "Merkez Mah (doğantepe Köyü)",
        "posta_kodu": "05220"
    },
    {
        "mahalle_id": "10_4",
        "mahalle_adi": "Merkez Mah (ezinepazar Köyü)",
        "posta_kodu": "05220"
    },
    {
        "mahalle_id": "37_4",
        "mahalle_adi": "Merkez Mah (karaköprü Köyü)",
        "posta_kodu": "05220"
    },
    {
        "mahalle_id": "49_4",
        "mahalle_adi": "Meşeliçiftliği Köyü",
        "posta_kodu": "05220"
    },
    {
        "mahalle_id": "50_4",
        "mahalle_adi": "Musaköy Köyü",
        "posta_kodu": "05220"
    },
    {
        "mahalle_id": "9_2",
        "mahalle_adi": "Nergiz Mah",
        "posta_kodu": "05200"
    },
    {
        "mahalle_id": "116_4",
        "mahalle_adi": "Nohutluk Mah (karaibrahim Köyü)",
        "posta_kodu": "05220"
    },
    {
        "mahalle_id": "162_4",
        "mahalle_adi": "Oba Önü Mah (ardıçlar Köyü)",
        "posta_kodu": "05220"
    },
    {
        "mahalle_id": "93_4",
        "mahalle_adi": "Oluz Köyü",
        "posta_kodu": "05220"
    },
    {
        "mahalle_id": "12_1",
        "mahalle_adi": "Orman Bağları Mah",
        "posta_kodu": "05100"
    },
    {
        "mahalle_id": "52_4",
        "mahalle_adi": "Ormanözü Köyü",
        "posta_kodu": "05220"
    },
    {
        "mahalle_id": "91_4",
        "mahalle_adi": "Ortaköy Köyü",
        "posta_kodu": "05220"
    },
    {
        "mahalle_id": "133_4",
        "mahalle_adi": "Ova Mah (sarıyar Köyü)",
        "posta_kodu": "05220"
    },
    {
        "mahalle_id": "54_4",
        "mahalle_adi": "Ovasaray Köyü",
        "posta_kodu": "05220"
    },
    {
        "mahalle_id": "152_4",
        "mahalle_adi": "Özfındıklı Köyü",
        "posta_kodu": "05220"
    },
    {
        "mahalle_id": "53_4",
        "mahalle_adi": "Pamuklu Mah (ormanözü Köyü)",
        "posta_kodu": "05220"
    },
    {
        "mahalle_id": "10_2",
        "mahalle_adi": "Pirinççi Mah",
        "posta_kodu": "05200"
    },
    {
        "mahalle_id": "13_4",
        "mahalle_adi": "Salamut Mah (aksalur Köyü)",
        "posta_kodu": "05220"
    },
    {
        "mahalle_id": "13_2",
        "mahalle_adi": "Şamlar Mah",
        "posta_kodu": "05200"
    },
    {
        "mahalle_id": "55_4",
        "mahalle_adi": "Saraycık Köyü",
        "posta_kodu": "05220"
    },
    {
        "mahalle_id": "2_5",
        "mahalle_adi": "Saraycık Mah (ziyaret Beldesi)",
        "posta_kodu": "05240"
    },
    {
        "mahalle_id": "122_4",
        "mahalle_adi": "Sarayözü Köyü",
        "posta_kodu": "05220"
    },
    {
        "mahalle_id": "123_4",
        "mahalle_adi": "Sarıalan Köyü",
        "posta_kodu": "05220"
    },
    {
        "mahalle_id": "125_4",
        "mahalle_adi": "Sarıkız Köyü",
        "posta_kodu": "05220"
    },
    {
        "mahalle_id": "131_4",
        "mahalle_adi": "Sarımeşe Köyü",
        "posta_kodu": "05220"
    },
    {
        "mahalle_id": "132_4",
        "mahalle_adi": "Sarıyar Köyü",
        "posta_kodu": "05220"
    },
    {
        "mahalle_id": "11_2",
        "mahalle_adi": "Savadiye Mah",
        "posta_kodu": "05200"
    },
    {
        "mahalle_id": "56_4",
        "mahalle_adi": "Sazköy Köyü",
        "posta_kodu": "05220"
    },
    {
        "mahalle_id": "13_1",
        "mahalle_adi": "Şehirüstü Mah",
        "posta_kodu": "05100"
    },
    {
        "mahalle_id": "57_4",
        "mahalle_adi": "Sevincer Köyü",
        "posta_kodu": "05220"
    },
    {
        "mahalle_id": "14_1",
        "mahalle_adi": "Şeyhcui Mah",
        "posta_kodu": "05100"
    },
    {
        "mahalle_id": "134_4",
        "mahalle_adi": "Şeyhsadi Köyü",
        "posta_kodu": "05220"
    },
    {
        "mahalle_id": "92_4",
        "mahalle_adi": "Sıracevizler Köyü",
        "posta_kodu": "05220"
    },
    {
        "mahalle_id": "12_2",
        "mahalle_adi": "Sofular Mah",
        "posta_kodu": "05200"
    },
    {
        "mahalle_id": "95_4",
        "mahalle_adi": "Soma Köyü",
        "posta_kodu": "05220"
    },
    {
        "mahalle_id": "138_4",
        "mahalle_adi": "Sulakbaşı Mah (yağcıabdal Köyü)",
        "posta_kodu": "05220"
    },
    {
        "mahalle_id": "163_4",
        "mahalle_adi": "Tartışık Mah (ardıçlar Köyü)",
        "posta_kodu": "05220"
    },
    {
        "mahalle_id": "129_4",
        "mahalle_adi": "Tartışık Mah (sarıkız Köyü)",
        "posta_kodu": "05220"
    },
    {
        "mahalle_id": "135_4",
        "mahalle_adi": "Tatar Köyü",
        "posta_kodu": "05220"
    },
    {
        "mahalle_id": "22_4",
        "mahalle_adi": "Terziköy",
        "posta_kodu": "05220"
    },
    {
        "mahalle_id": "59_4",
        "mahalle_adi": "Tuzsuz Köyü",
        "posta_kodu": "05220"
    },
    {
        "mahalle_id": "15_1",
        "mahalle_adi": "Üçler Mah",
        "posta_kodu": "05100"
    },
    {
        "mahalle_id": "136_4",
        "mahalle_adi": "Ümük Köyü",
        "posta_kodu": "05220"
    },
    {
        "mahalle_id": "137_4",
        "mahalle_adi": "Yağcıabdal Köyü",
        "posta_kodu": "05220"
    },
    {
        "mahalle_id": "61_4",
        "mahalle_adi": "Yağmur Köyü",
        "posta_kodu": "05220"
    },
    {
        "mahalle_id": "62_4",
        "mahalle_adi": "Yavru Köyü",
        "posta_kodu": "05220"
    },
    {
        "mahalle_id": "14_2",
        "mahalle_adi": "Yazı Bağları Mah",
        "posta_kodu": "05200"
    },
    {
        "mahalle_id": "166_4",
        "mahalle_adi": "Yeni Mah (duruca Köyü)",
        "posta_kodu": "05220"
    },
    {
        "mahalle_id": "2_4",
        "mahalle_adi": "Yeni Mah (uygur Köyü)",
        "posta_kodu": "05220"
    },
    {
        "mahalle_id": "20_1",
        "mahalle_adi": "Yeniköy Mah",
        "posta_kodu": "05100"
    },
    {
        "mahalle_id": "146_4",
        "mahalle_adi": "Yeşildere Köyü",
        "posta_kodu": "05220"
    },
    {
        "mahalle_id": "149_4",
        "mahalle_adi": "Yeşilöz Köyü",
        "posta_kodu": "05220"
    },
    {
        "mahalle_id": "21_1",
        "mahalle_adi": "Yeşilyenice Mah",
        "posta_kodu": "05100"
    },
    {
        "mahalle_id": "77_4",
        "mahalle_adi": "Yıkılgan Köyü",
        "posta_kodu": "05220"
    },
    {
        "mahalle_id": "96_4",
        "mahalle_adi": "Yıldızköy Köyü",
        "posta_kodu": "05220"
    },
    {
        "mahalle_id": "158_4",
        "mahalle_adi": "Yıldızköy Mah (yıldızköy Köyü)",
        "posta_kodu": "05220"
    },
    {
        "mahalle_id": "150_4",
        "mahalle_adi": "Yolyanı Köyü",
        "posta_kodu": "05220"
    },
    {
        "mahalle_id": "47_4",
        "mahalle_adi": "Yolyanı Mah (mahmatlar Köyü)",
        "posta_kodu": "05220"
    },
    {
        "mahalle_id": "41_4",
        "mahalle_adi": "Yukarı Kayrak Mah (kayrak Köyü)",
        "posta_kodu": "05220"
    },
    {
        "mahalle_id": "75_4",
        "mahalle_adi": "Yukarı Kızseki Mah (kızseki Köyü)",
        "posta_kodu": "05220"
    },
    {
        "mahalle_id": "3_5",
        "mahalle_adi": "Yukarı Mah (ziyaret Beldesi)",
        "posta_kodu": "05240"
    },
    {
        "mahalle_id": "63_4",
        "mahalle_adi": "Yuvacık Köyü",
        "posta_kodu": "05220"
    },
    {
        "mahalle_id": "151_4",
        "mahalle_adi": "Yuvaköy Köyü",
        "posta_kodu": "05220"
    },
    {
        "mahalle_id": "16_1",
        "mahalle_adi": "Yüzevler Mah",
        "posta_kodu": "05100"
    }
]