[
    {
        "mahalle_id": "46_2",
        "mahalle_adi": "Abacı Mah (gümüş Köyü)",
        "posta_kodu": "80602"
    },
    {
        "mahalle_id": "57_2",
        "mahalle_adi": "Adaca Mah (kuşçu Köyü)",
        "posta_kodu": "80602"
    },
    {
        "mahalle_id": "2_2",
        "mahalle_adi": "Ağalar Mah (yeşildere Köyü)",
        "posta_kodu": "80602"
    },
    {
        "mahalle_id": "74_2",
        "mahalle_adi": "Ahrazlar Mah (güzelyurt Köyü)",
        "posta_kodu": "80602"
    },
    {
        "mahalle_id": "6_2",
        "mahalle_adi": "Akçakoyunlu Köyü",
        "posta_kodu": "80602"
    },
    {
        "mahalle_id": "52_2",
        "mahalle_adi": "Aksaylar Mah (karagedik Köyü)",
        "posta_kodu": "80602"
    },
    {
        "mahalle_id": "39_2",
        "mahalle_adi": "Arpaçukuru Mah (gökçayır Köyü)",
        "posta_kodu": "80602"
    },
    {
        "mahalle_id": "1_5",
        "mahalle_adi": "Aydınlar Mah (ellek Beldesi)",
        "posta_kodu": "80730"
    },
    {
        "mahalle_id": "5_2",
        "mahalle_adi": "Aydınlı Mah (akçakoyunlu Köyü)",
        "posta_kodu": "80602"
    },
    {
        "mahalle_id": "67_2",
        "mahalle_adi": "Ayşeler Mah (yazlamazlı Köyü)",
        "posta_kodu": "80602"
    },
    {
        "mahalle_id": "1_1",
        "mahalle_adi": "Boğaziçi Mah",
        "posta_kodu": "80600"
    },
    {
        "mahalle_id": "61_2",
        "mahalle_adi": "Boşnak Mah (pirsultanlı Köyü)",
        "posta_kodu": "80602"
    },
    {
        "mahalle_id": "1_4",
        "mahalle_adi": "Boyalı Mah (böcekli Beldesi)",
        "posta_kodu": "80740"
    },
    {
        "mahalle_id": "81_2",
        "mahalle_adi": "Çamiçi Mah",
        "posta_kodu": "80602"
    },
    {
        "mahalle_id": "19_2",
        "mahalle_adi": "Çamkonuşu Mah (çatak Köyü)",
        "posta_kodu": "80602"
    },
    {
        "mahalle_id": "82_2",
        "mahalle_adi": "Çatal Mah (elbeyli Köyü)",
        "posta_kodu": "80602"
    },
    {
        "mahalle_id": "2_4",
        "mahalle_adi": "Celiller Mah (böcekli Beldesi)",
        "posta_kodu": "80740"
    },
    {
        "mahalle_id": "5_5",
        "mahalle_adi": "Çevlik Mah (ellek Beldesi)",
        "posta_kodu": "80730"
    },
    {
        "mahalle_id": "19_1",
        "mahalle_adi": "Çiftlik Mah",
        "posta_kodu": "80600"
    },
    {
        "mahalle_id": "4_5",
        "mahalle_adi": "Çiraz Mah (ellek Beldesi)",
        "posta_kodu": "80730"
    },
    {
        "mahalle_id": "45_2",
        "mahalle_adi": "Çirişlikaş Mah (gümüş Köyü)",
        "posta_kodu": "80602"
    },
    {
        "mahalle_id": "34_2",
        "mahalle_adi": "Çömezler Mah (gökçayır Köyü)",
        "posta_kodu": "80602"
    },
    {
        "mahalle_id": "1_3",
        "mahalle_adi": "Çukuroba Mah (atalan Beldesi)",
        "posta_kodu": "80710"
    },
    {
        "mahalle_id": "2_1",
        "mahalle_adi": "Cumhuriyet Mah",
        "posta_kodu": "80600"
    },
    {
        "mahalle_id": "24_2",
        "mahalle_adi": "Delihaliller Mah (çerçioğlu Köyü)",
        "posta_kodu": "80602"
    },
    {
        "mahalle_id": "3_4",
        "mahalle_adi": "Demirciler Mah (böcekli Beldesi)",
        "posta_kodu": "80740"
    },
    {
        "mahalle_id": "42_2",
        "mahalle_adi": "Demirciler Mah (gökçayır Köyü)",
        "posta_kodu": "80602"
    },
    {
        "mahalle_id": "80_2",
        "mahalle_adi": "Derealibozlusu Mah (alibozlu Köyü)",
        "posta_kodu": "80602"
    },
    {
        "mahalle_id": "14_2",
        "mahalle_adi": "Doruklar Mah (bostanlar Köyü)",
        "posta_kodu": "80602"
    },
    {
        "mahalle_id": "4_4",
        "mahalle_adi": "Dümbürdek Mah (böcekli Beldesi)",
        "posta_kodu": "80740"
    },
    {
        "mahalle_id": "43_2",
        "mahalle_adi": "E.u.a.ş. Mah (gökçayır Köyü)",
        "posta_kodu": "80602"
    },
    {
        "mahalle_id": "4_2",
        "mahalle_adi": "Eğrelti Mah (yeşildere Köyü)",
        "posta_kodu": "80602"
    },
    {
        "mahalle_id": "40_2",
        "mahalle_adi": "Ekizler Mah (gökçayır Köyü)",
        "posta_kodu": "80602"
    },
    {
        "mahalle_id": "2_5",
        "mahalle_adi": "Ellek Mah (ellek Beldesi)",
        "posta_kodu": "80730"
    },
    {
        "mahalle_id": "83_2",
        "mahalle_adi": "Ellezli Mah (elbeyli Köyü)",
        "posta_kodu": "80602"
    },
    {
        "mahalle_id": "63_2",
        "mahalle_adi": "Emirkara Mah (pirsultanlı Köyü)",
        "posta_kodu": "80602"
    },
    {
        "mahalle_id": "33_2",
        "mahalle_adi": "Farsak Köyü",
        "posta_kodu": "80602"
    },
    {
        "mahalle_id": "69_2",
        "mahalle_adi": "Fındık Mah (yenifarsak Köyü)",
        "posta_kodu": "80602"
    },
    {
        "mahalle_id": "7_5",
        "mahalle_adi": "Gökyıldız Mah (ellek Beldesi)",
        "posta_kodu": "80730"
    },
    {
        "mahalle_id": "16_2",
        "mahalle_adi": "Göllüler Mah (bostanlar Köyü)",
        "posta_kodu": "80602"
    },
    {
        "mahalle_id": "15_2",
        "mahalle_adi": "Hacıibişler Mah (bostanlar Köyü)",
        "posta_kodu": "80602"
    },
    {
        "mahalle_id": "32_2",
        "mahalle_adi": "Hartlap Mah (elbeyli Köyü)",
        "posta_kodu": "80602"
    },
    {
        "mahalle_id": "8_2",
        "mahalle_adi": "Hemenler Mah (alibozlu Köyü)",
        "posta_kodu": "80602"
    },
    {
        "mahalle_id": "23_2",
        "mahalle_adi": "Hıdırlı Mah (çerçioğlu Köyü)",
        "posta_kodu": "80602"
    },
    {
        "mahalle_id": "68_2",
        "mahalle_adi": "Höbür Mah (yazlamazlı Köyü)",
        "posta_kodu": "80602"
    },
    {
        "mahalle_id": "70_2",
        "mahalle_adi": "Hodu Mah (yenifarsak Köyü)",
        "posta_kodu": "80602"
    },
    {
        "mahalle_id": "36_2",
        "mahalle_adi": "Hökelekler Mah (gökçayır Köyü)",
        "posta_kodu": "80602"
    },
    {
        "mahalle_id": "38_2",
        "mahalle_adi": "Horozlar Mah (gökçayır Köyü)",
        "posta_kodu": "80602"
    },
    {
        "mahalle_id": "3_1",
        "mahalle_adi": "Hürriyet Mah",
        "posta_kodu": "80600"
    },
    {
        "mahalle_id": "11_2",
        "mahalle_adi": "İbişler Mah (bayındırlı Köyü)",
        "posta_kodu": "80602"
    },
    {
        "mahalle_id": "54_2",
        "mahalle_adi": "İkizler Mah (karagedik Köyü)",
        "posta_kodu": "80602"
    },
    {
        "mahalle_id": "4_1",
        "mahalle_adi": "İrfanlı Mah",
        "posta_kodu": "80600"
    },
    {
        "mahalle_id": "5_1",
        "mahalle_adi": "İstiklal Mah",
        "posta_kodu": "80600"
    },
    {
        "mahalle_id": "37_2",
        "mahalle_adi": "Kadirler Mah (gökçayır Köyü)",
        "posta_kodu": "80602"
    },
    {
        "mahalle_id": "6_1",
        "mahalle_adi": "Karacaoğlan Mah",
        "posta_kodu": "80600"
    },
    {
        "mahalle_id": "1_6",
        "mahalle_adi": "Karacaören Mah (yarbaşı Beldesi)",
        "posta_kodu": "80720"
    },
    {
        "mahalle_id": "2_6",
        "mahalle_adi": "Karaçarlı Mah (yarbaşı Beldesi)",
        "posta_kodu": "80720"
    },
    {
        "mahalle_id": "26_2",
        "mahalle_adi": "Karaisa Mah (çitli Köyü)",
        "posta_kodu": "80602"
    },
    {
        "mahalle_id": "25_2",
        "mahalle_adi": "Karakuyu Mah (çerçioğlu Köyü)",
        "posta_kodu": "80602"
    },
    {
        "mahalle_id": "87_2",
        "mahalle_adi": "Karanıdere Mah (selverler Köyü)",
        "posta_kodu": "80602"
    },
    {
        "mahalle_id": "53_2",
        "mahalle_adi": "Karanlıkdere Mah (karagedik Köyü)",
        "posta_kodu": "80602"
    },
    {
        "mahalle_id": "21_2",
        "mahalle_adi": "Karayusuflar Mah (çerçioğlu Köyü)",
        "posta_kodu": "80602"
    },
    {
        "mahalle_id": "7_1",
        "mahalle_adi": "Karkın Mah",
        "posta_kodu": "80600"
    },
    {
        "mahalle_id": "8_1",
        "mahalle_adi": "Karlıca Mah",
        "posta_kodu": "80600"
    },
    {
        "mahalle_id": "9_1",
        "mahalle_adi": "Karşıyaka Mah",
        "posta_kodu": "80600"
    },
    {
        "mahalle_id": "13_2",
        "mahalle_adi": "Kaş Mah (bostanlar Köyü)",
        "posta_kodu": "80602"
    },
    {
        "mahalle_id": "62_2",
        "mahalle_adi": "Kaş Mah (pirsultanlı Köyü)",
        "posta_kodu": "80602"
    },
    {
        "mahalle_id": "4_3",
        "mahalle_adi": "Katobası Mah (atalan Beldesi)",
        "posta_kodu": "80710"
    },
    {
        "mahalle_id": "58_2",
        "mahalle_adi": "Kazıklı Mah (oluklu Köyü)",
        "posta_kodu": "80602"
    },
    {
        "mahalle_id": "84_2",
        "mahalle_adi": "Keller Mah (elbeyli Köyü)",
        "posta_kodu": "80602"
    },
    {
        "mahalle_id": "48_2",
        "mahalle_adi": "Kışla Mah (gümüş Köyü)",
        "posta_kodu": "80602"
    },
    {
        "mahalle_id": "30_2",
        "mahalle_adi": "Kızılali Mah (çotlu Köyü)",
        "posta_kodu": "80602"
    },
    {
        "mahalle_id": "41_2",
        "mahalle_adi": "Köşkerler Mah (gökçayır Köyü)",
        "posta_kodu": "80602"
    },
    {
        "mahalle_id": "77_2",
        "mahalle_adi": "Köşkerli Mah (yeşilköy Köyü)",
        "posta_kodu": "80602"
    },
    {
        "mahalle_id": "59_2",
        "mahalle_adi": "Koyuntaş Mah (oluklu Köyü)",
        "posta_kodu": "80602"
    },
    {
        "mahalle_id": "5_4",
        "mahalle_adi": "Kürt Mahmutlar Mah (böcekli Beldesi)",
        "posta_kodu": "80740"
    },
    {
        "mahalle_id": "10_1",
        "mahalle_adi": "Kurtbeyoğlu Mah",
        "posta_kodu": "80600"
    },
    {
        "mahalle_id": "11_1",
        "mahalle_adi": "Kurtuluş Mah",
        "posta_kodu": "80600"
    },
    {
        "mahalle_id": "12_2",
        "mahalle_adi": "Manlar Mah (bayındırlı Köyü)",
        "posta_kodu": "80602"
    },
    {
        "mahalle_id": "86_2",
        "mahalle_adi": "Mehmetoğluyeri Mah (kuşçu Köyü)",
        "posta_kodu": "80602"
    },
    {
        "mahalle_id": "12_1",
        "mahalle_adi": "Merkez Mah",
        "posta_kodu": "80600"
    },
    {
        "mahalle_id": "9_2",
        "mahalle_adi": "Merkez Mah (alibozlu Köyü)",
        "posta_kodu": "80602"
    },
    {
        "mahalle_id": "2_3",
        "mahalle_adi": "Merkez Mah (atalan Beldesi)",
        "posta_kodu": "80710"
    },
    {
        "mahalle_id": "10_2",
        "mahalle_adi": "Merkez Mah (bayındırlı Köyü)",
        "posta_kodu": "80602"
    },
    {
        "mahalle_id": "17_2",
        "mahalle_adi": "Merkez Mah (bostanlar Köyü)",
        "posta_kodu": "80602"
    },
    {
        "mahalle_id": "18_2",
        "mahalle_adi": "Merkez Mah (çatak Köyü)",
        "posta_kodu": "80602"
    },
    {
        "mahalle_id": "20_2",
        "mahalle_adi": "Merkez Mah (çerçioğlu Köyü)",
        "posta_kodu": "80602"
    },
    {
        "mahalle_id": "27_2",
        "mahalle_adi": "Merkez Mah (çitli Köyü)",
        "posta_kodu": "80602"
    },
    {
        "mahalle_id": "28_2",
        "mahalle_adi": "Merkez Mah (çotlu Köyü)",
        "posta_kodu": "80602"
    },
    {
        "mahalle_id": "31_2",
        "mahalle_adi": "Merkez Mah (elbeyli Köyü)",
        "posta_kodu": "80602"
    },
    {
        "mahalle_id": "44_2",
        "mahalle_adi": "Merkez Mah (gökçayır Köyü)",
        "posta_kodu": "80602"
    },
    {
        "mahalle_id": "47_2",
        "mahalle_adi": "Merkez Mah (gümüş Köyü)",
        "posta_kodu": "80602"
    },
    {
        "mahalle_id": "73_2",
        "mahalle_adi": "Merkez Mah (güzelyurt Köyü)",
        "posta_kodu": "80602"
    },
    {
        "mahalle_id": "55_2",
        "mahalle_adi": "Merkez Mah (karaguz Köyü)",
        "posta_kodu": "80602"
    },
    {
        "mahalle_id": "56_2",
        "mahalle_adi": "Merkez Mah (kuşçu Köyü)",
        "posta_kodu": "80602"
    },
    {
        "mahalle_id": "60_2",
        "mahalle_adi": "Merkez Mah (oluklu Köyü)",
        "posta_kodu": "80602"
    },
    {
        "mahalle_id": "64_2",
        "mahalle_adi": "Merkez Mah (pirsultanlı Köyü)",
        "posta_kodu": "80602"
    },
    {
        "mahalle_id": "3_6",
        "mahalle_adi": "Merkez Mah (yarbaşı Beldesi)",
        "posta_kodu": "80720"
    },
    {
        "mahalle_id": "66_2",
        "mahalle_adi": "Merkez Mah (yazlamazlı Köyü)",
        "posta_kodu": "80602"
    },
    {
        "mahalle_id": "71_2",
        "mahalle_adi": "Merkez Mah (yenifarsak Köyü)",
        "posta_kodu": "80602"
    },
    {
        "mahalle_id": "76_2",
        "mahalle_adi": "Merkez Mah (yeşilköy Köyü)",
        "posta_kodu": "80602"
    },
    {
        "mahalle_id": "49_2",
        "mahalle_adi": "Mezdağ Mah (gümüş Köyü)",
        "posta_kodu": "80602"
    },
    {
        "mahalle_id": "85_2",
        "mahalle_adi": "Nacarfarsağı Mah (farsak Köyü)",
        "posta_kodu": "80602"
    },
    {
        "mahalle_id": "1_2",
        "mahalle_adi": "Nasıflı Mah (yeşildere Köyü)",
        "posta_kodu": "80602"
    },
    {
        "mahalle_id": "3_5",
        "mahalle_adi": "Peçenek Mah (ellek Beldesi)",
        "posta_kodu": "80730"
    },
    {
        "mahalle_id": "75_2",
        "mahalle_adi": "Şamlar Mah (güzelyurt Köyü)",
        "posta_kodu": "80602"
    },
    {
        "mahalle_id": "8_5",
        "mahalle_adi": "Şehit Ali Gökçe Mah (ellek Beldesi)",
        "posta_kodu": "80730"
    },
    {
        "mahalle_id": "13_1",
        "mahalle_adi": "Şehit Asker Kemal Keskin Mah",
        "posta_kodu": "80600"
    },
    {
        "mahalle_id": "3_3",
        "mahalle_adi": "Şehit Hüseyin Sarı Mah (atalan Beldesi)",
        "posta_kodu": "80710"
    },
    {
        "mahalle_id": "65_2",
        "mahalle_adi": "Selverler Köyü",
        "posta_kodu": "80602"
    },
    {
        "mahalle_id": "78_2",
        "mahalle_adi": "Söğütlügöl Köyü",
        "posta_kodu": "80602"
    },
    {
        "mahalle_id": "6_5",
        "mahalle_adi": "Soylar Mah (ellek Beldesi)",
        "posta_kodu": "80730"
    },
    {
        "mahalle_id": "35_2",
        "mahalle_adi": "Tabaklar Mah (gökçayır Köyü)",
        "posta_kodu": "80602"
    },
    {
        "mahalle_id": "7_2",
        "mahalle_adi": "Telliler Mah (alibozlu Köyü)",
        "posta_kodu": "80602"
    },
    {
        "mahalle_id": "50_2",
        "mahalle_adi": "Tozluyurt Mah (gümüş Köyü)",
        "posta_kodu": "80602"
    },
    {
        "mahalle_id": "29_2",
        "mahalle_adi": "Traşlar Mah (çotlu Köyü)",
        "posta_kodu": "80602"
    },
    {
        "mahalle_id": "15_1",
        "mahalle_adi": "Üzümlü Mah",
        "posta_kodu": "80600"
    },
    {
        "mahalle_id": "14_1",
        "mahalle_adi": "Uzun Banı Mah",
        "posta_kodu": "80600"
    },
    {
        "mahalle_id": "51_2",
        "mahalle_adi": "Uzundere Mah (karagedik Köyü)",
        "posta_kodu": "80602"
    },
    {
        "mahalle_id": "79_2",
        "mahalle_adi": "Yavuz Sultan Selim Mah (alibozlu Köyü)",
        "posta_kodu": "80602"
    },
    {
        "mahalle_id": "16_1",
        "mahalle_adi": "Yenice Haruniye Mah",
        "posta_kodu": "80600"
    },
    {
        "mahalle_id": "22_2",
        "mahalle_adi": "Yeşil Mah (çerçioğlu Köyü)",
        "posta_kodu": "80602"
    },
    {
        "mahalle_id": "6_4",
        "mahalle_adi": "Yeşil Yurt Mah (böcekli Beldesi)",
        "posta_kodu": "80740"
    },
    {
        "mahalle_id": "17_1",
        "mahalle_adi": "Yeşilova Mah",
        "posta_kodu": "80600"
    },
    {
        "mahalle_id": "72_2",
        "mahalle_adi": "Yeşilyurt Köyü",
        "posta_kodu": "80602"
    },
    {
        "mahalle_id": "3_2",
        "mahalle_adi": "Yolatı Mah (yeşildere Köyü)",
        "posta_kodu": "80602"
    },
    {
        "mahalle_id": "18_1",
        "mahalle_adi": "Yukarı Hacılar Mah",
        "posta_kodu": "80600"
    },
    {
        "mahalle_id": "20_1",
        "mahalle_adi": "Yüzüncü Yıl Mah",
        "posta_kodu": "80600"
    }
]