[
    {
        "mahalle_id": "87_2",
        "mahalle_adi": "Ağa Mah (evrenye Köyü)",
        "posta_kodu": "37502"
    },
    {
        "mahalle_id": "139_2",
        "mahalle_adi": "Aha Mah (keloğlu Köyü)",
        "posta_kodu": "37502"
    },
    {
        "mahalle_id": "129_2",
        "mahalle_adi": "Akpınar Mah (karabey Köyü)",
        "posta_kodu": "37502"
    },
    {
        "mahalle_id": "6_2",
        "mahalle_adi": "Aktaş Köyü",
        "posta_kodu": "37502"
    },
    {
        "mahalle_id": "55_2",
        "mahalle_adi": "Ali Mah (deresökü Köyü)",
        "posta_kodu": "37502"
    },
    {
        "mahalle_id": "45_2",
        "mahalle_adi": "Ambarcık Mah (çiçekyazı Köyü)",
        "posta_kodu": "37502"
    },
    {
        "mahalle_id": "125_2",
        "mahalle_adi": "Apti Mah (kabalarsökü Köyü)",
        "posta_kodu": "37502"
    },
    {
        "mahalle_id": "123_2",
        "mahalle_adi": "Araldı Mah (kabalar Köyü)",
        "posta_kodu": "37502"
    },
    {
        "mahalle_id": "130_2",
        "mahalle_adi": "Arkutça Mah (karşıyaka Köyü)",
        "posta_kodu": "37502"
    },
    {
        "mahalle_id": "36_2",
        "mahalle_adi": "Armutça Mah (çamdalı Köyü)",
        "posta_kodu": "37502"
    },
    {
        "mahalle_id": "95_2",
        "mahalle_adi": "Aşağı Güde Mah (güde Köyü)",
        "posta_kodu": "37502"
    },
    {
        "mahalle_id": "10_2",
        "mahalle_adi": "Aşağı Mah (aşağıçaylı Köyü)",
        "posta_kodu": "37502"
    },
    {
        "mahalle_id": "74_2",
        "mahalle_adi": "Aşağı Mah (erenyolu Köyü)",
        "posta_kodu": "37502"
    },
    {
        "mahalle_id": "118_2",
        "mahalle_adi": "Aşağı Mah (ikiyaka Köyü)",
        "posta_kodu": "37502"
    },
    {
        "mahalle_id": "209_2",
        "mahalle_adi": "Aşağı Mah (yukarıköy Köyü)",
        "posta_kodu": "37502"
    },
    {
        "mahalle_id": "1_1",
        "mahalle_adi": "Aşağıhatipbağı Mah",
        "posta_kodu": "37500"
    },
    {
        "mahalle_id": "154_2",
        "mahalle_adi": "Atatürk Mah (özlüce Köyü)",
        "posta_kodu": "37502"
    },
    {
        "mahalle_id": "2_1",
        "mahalle_adi": "Avara Mah",
        "posta_kodu": "37500"
    },
    {
        "mahalle_id": "86_2",
        "mahalle_adi": "Ayan Mah (evrenye Köyü)",
        "posta_kodu": "37502"
    },
    {
        "mahalle_id": "15_2",
        "mahalle_adi": "Ayvaköy Köyü",
        "posta_kodu": "37502"
    },
    {
        "mahalle_id": "131_2",
        "mahalle_adi": "Bakacak Mah (karşıyaka Köyü)",
        "posta_kodu": "37502"
    },
    {
        "mahalle_id": "52_2",
        "mahalle_adi": "Bekiroğlu Mah (deliktaş Köyü)",
        "posta_kodu": "37502"
    },
    {
        "mahalle_id": "30_2",
        "mahalle_adi": "Belence Köyü",
        "posta_kodu": "37502"
    },
    {
        "mahalle_id": "61_2",
        "mahalle_adi": "Bıçakçılar Mah (dibek Köyü)",
        "posta_kodu": "37502"
    },
    {
        "mahalle_id": "156_2",
        "mahalle_adi": "Böcököyü Mah (sakalar Köyü)",
        "posta_kodu": "37502"
    },
    {
        "mahalle_id": "193_2",
        "mahalle_adi": "Börekçi Mah (üçlüce Köyü)",
        "posta_kodu": "37502"
    },
    {
        "mahalle_id": "3_1",
        "mahalle_adi": "Boyran Mah",
        "posta_kodu": "37500"
    },
    {
        "mahalle_id": "176_2",
        "mahalle_adi": "Budak Mah (şeyhömer Köyü)",
        "posta_kodu": "37502"
    },
    {
        "mahalle_id": "91_2",
        "mahalle_adi": "Büyük Mah (gökbel Köyü)",
        "posta_kodu": "37502"
    },
    {
        "mahalle_id": "190_2",
        "mahalle_adi": "Çakal Mah (uluyol Köyü)",
        "posta_kodu": "37502"
    },
    {
        "mahalle_id": "41_2",
        "mahalle_adi": "Çakıcı Mah (çaydüzü Köyü)",
        "posta_kodu": "37502"
    },
    {
        "mahalle_id": "4_1",
        "mahalle_adi": "Camikebir Mah",
        "posta_kodu": "37500"
    },
    {
        "mahalle_id": "11_1",
        "mahalle_adi": "Çamlıca Mah",
        "posta_kodu": "37500"
    },
    {
        "mahalle_id": "160_2",
        "mahalle_adi": "Çanakçı Mah (salıcıoğlu Köyü)",
        "posta_kodu": "37502"
    },
    {
        "mahalle_id": "44_2",
        "mahalle_adi": "Çandır Mah (çiçekyazı Köyü)",
        "posta_kodu": "37502"
    },
    {
        "mahalle_id": "117_2",
        "mahalle_adi": "Çayır Mah (ikiyaka Köyü)",
        "posta_kodu": "37502"
    },
    {
        "mahalle_id": "126_2",
        "mahalle_adi": "Celi Mah (kabalarsökü Köyü)",
        "posta_kodu": "37502"
    },
    {
        "mahalle_id": "212_2",
        "mahalle_adi": "Cevizleryanı Mah (yunusköy Köyü)",
        "posta_kodu": "37502"
    },
    {
        "mahalle_id": "97_2",
        "mahalle_adi": "Çiloğlu Mah (güde Köyü)",
        "posta_kodu": "37502"
    },
    {
        "mahalle_id": "12_2",
        "mahalle_adi": "Çorak Mah (atabeyli Köyü)",
        "posta_kodu": "37502"
    },
    {
        "mahalle_id": "143_2",
        "mahalle_adi": "Çorbacı Mah (korupınar Köyü)",
        "posta_kodu": "37502"
    },
    {
        "mahalle_id": "5_1",
        "mahalle_adi": "Cünürye Mah",
        "posta_kodu": "37500"
    },
    {
        "mahalle_id": "59_2",
        "mahalle_adi": "Dağ Mah (deresökü Köyü)",
        "posta_kodu": "37502"
    },
    {
        "mahalle_id": "112_2",
        "mahalle_adi": "Danaoğlu Mah (hayrioğlu Köyü)",
        "posta_kodu": "37502"
    },
    {
        "mahalle_id": "27_2",
        "mahalle_adi": "Danya Mah (bayıralan Köyü)",
        "posta_kodu": "37502"
    },
    {
        "mahalle_id": "177_2",
        "mahalle_adi": "Dayı Mah (şeyhömer Köyü)",
        "posta_kodu": "37502"
    },
    {
        "mahalle_id": "26_2",
        "mahalle_adi": "Demir Mah (bayıralan Köyü)",
        "posta_kodu": "37502"
    },
    {
        "mahalle_id": "81_2",
        "mahalle_adi": "Demirci Mah (esenyurt Köyü)",
        "posta_kodu": "37502"
    },
    {
        "mahalle_id": "137_2",
        "mahalle_adi": "Demirci Mah (keloğlu Köyü)",
        "posta_kodu": "37502"
    },
    {
        "mahalle_id": "164_2",
        "mahalle_adi": "Dere Mah (soğukpınar Köyü)",
        "posta_kodu": "37502"
    },
    {
        "mahalle_id": "67_2",
        "mahalle_adi": "Efendioğlu Mah (dibek Köyü)",
        "posta_kodu": "37502"
    },
    {
        "mahalle_id": "102_2",
        "mahalle_adi": "Eğrioğlu Mah (hacıibrahim Köyü)",
        "posta_kodu": "37502"
    },
    {
        "mahalle_id": "85_2",
        "mahalle_adi": "Elik Mah (evrenye Köyü)",
        "posta_kodu": "37502"
    },
    {
        "mahalle_id": "168_2",
        "mahalle_adi": "Ercekoz Mah (şamalı Köyü)",
        "posta_kodu": "37502"
    },
    {
        "mahalle_id": "110_2",
        "mahalle_adi": "Erikpınarı Mah (hamitköy Köyü)",
        "posta_kodu": "37502"
    },
    {
        "mahalle_id": "214_2",
        "mahalle_adi": "Erkekarpa Mah (erkekarpa Köyü)",
        "posta_kodu": "37502"
    },
    {
        "mahalle_id": "155_2",
        "mahalle_adi": "Eyrik Mah (özlüce Köyü)",
        "posta_kodu": "37502"
    },
    {
        "mahalle_id": "29_2",
        "mahalle_adi": "Fadara Mah (belen Köyü)",
        "posta_kodu": "37502"
    },
    {
        "mahalle_id": "113_2",
        "mahalle_adi": "Fatırız Mah (hayrioğlu Köyü)",
        "posta_kodu": "37502"
    },
    {
        "mahalle_id": "4_2",
        "mahalle_adi": "Fidimse Mah (akgüney Köyü)",
        "posta_kodu": "37502"
    },
    {
        "mahalle_id": "199_2",
        "mahalle_adi": "Geriş Mah (yaztepe Köyü)",
        "posta_kodu": "37502"
    },
    {
        "mahalle_id": "132_2",
        "mahalle_adi": "Giboru Mah (karşıyaka Köyü)",
        "posta_kodu": "37502"
    },
    {
        "mahalle_id": "170_2",
        "mahalle_adi": "Göçenoğlu Mah (şamaoğlu Köyü)",
        "posta_kodu": "37502"
    },
    {
        "mahalle_id": "94_2",
        "mahalle_adi": "Gökçevre Köyü",
        "posta_kodu": "37502"
    },
    {
        "mahalle_id": "60_2",
        "mahalle_adi": "Göl Mah (deresökü Köyü)",
        "posta_kodu": "37502"
    },
    {
        "mahalle_id": "79_2",
        "mahalle_adi": "Göller Mah (erkekarpa Köyü)",
        "posta_kodu": "37502"
    },
    {
        "mahalle_id": "133_2",
        "mahalle_adi": "Gürgenlik Mah (karşıyaka Köyü)",
        "posta_kodu": "37502"
    },
    {
        "mahalle_id": "203_2",
        "mahalle_adi": "Güzel Yalı Mah (yaztepe Köyü)",
        "posta_kodu": "37502"
    },
    {
        "mahalle_id": "2_2",
        "mahalle_adi": "Hacı Mah (akçay Köyü)",
        "posta_kodu": "37502"
    },
    {
        "mahalle_id": "62_2",
        "mahalle_adi": "Hacıefendioğlu Mah (dibek Köyü)",
        "posta_kodu": "37502"
    },
    {
        "mahalle_id": "49_2",
        "mahalle_adi": "Hamdioğlu Mah (çubuk Köyü)",
        "posta_kodu": "37502"
    },
    {
        "mahalle_id": "100_2",
        "mahalle_adi": "Hızaryanı Mah (güneşli Köyü)",
        "posta_kodu": "37502"
    },
    {
        "mahalle_id": "175_2",
        "mahalle_adi": "İmam Mah (şeyhömer Köyü)",
        "posta_kodu": "37502"
    },
    {
        "mahalle_id": "183_2",
        "mahalle_adi": "İskir Mah (uğrak Köyü)",
        "posta_kodu": "37502"
    },
    {
        "mahalle_id": "195_2",
        "mahalle_adi": "Kabamdoğlu Mah (üçlüce Köyü)",
        "posta_kodu": "37502"
    },
    {
        "mahalle_id": "65_2",
        "mahalle_adi": "Kabaoğlu Mah (dibek Köyü)",
        "posta_kodu": "37502"
    },
    {
        "mahalle_id": "17_2",
        "mahalle_adi": "Kadıoğlum Mah (ayvat Köyü)",
        "posta_kodu": "37502"
    },
    {
        "mahalle_id": "144_2",
        "mahalle_adi": "Kadırga Mah (köroğlu Köyü)",
        "posta_kodu": "37502"
    },
    {
        "mahalle_id": "90_2",
        "mahalle_adi": "Kafa Mah (göçkün Köyü)",
        "posta_kodu": "37502"
    },
    {
        "mahalle_id": "174_2",
        "mahalle_adi": "Kahyaoğlu Mah (şeyhömer Köyü)",
        "posta_kodu": "37502"
    },
    {
        "mahalle_id": "83_2",
        "mahalle_adi": "Karabaş Mah (evrenye Köyü)",
        "posta_kodu": "37502"
    },
    {
        "mahalle_id": "6_1",
        "mahalle_adi": "Karaca Mah",
        "posta_kodu": "37500"
    },
    {
        "mahalle_id": "69_2",
        "mahalle_adi": "Karacakaya Mah (dikili Köyü)",
        "posta_kodu": "37502"
    },
    {
        "mahalle_id": "7_1",
        "mahalle_adi": "Karadeniz Mah",
        "posta_kodu": "37500"
    },
    {
        "mahalle_id": "187_2",
        "mahalle_adi": "Karafal Mah (uluköy Köyü)",
        "posta_kodu": "37502"
    },
    {
        "mahalle_id": "13_2",
        "mahalle_adi": "Karşı Mah (atabeyli Köyü)",
        "posta_kodu": "37502"
    },
    {
        "mahalle_id": "103_2",
        "mahalle_adi": "Karşı Mah (hacıibrahim Köyü)",
        "posta_kodu": "37502"
    },
    {
        "mahalle_id": "140_2",
        "mahalle_adi": "Karşı Mah (korupınar Köyü)",
        "posta_kodu": "37502"
    },
    {
        "mahalle_id": "152_2",
        "mahalle_adi": "Kayaaltı Mah (özbaşı Köyü)",
        "posta_kodu": "37502"
    },
    {
        "mahalle_id": "172_2",
        "mahalle_adi": "Kayardı Mah (şamaoğlu Köyü)",
        "posta_kodu": "37502"
    },
    {
        "mahalle_id": "51_2",
        "mahalle_adi": "Kayıkçıoğlu Mah (deliktaş Köyü)",
        "posta_kodu": "37502"
    },
    {
        "mahalle_id": "196_2",
        "mahalle_adi": "Keleş Mah (üçlüce Köyü)",
        "posta_kodu": "37502"
    },
    {
        "mahalle_id": "194_2",
        "mahalle_adi": "Keleşoğlu Mah (üçlüce Köyü)",
        "posta_kodu": "37502"
    },
    {
        "mahalle_id": "171_2",
        "mahalle_adi": "Kireççik Mah (şamaoğlu Köyü)",
        "posta_kodu": "37502"
    },
    {
        "mahalle_id": "8_1",
        "mahalle_adi": "Kızılkara Mah",
        "posta_kodu": "37500"
    },
    {
        "mahalle_id": "63_2",
        "mahalle_adi": "Kocaoğlu Mah (dibek Köyü)",
        "posta_kodu": "37502"
    },
    {
        "mahalle_id": "122_2",
        "mahalle_adi": "Kök Mah (kabalar Köyü)",
        "posta_kodu": "37502"
    },
    {
        "mahalle_id": "38_2",
        "mahalle_adi": "Kolca Mah (çamdalı Köyü)",
        "posta_kodu": "37502"
    },
    {
        "mahalle_id": "141_2",
        "mahalle_adi": "Köle Mah (korupınar Köyü)",
        "posta_kodu": "37502"
    },
    {
        "mahalle_id": "71_2",
        "mahalle_adi": "Konakyanı Mah (doğanören Köyü)",
        "posta_kodu": "37502"
    },
    {
        "mahalle_id": "25_2",
        "mahalle_adi": "Köprülü Mah (bayıralan Köyü)",
        "posta_kodu": "37502"
    },
    {
        "mahalle_id": "108_2",
        "mahalle_adi": "Köprülü Mah (hacımehmet Köyü)",
        "posta_kodu": "37502"
    },
    {
        "mahalle_id": "104_2",
        "mahalle_adi": "Köyüstü Mah (hacıibrahim Köyü)",
        "posta_kodu": "37502"
    },
    {
        "mahalle_id": "92_2",
        "mahalle_adi": "Küçük Mah (gökbel Köyü)",
        "posta_kodu": "37502"
    },
    {
        "mahalle_id": "75_2",
        "mahalle_adi": "Küllü Mah (erenyolu Köyü)",
        "posta_kodu": "37502"
    },
    {
        "mahalle_id": "22_2",
        "mahalle_adi": "Küpoğlu Mah (bayıralan Köyü)",
        "posta_kodu": "37502"
    },
    {
        "mahalle_id": "50_2",
        "mahalle_adi": "Kurtoğlu Mah (deliktaş Köyü)",
        "posta_kodu": "37502"
    },
    {
        "mahalle_id": "105_2",
        "mahalle_adi": "Kuş Mah (hacıibrahim Köyü)",
        "posta_kodu": "37502"
    },
    {
        "mahalle_id": "35_2",
        "mahalle_adi": "Kuşburnu Mah (beyler Köyü)",
        "posta_kodu": "37502"
    },
    {
        "mahalle_id": "120_2",
        "mahalle_adi": "Manastır Mah (ikizler Köyü)",
        "posta_kodu": "37502"
    },
    {
        "mahalle_id": "169_2",
        "mahalle_adi": "Merkel Mah (şamaoğlu Köyü)",
        "posta_kodu": "37502"
    },
    {
        "mahalle_id": "1_2",
        "mahalle_adi": "Merkez Mah (akçay Köyü)",
        "posta_kodu": "37502"
    },
    {
        "mahalle_id": "3_2",
        "mahalle_adi": "Merkez Mah (akgüney Köyü)",
        "posta_kodu": "37502"
    },
    {
        "mahalle_id": "5_2",
        "mahalle_adi": "Merkez Mah (akkonak Köyü)",
        "posta_kodu": "37502"
    },
    {
        "mahalle_id": "7_2",
        "mahalle_adi": "Merkez Mah (alaca Köyü)",
        "posta_kodu": "37502"
    },
    {
        "mahalle_id": "14_2",
        "mahalle_adi": "Merkez Mah (atabeyli Köyü)",
        "posta_kodu": "37502"
    },
    {
        "mahalle_id": "16_2",
        "mahalle_adi": "Merkez Mah (ayvat Köyü)",
        "posta_kodu": "37502"
    },
    {
        "mahalle_id": "20_2",
        "mahalle_adi": "Merkez Mah (başköy Köyü)",
        "posta_kodu": "37502"
    },
    {
        "mahalle_id": "21_2",
        "mahalle_adi": "Merkez Mah (bayıralan Köyü)",
        "posta_kodu": "37502"
    },
    {
        "mahalle_id": "28_2",
        "mahalle_adi": "Merkez Mah (belen Köyü)",
        "posta_kodu": "37502"
    },
    {
        "mahalle_id": "32_2",
        "mahalle_adi": "Merkez Mah (belören Köyü)",
        "posta_kodu": "37502"
    },
    {
        "mahalle_id": "34_2",
        "mahalle_adi": "Merkez Mah (beyler Köyü)",
        "posta_kodu": "37502"
    },
    {
        "mahalle_id": "37_2",
        "mahalle_adi": "Merkez Mah (çamdalı Köyü)",
        "posta_kodu": "37502"
    },
    {
        "mahalle_id": "39_2",
        "mahalle_adi": "Merkez Mah (çaydüzü Köyü)",
        "posta_kodu": "37502"
    },
    {
        "mahalle_id": "42_2",
        "mahalle_adi": "Merkez Mah (çaykıyı Köyü)",
        "posta_kodu": "37502"
    },
    {
        "mahalle_id": "43_2",
        "mahalle_adi": "Merkez Mah (çiçekyazı Köyü)",
        "posta_kodu": "37502"
    },
    {
        "mahalle_id": "46_2",
        "mahalle_adi": "Merkez Mah (çubuk Köyü)",
        "posta_kodu": "37502"
    },
    {
        "mahalle_id": "54_2",
        "mahalle_adi": "Merkez Mah (deliktaş Köyü)",
        "posta_kodu": "37502"
    },
    {
        "mahalle_id": "57_2",
        "mahalle_adi": "Merkez Mah (deresökü Köyü)",
        "posta_kodu": "37502"
    },
    {
        "mahalle_id": "64_2",
        "mahalle_adi": "Merkez Mah (dibek Köyü)",
        "posta_kodu": "37502"
    },
    {
        "mahalle_id": "68_2",
        "mahalle_adi": "Merkez Mah (dikili Köyü)",
        "posta_kodu": "37502"
    },
    {
        "mahalle_id": "70_2",
        "mahalle_adi": "Merkez Mah (doğanören Köyü)",
        "posta_kodu": "37502"
    },
    {
        "mahalle_id": "73_2",
        "mahalle_adi": "Merkez Mah (durupınar Köyü)",
        "posta_kodu": "37502"
    },
    {
        "mahalle_id": "78_2",
        "mahalle_adi": "Merkez Mah (erkekarpa Köyü)",
        "posta_kodu": "37502"
    },
    {
        "mahalle_id": "80_2",
        "mahalle_adi": "Merkez Mah (esenyurt Köyü)",
        "posta_kodu": "37502"
    },
    {
        "mahalle_id": "82_2",
        "mahalle_adi": "Merkez Mah (evrenye Köyü)",
        "posta_kodu": "37502"
    },
    {
        "mahalle_id": "88_2",
        "mahalle_adi": "Merkez Mah (göçkün Köyü)",
        "posta_kodu": "37502"
    },
    {
        "mahalle_id": "98_2",
        "mahalle_adi": "Merkez Mah (güneşli Köyü)",
        "posta_kodu": "37502"
    },
    {
        "mahalle_id": "101_2",
        "mahalle_adi": "Merkez Mah (hacıibrahim Köyü)",
        "posta_kodu": "37502"
    },
    {
        "mahalle_id": "106_2",
        "mahalle_adi": "Merkez Mah (hacımehmet Köyü)",
        "posta_kodu": "37502"
    },
    {
        "mahalle_id": "109_2",
        "mahalle_adi": "Merkez Mah (hamitköy Köyü)",
        "posta_kodu": "37502"
    },
    {
        "mahalle_id": "111_2",
        "mahalle_adi": "Merkez Mah (hayrioğlu Köyü)",
        "posta_kodu": "37502"
    },
    {
        "mahalle_id": "114_2",
        "mahalle_adi": "Merkez Mah (hörmetli Köyü)",
        "posta_kodu": "37502"
    },
    {
        "mahalle_id": "119_2",
        "mahalle_adi": "Merkez Mah (ikizler Köyü)",
        "posta_kodu": "37502"
    },
    {
        "mahalle_id": "121_2",
        "mahalle_adi": "Merkez Mah (kabalar Köyü)",
        "posta_kodu": "37502"
    },
    {
        "mahalle_id": "124_2",
        "mahalle_adi": "Merkez Mah (kabalarsökü Köyü)",
        "posta_kodu": "37502"
    },
    {
        "mahalle_id": "127_2",
        "mahalle_adi": "Merkez Mah (karabey Köyü)",
        "posta_kodu": "37502"
    },
    {
        "mahalle_id": "135_2",
        "mahalle_adi": "Merkez Mah (kayaelması Köyü)",
        "posta_kodu": "37502"
    },
    {
        "mahalle_id": "138_2",
        "mahalle_adi": "Merkez Mah (keloğlu Köyü)",
        "posta_kodu": "37502"
    },
    {
        "mahalle_id": "145_2",
        "mahalle_adi": "Merkez Mah (köroğlu Köyü)",
        "posta_kodu": "37502"
    },
    {
        "mahalle_id": "146_2",
        "mahalle_adi": "Merkez Mah (köseköy Köyü)",
        "posta_kodu": "37502"
    },
    {
        "mahalle_id": "147_2",
        "mahalle_adi": "Merkez Mah (kuzluk Köyü)",
        "posta_kodu": "37502"
    },
    {
        "mahalle_id": "149_2",
        "mahalle_adi": "Merkez Mah (örtülü Köyü)",
        "posta_kodu": "37502"
    },
    {
        "mahalle_id": "151_2",
        "mahalle_adi": "Merkez Mah (özbaşı Köyü)",
        "posta_kodu": "37502"
    },
    {
        "mahalle_id": "159_2",
        "mahalle_adi": "Merkez Mah (salıcıoğlu Köyü)",
        "posta_kodu": "37502"
    },
    {
        "mahalle_id": "166_2",
        "mahalle_adi": "Merkez Mah (şamalı Köyü)",
        "posta_kodu": "37502"
    },
    {
        "mahalle_id": "162_2",
        "mahalle_adi": "Merkez Mah (soğukpınar Köyü)",
        "posta_kodu": "37502"
    },
    {
        "mahalle_id": "185_2",
        "mahalle_adi": "Merkez Mah (uğrak Köyü)",
        "posta_kodu": "37502"
    },
    {
        "mahalle_id": "186_2",
        "mahalle_adi": "Merkez Mah (uluköy Köyü)",
        "posta_kodu": "37502"
    },
    {
        "mahalle_id": "188_2",
        "mahalle_adi": "Merkez Mah (uluyol Köyü)",
        "posta_kodu": "37502"
    },
    {
        "mahalle_id": "197_2",
        "mahalle_adi": "Merkez Mah (yamaç Köyü)",
        "posta_kodu": "37502"
    },
    {
        "mahalle_id": "198_2",
        "mahalle_adi": "Merkez Mah (yaztepe Köyü)",
        "posta_kodu": "37502"
    },
    {
        "mahalle_id": "208_2",
        "mahalle_adi": "Merkez Mah (yukarıköy Köyü)",
        "posta_kodu": "37502"
    },
    {
        "mahalle_id": "213_2",
        "mahalle_adi": "Merkez Mah (yuvacık Köyü)",
        "posta_kodu": "37502"
    },
    {
        "mahalle_id": "163_2",
        "mahalle_adi": "Meydan Mah (soğukpınar Köyü)",
        "posta_kodu": "37502"
    },
    {
        "mahalle_id": "89_2",
        "mahalle_adi": "Mikail Mah (göçkün Köyü)",
        "posta_kodu": "37502"
    },
    {
        "mahalle_id": "31_2",
        "mahalle_adi": "Molla Ömer Mah (belören Köyü)",
        "posta_kodu": "37502"
    },
    {
        "mahalle_id": "23_2",
        "mahalle_adi": "Müezzin Mah (bayıralan Köyü)",
        "posta_kodu": "37502"
    },
    {
        "mahalle_id": "128_2",
        "mahalle_adi": "Mumra Mah (karabey Köyü)",
        "posta_kodu": "37502"
    },
    {
        "mahalle_id": "12_1",
        "mahalle_adi": "Musa Mah",
        "posta_kodu": "37500"
    },
    {
        "mahalle_id": "184_2",
        "mahalle_adi": "Musrat Mah (uğrak Köyü)",
        "posta_kodu": "37502"
    },
    {
        "mahalle_id": "84_2",
        "mahalle_adi": "Namazgah Mah (evrenye Köyü)",
        "posta_kodu": "37502"
    },
    {
        "mahalle_id": "11_2",
        "mahalle_adi": "Orta Mah (aşağıçaylı Köyü)",
        "posta_kodu": "37502"
    },
    {
        "mahalle_id": "142_2",
        "mahalle_adi": "Orta Mah (korupınar Köyü)",
        "posta_kodu": "37502"
    },
    {
        "mahalle_id": "66_2",
        "mahalle_adi": "Ortaca Mah (dibek Köyü)",
        "posta_kodu": "37502"
    },
    {
        "mahalle_id": "158_2",
        "mahalle_adi": "Ortaköyü Mah (sakalar Köyü)",
        "posta_kodu": "37502"
    },
    {
        "mahalle_id": "173_2",
        "mahalle_adi": "Osmanoğlu Mah (şeyhömer Köyü)",
        "posta_kodu": "37502"
    },
    {
        "mahalle_id": "181_2",
        "mahalle_adi": "Özlüce Mah (toklukaya Köyü)",
        "posta_kodu": "37502"
    },
    {
        "mahalle_id": "24_2",
        "mahalle_adi": "Pazen Mah (bayıralan Köyü)",
        "posta_kodu": "37502"
    },
    {
        "mahalle_id": "153_2",
        "mahalle_adi": "Sağlık Ocağı Mah (özlüce Köyü)",
        "posta_kodu": "37502"
    },
    {
        "mahalle_id": "56_2",
        "mahalle_adi": "Şahne Mah (deresökü Köyü)",
        "posta_kodu": "37502"
    },
    {
        "mahalle_id": "157_2",
        "mahalle_adi": "Sakalar Mah (sakalar Köyü)",
        "posta_kodu": "37502"
    },
    {
        "mahalle_id": "107_2",
        "mahalle_adi": "San Mah (hacımehmet Köyü)",
        "posta_kodu": "37502"
    },
    {
        "mahalle_id": "58_2",
        "mahalle_adi": "Sarıahmet Mah (deresökü Köyü)",
        "posta_kodu": "37502"
    },
    {
        "mahalle_id": "48_2",
        "mahalle_adi": "Şehit Mehmet Aslan Mah (çubuk Köyü)",
        "posta_kodu": "37502"
    },
    {
        "mahalle_id": "8_2",
        "mahalle_adi": "Selam Mah (alaca Köyü)",
        "posta_kodu": "37502"
    },
    {
        "mahalle_id": "33_2",
        "mahalle_adi": "Selim Mah (beyler Köyü)",
        "posta_kodu": "37502"
    },
    {
        "mahalle_id": "76_2",
        "mahalle_adi": "Serenli Mah (erenyolu Köyü)",
        "posta_kodu": "37502"
    },
    {
        "mahalle_id": "116_2",
        "mahalle_adi": "Şıh Mah (ikiyaka Köyü)",
        "posta_kodu": "37502"
    },
    {
        "mahalle_id": "134_2",
        "mahalle_adi": "Sırçalık Mah (karşıyaka Köyü)",
        "posta_kodu": "37502"
    },
    {
        "mahalle_id": "18_2",
        "mahalle_adi": "Şirvan Mah (ayvat Köyü)",
        "posta_kodu": "37502"
    },
    {
        "mahalle_id": "77_2",
        "mahalle_adi": "Şişman Mah (erenyolu Köyü)",
        "posta_kodu": "37502"
    },
    {
        "mahalle_id": "167_2",
        "mahalle_adi": "Softa Mah (şamalı Köyü)",
        "posta_kodu": "37502"
    },
    {
        "mahalle_id": "201_2",
        "mahalle_adi": "Söğütlü Çeşme Mah (yaztepe Köyü)",
        "posta_kodu": "37502"
    },
    {
        "mahalle_id": "165_2",
        "mahalle_adi": "Sökü Köyü",
        "posta_kodu": "37502"
    },
    {
        "mahalle_id": "189_2",
        "mahalle_adi": "Sökücek Mah (uluyol Köyü)",
        "posta_kodu": "37502"
    },
    {
        "mahalle_id": "99_2",
        "mahalle_adi": "Sömöz Mah (güneşli Köyü)",
        "posta_kodu": "37502"
    },
    {
        "mahalle_id": "210_2",
        "mahalle_adi": "Sörptarla Mah (yukarıköy Köyü)",
        "posta_kodu": "37502"
    },
    {
        "mahalle_id": "136_2",
        "mahalle_adi": "Süloğlu Mah (keloğlu Köyü)",
        "posta_kodu": "37502"
    },
    {
        "mahalle_id": "178_2",
        "mahalle_adi": "Taşburun Köyü",
        "posta_kodu": "37502"
    },
    {
        "mahalle_id": "179_2",
        "mahalle_adi": "Taşoluk Köyü",
        "posta_kodu": "37502"
    },
    {
        "mahalle_id": "204_2",
        "mahalle_adi": "Terelik Mah (yaztepe Köyü)",
        "posta_kodu": "37502"
    },
    {
        "mahalle_id": "93_2",
        "mahalle_adi": "Terzi Mah (gökbel Köyü)",
        "posta_kodu": "37502"
    },
    {
        "mahalle_id": "192_2",
        "mahalle_adi": "Tokatlı Mah (üçlüce Köyü)",
        "posta_kodu": "37502"
    },
    {
        "mahalle_id": "180_2",
        "mahalle_adi": "Toklukaya Mah (toklukaya Köyü)",
        "posta_kodu": "37502"
    },
    {
        "mahalle_id": "47_2",
        "mahalle_adi": "Topal Mustafaoğlu Mah (çubuk Köyü)",
        "posta_kodu": "37502"
    },
    {
        "mahalle_id": "150_2",
        "mahalle_adi": "Tozluyurt Mah (örtülü Köyü)",
        "posta_kodu": "37502"
    },
    {
        "mahalle_id": "191_2",
        "mahalle_adi": "Üçevler Mah (üçevler Köyü)",
        "posta_kodu": "37502"
    },
    {
        "mahalle_id": "14_1",
        "mahalle_adi": "Yakaboyu Mah",
        "posta_kodu": "37500"
    },
    {
        "mahalle_id": "200_2",
        "mahalle_adi": "Yanar Mah (yaztepe Köyü)",
        "posta_kodu": "37502"
    },
    {
        "mahalle_id": "161_2",
        "mahalle_adi": "Yayla Mah (salıcıoğlu Köyü)",
        "posta_kodu": "37502"
    },
    {
        "mahalle_id": "182_2",
        "mahalle_adi": "Yele Mah (toklukaya Köyü)",
        "posta_kodu": "37502"
    },
    {
        "mahalle_id": "19_2",
        "mahalle_adi": "Yeneri Mah (başköy Köyü)",
        "posta_kodu": "37502"
    },
    {
        "mahalle_id": "9_1",
        "mahalle_adi": "Yeni Mah",
        "posta_kodu": "37500"
    },
    {
        "mahalle_id": "13_1",
        "mahalle_adi": "Yeşilöz Mah",
        "posta_kodu": "37500"
    },
    {
        "mahalle_id": "205_2",
        "mahalle_adi": "Yolüstü Köyü",
        "posta_kodu": "37502"
    },
    {
        "mahalle_id": "206_2",
        "mahalle_adi": "Yolüstü Mah (yolüstü Köyü)",
        "posta_kodu": "37502"
    },
    {
        "mahalle_id": "40_2",
        "mahalle_adi": "Yörecik Mah (çaydüzü Köyü)",
        "posta_kodu": "37502"
    },
    {
        "mahalle_id": "96_2",
        "mahalle_adi": "Yukarı Güde Mah (güde Köyü)",
        "posta_kodu": "37502"
    },
    {
        "mahalle_id": "9_2",
        "mahalle_adi": "Yukarı Mah (aşağıçaylı Köyü)",
        "posta_kodu": "37502"
    },
    {
        "mahalle_id": "53_2",
        "mahalle_adi": "Yukarı Mah (deliktaş Köyü)",
        "posta_kodu": "37502"
    },
    {
        "mahalle_id": "72_2",
        "mahalle_adi": "Yukarı Mah (durupınar Köyü)",
        "posta_kodu": "37502"
    },
    {
        "mahalle_id": "115_2",
        "mahalle_adi": "Yukarı Mah (ikiyaka Köyü)",
        "posta_kodu": "37502"
    },
    {
        "mahalle_id": "207_2",
        "mahalle_adi": "Yukarıçaylı Köyü",
        "posta_kodu": "37502"
    },
    {
        "mahalle_id": "10_1",
        "mahalle_adi": "Yukarıhatipbağı Mah",
        "posta_kodu": "37500"
    },
    {
        "mahalle_id": "211_2",
        "mahalle_adi": "Yunusköy Mah (yunusköy Köyü)",
        "posta_kodu": "37502"
    },
    {
        "mahalle_id": "148_2",
        "mahalle_adi": "Zambak Mah (kuzluk Köyü)",
        "posta_kodu": "37502"
    },
    {
        "mahalle_id": "202_2",
        "mahalle_adi": "Zehi Mah (yaztepe Köyü)",
        "posta_kodu": "37502"
    }
]