[
    {
        "mahalle_id": "11_1",
        "mahalle_adi": "14 Nisan Mah",
        "posta_kodu": "04500"
    },
    {
        "mahalle_id": "36_4",
        "mahalle_adi": "Abdullah Mah (taşkın Köyü)",
        "posta_kodu": "04510"
    },
    {
        "mahalle_id": "18_1",
        "mahalle_adi": "Abdulvehap Küfrevi Mah",
        "posta_kodu": "04500"
    },
    {
        "mahalle_id": "31_4",
        "mahalle_adi": "Adalet Mah (köseler Köyü)",
        "posta_kodu": "04510"
    },
    {
        "mahalle_id": "19_1",
        "mahalle_adi": "Ahmed-i Hani Mah",
        "posta_kodu": "04500"
    },
    {
        "mahalle_id": "39_3",
        "mahalle_adi": "Akbulut Mah (dedeli Beldesi)",
        "posta_kodu": "04503"
    },
    {
        "mahalle_id": "1_2",
        "mahalle_adi": "Akçaören Köyü",
        "posta_kodu": "04502"
    },
    {
        "mahalle_id": "3_2",
        "mahalle_adi": "Akdilek Köyü",
        "posta_kodu": "04502"
    },
    {
        "mahalle_id": "2_4",
        "mahalle_adi": "Aktepe Köyü",
        "posta_kodu": "04510"
    },
    {
        "mahalle_id": "63_2",
        "mahalle_adi": "Akyemiş Köyü",
        "posta_kodu": "04502"
    },
    {
        "mahalle_id": "5_2",
        "mahalle_adi": "Alatay Köyü",
        "posta_kodu": "04502"
    },
    {
        "mahalle_id": "1_1",
        "mahalle_adi": "Alpaslan Mah",
        "posta_kodu": "04500"
    },
    {
        "mahalle_id": "7_2",
        "mahalle_adi": "Andaçlı Köyü",
        "posta_kodu": "04502"
    },
    {
        "mahalle_id": "3_4",
        "mahalle_adi": "Armutlu Köyü",
        "posta_kodu": "04510"
    },
    {
        "mahalle_id": "14_3",
        "mahalle_adi": "Arpacık Mah (bozoğlak Köyü)",
        "posta_kodu": "04503"
    },
    {
        "mahalle_id": "8_2",
        "mahalle_adi": "Aşağıgöçmez Köyü",
        "posta_kodu": "04502"
    },
    {
        "mahalle_id": "65_2",
        "mahalle_adi": "Aşağıkamışlı Köyü",
        "posta_kodu": "04502"
    },
    {
        "mahalle_id": "9_1",
        "mahalle_adi": "Atatürk Mah",
        "posta_kodu": "04500"
    },
    {
        "mahalle_id": "13_1",
        "mahalle_adi": "Badişan Mah",
        "posta_kodu": "04500"
    },
    {
        "mahalle_id": "5_4",
        "mahalle_adi": "Bağbaşı Köyü",
        "posta_kodu": "04510"
    },
    {
        "mahalle_id": "72_2",
        "mahalle_adi": "Bahçeli Mah (akdilek Köyü)",
        "posta_kodu": "04502"
    },
    {
        "mahalle_id": "38_3",
        "mahalle_adi": "Balcılar Mah (karbasan Köyü)",
        "posta_kodu": "04503"
    },
    {
        "mahalle_id": "9_2",
        "mahalle_adi": "Baltacık Köyü",
        "posta_kodu": "04502"
    },
    {
        "mahalle_id": "6_3",
        "mahalle_adi": "Baştarla Köyü",
        "posta_kodu": "04503"
    },
    {
        "mahalle_id": "42_3",
        "mahalle_adi": "Batıbeyli Mah (bozoğlak Köyü)",
        "posta_kodu": "04503"
    },
    {
        "mahalle_id": "43_4",
        "mahalle_adi": "Bozo Mah (zirekli Köyü)",
        "posta_kodu": "04510"
    },
    {
        "mahalle_id": "9_3",
        "mahalle_adi": "Bozoğlak Köyü",
        "posta_kodu": "04503"
    },
    {
        "mahalle_id": "66_2",
        "mahalle_adi": "Budak Köyü",
        "posta_kodu": "04502"
    },
    {
        "mahalle_id": "3_3",
        "mahalle_adi": "Budak Mah (dedeli Beldesi)",
        "posta_kodu": "04503"
    },
    {
        "mahalle_id": "11_2",
        "mahalle_adi": "Çakırbey Köyü",
        "posta_kodu": "04502"
    },
    {
        "mahalle_id": "2_1",
        "mahalle_adi": "Cami Mah",
        "posta_kodu": "04500"
    },
    {
        "mahalle_id": "14_2",
        "mahalle_adi": "Çamurlu Köyü",
        "posta_kodu": "04502"
    },
    {
        "mahalle_id": "19_4",
        "mahalle_adi": "Canik Mah (gençali Köyü)",
        "posta_kodu": "04510"
    },
    {
        "mahalle_id": "6_4",
        "mahalle_adi": "Çaputlu Köyü",
        "posta_kodu": "04510"
    },
    {
        "mahalle_id": "8_4",
        "mahalle_adi": "Çatmaoluk Köyü",
        "posta_kodu": "04510"
    },
    {
        "mahalle_id": "15_3",
        "mahalle_adi": "Çavuş Mah (bozoğlak Köyü)",
        "posta_kodu": "04503"
    },
    {
        "mahalle_id": "15_2",
        "mahalle_adi": "Çavuşköy Köyü",
        "posta_kodu": "04502"
    },
    {
        "mahalle_id": "4_1",
        "mahalle_adi": "Çay Mah",
        "posta_kodu": "04500"
    },
    {
        "mahalle_id": "41_3",
        "mahalle_adi": "Çaybaşı Mah (dedeli Beldesi)",
        "posta_kodu": "04503"
    },
    {
        "mahalle_id": "46_4",
        "mahalle_adi": "Çevlik Mah (zirekli Köyü)",
        "posta_kodu": "04510"
    },
    {
        "mahalle_id": "9_4",
        "mahalle_adi": "Çiçek Köyü",
        "posta_kodu": "04510"
    },
    {
        "mahalle_id": "26_3",
        "mahalle_adi": "Çiçek Mah (hasandolu Köyü)",
        "posta_kodu": "04503"
    },
    {
        "mahalle_id": "16_3",
        "mahalle_adi": "Çimenli Köyü",
        "posta_kodu": "04503"
    },
    {
        "mahalle_id": "43_3",
        "mahalle_adi": "Cızvız Mah (pirömer Köyü)",
        "posta_kodu": "04503"
    },
    {
        "mahalle_id": "28_4",
        "mahalle_adi": "Çortali Mah (kazanbey Köyü)",
        "posta_kodu": "04510"
    },
    {
        "mahalle_id": "14_4",
        "mahalle_adi": "Çubuklu Mah (ergeçli Köyü)",
        "posta_kodu": "04510"
    },
    {
        "mahalle_id": "17_3",
        "mahalle_adi": "Çukurbağ Köyü",
        "posta_kodu": "04503"
    },
    {
        "mahalle_id": "50_2",
        "mahalle_adi": "Cumhuriyet Mah (liç Mah) (yalçınkaya Köyü)",
        "posta_kodu": "04502"
    },
    {
        "mahalle_id": "3_1",
        "mahalle_adi": "Cumhuriyet Mah",
        "posta_kodu": "04500"
    },
    {
        "mahalle_id": "4_3",
        "mahalle_adi": "Cumhuriyet Mah (dedeli Beldesi)",
        "posta_kodu": "04503"
    },
    {
        "mahalle_id": "10_4",
        "mahalle_adi": "Dağalan Köyü",
        "posta_kodu": "04510"
    },
    {
        "mahalle_id": "7_3",
        "mahalle_adi": "Dambat Mah (baştarla Köyü)",
        "posta_kodu": "04503"
    },
    {
        "mahalle_id": "40_3",
        "mahalle_adi": "Değirmen Mah (dedeli Beldesi)",
        "posta_kodu": "04503"
    },
    {
        "mahalle_id": "19_3",
        "mahalle_adi": "Değirmendüzü Köyü",
        "posta_kodu": "04503"
    },
    {
        "mahalle_id": "77_2",
        "mahalle_adi": "Demirkaya Mah (kuruyaka Köyü)",
        "posta_kodu": "04502"
    },
    {
        "mahalle_id": "17_2",
        "mahalle_adi": "Demirören Köyü",
        "posta_kodu": "04502"
    },
    {
        "mahalle_id": "21_3",
        "mahalle_adi": "Derecik Köyü",
        "posta_kodu": "04503"
    },
    {
        "mahalle_id": "29_3",
        "mahalle_adi": "Derekomu Mah (karbasan Köyü)",
        "posta_kodu": "04503"
    },
    {
        "mahalle_id": "64_2",
        "mahalle_adi": "Dermo Mah (akyemiş Köyü)",
        "posta_kodu": "04502"
    },
    {
        "mahalle_id": "75_2",
        "mahalle_adi": "Dibek Mah (yukarıgöçmez Köyü)",
        "posta_kodu": "04502"
    },
    {
        "mahalle_id": "73_2",
        "mahalle_adi": "Dikilitaş Mah (yukarıkülecik Köyü)",
        "posta_kodu": "04502"
    },
    {
        "mahalle_id": "19_2",
        "mahalle_adi": "Dinçer Mah (edremit Köyü)",
        "posta_kodu": "04502"
    },
    {
        "mahalle_id": "11_4",
        "mahalle_adi": "Dizginkale Köyü",
        "posta_kodu": "04510"
    },
    {
        "mahalle_id": "62_2",
        "mahalle_adi": "Doğansu Köyü",
        "posta_kodu": "04502"
    },
    {
        "mahalle_id": "42_2",
        "mahalle_adi": "Düzce Mah (tanyeli Köyü)",
        "posta_kodu": "04502"
    },
    {
        "mahalle_id": "67_2",
        "mahalle_adi": "Düzceli Köyü",
        "posta_kodu": "04502"
    },
    {
        "mahalle_id": "18_2",
        "mahalle_adi": "Edremit Köyü",
        "posta_kodu": "04502"
    },
    {
        "mahalle_id": "12_4",
        "mahalle_adi": "Ergeçli Köyü",
        "posta_kodu": "04510"
    },
    {
        "mahalle_id": "23_3",
        "mahalle_adi": "Eryılmaz Köyü",
        "posta_kodu": "04503"
    },
    {
        "mahalle_id": "17_4",
        "mahalle_adi": "Esenbel Köyü",
        "posta_kodu": "04510"
    },
    {
        "mahalle_id": "48_4",
        "mahalle_adi": "Esentepe Mah (ergeçli Köyü)",
        "posta_kodu": "04510"
    },
    {
        "mahalle_id": "20_2",
        "mahalle_adi": "Eskikonak Köyü",
        "posta_kodu": "04502"
    },
    {
        "mahalle_id": "82_2",
        "mahalle_adi": "Evren Mah (hacılar Köyü)",
        "posta_kodu": "04502"
    },
    {
        "mahalle_id": "13_3",
        "mahalle_adi": "Fatih Mah (bozoğlak Köyü)",
        "posta_kodu": "04503"
    },
    {
        "mahalle_id": "54_2",
        "mahalle_adi": "Geçit Mah (yukarıkülecik Köyü)",
        "posta_kodu": "04502"
    },
    {
        "mahalle_id": "2_2",
        "mahalle_adi": "Gelebızın Mah (akçaören Köyü)",
        "posta_kodu": "04502"
    },
    {
        "mahalle_id": "18_4",
        "mahalle_adi": "Gençali Köyü",
        "posta_kodu": "04510"
    },
    {
        "mahalle_id": "20_4",
        "mahalle_adi": "Gökçeali Köyü",
        "posta_kodu": "04510"
    },
    {
        "mahalle_id": "21_2",
        "mahalle_adi": "Gökoğlu Köyü",
        "posta_kodu": "04502"
    },
    {
        "mahalle_id": "21_4",
        "mahalle_adi": "Göl Mah (gökçeali Köyü)",
        "posta_kodu": "04510"
    },
    {
        "mahalle_id": "37_4",
        "mahalle_adi": "Göl Mah (taşkın Köyü)",
        "posta_kodu": "04510"
    },
    {
        "mahalle_id": "23_4",
        "mahalle_adi": "Gönlüaçık Köyü",
        "posta_kodu": "04510"
    },
    {
        "mahalle_id": "10_2",
        "mahalle_adi": "Gül Mah (baltacık Köyü)",
        "posta_kodu": "04502"
    },
    {
        "mahalle_id": "24_2",
        "mahalle_adi": "Gülçimen Mah (hacılar Köyü)",
        "posta_kodu": "04502"
    },
    {
        "mahalle_id": "80_2",
        "mahalle_adi": "Güldüz Mah (akdilek Köyü)",
        "posta_kodu": "04502"
    },
    {
        "mahalle_id": "22_2",
        "mahalle_adi": "Güllüce Köyü",
        "posta_kodu": "04502"
    },
    {
        "mahalle_id": "1_4",
        "mahalle_adi": "Günbeli Köyü",
        "posta_kodu": "04510"
    },
    {
        "mahalle_id": "24_3",
        "mahalle_adi": "Gündüz Köyü",
        "posta_kodu": "04503"
    },
    {
        "mahalle_id": "25_4",
        "mahalle_adi": "Güvercinli Köyü",
        "posta_kodu": "04510"
    },
    {
        "mahalle_id": "41_2",
        "mahalle_adi": "Güzeldere Mah (tanyeli Köyü)",
        "posta_kodu": "04502"
    },
    {
        "mahalle_id": "23_2",
        "mahalle_adi": "Hacılar Köyü",
        "posta_kodu": "04502"
    },
    {
        "mahalle_id": "48_2",
        "mahalle_adi": "Halife Mah (uzungün Köyü)",
        "posta_kodu": "04502"
    },
    {
        "mahalle_id": "38_4",
        "mahalle_adi": "Harabekent Mah (taşkın Köyü)",
        "posta_kodu": "04510"
    },
    {
        "mahalle_id": "25_3",
        "mahalle_adi": "Hasandolu Köyü",
        "posta_kodu": "04503"
    },
    {
        "mahalle_id": "22_4",
        "mahalle_adi": "Hazne Mah (gökçeali Köyü)",
        "posta_kodu": "04510"
    },
    {
        "mahalle_id": "44_4",
        "mahalle_adi": "Hırba Gülan Mah (zirekli Köyü)",
        "posta_kodu": "04510"
    },
    {
        "mahalle_id": "27_4",
        "mahalle_adi": "Hırbe Mah (kazanbey Köyü)",
        "posta_kodu": "04510"
    },
    {
        "mahalle_id": "27_3",
        "mahalle_adi": "Hisar Köyü",
        "posta_kodu": "04503"
    },
    {
        "mahalle_id": "85_2",
        "mahalle_adi": "İncesu Mah (yukarıgöçmez Köyü)",
        "posta_kodu": "04502"
    },
    {
        "mahalle_id": "5_1",
        "mahalle_adi": "İnönü Mah",
        "posta_kodu": "04500"
    },
    {
        "mahalle_id": "6_2",
        "mahalle_adi": "Kale Mah (alatay Köyü)",
        "posta_kodu": "04502"
    },
    {
        "mahalle_id": "55_2",
        "mahalle_adi": "Kanışeviti Mah (yukarıkülecik Köyü)",
        "posta_kodu": "04502"
    },
    {
        "mahalle_id": "24_4",
        "mahalle_adi": "Karabulak Mah (gönlüaçık Köyü)",
        "posta_kodu": "04510"
    },
    {
        "mahalle_id": "25_2",
        "mahalle_adi": "Karatoklu Köyü",
        "posta_kodu": "04502"
    },
    {
        "mahalle_id": "28_3",
        "mahalle_adi": "Karbasan Köyü",
        "posta_kodu": "04503"
    },
    {
        "mahalle_id": "37_3",
        "mahalle_adi": "Kaş Köyü",
        "posta_kodu": "04503"
    },
    {
        "mahalle_id": "79_2",
        "mahalle_adi": "Kayadibi Mah (tanyeli Köyü)",
        "posta_kodu": "04502"
    },
    {
        "mahalle_id": "26_4",
        "mahalle_adi": "Kazanbey Köyü",
        "posta_kodu": "04510"
    },
    {
        "mahalle_id": "29_4",
        "mahalle_adi": "Keçelbaba Köyü",
        "posta_kodu": "04510"
    },
    {
        "mahalle_id": "18_3",
        "mahalle_adi": "Keleşler Mezrası Mah (çukurbağ Köyü)",
        "posta_kodu": "04503"
    },
    {
        "mahalle_id": "20_3",
        "mahalle_adi": "Kızılağıl Mah (değirmendüzü Köyü)",
        "posta_kodu": "04503"
    },
    {
        "mahalle_id": "26_2",
        "mahalle_adi": "Kızıltepe Köyü",
        "posta_kodu": "04502"
    },
    {
        "mahalle_id": "27_2",
        "mahalle_adi": "Kızkapan Köyü",
        "posta_kodu": "04502"
    },
    {
        "mahalle_id": "28_2",
        "mahalle_adi": "Koçaklar Köyü",
        "posta_kodu": "04502"
    },
    {
        "mahalle_id": "29_2",
        "mahalle_adi": "Konakbeyi Köyü",
        "posta_kodu": "04502"
    },
    {
        "mahalle_id": "30_4",
        "mahalle_adi": "Köseler Köyü",
        "posta_kodu": "04510"
    },
    {
        "mahalle_id": "32_4",
        "mahalle_adi": "Kucak Köyü",
        "posta_kodu": "04510"
    },
    {
        "mahalle_id": "34_2",
        "mahalle_adi": "Küncük Mah (sağrıca Köyü)",
        "posta_kodu": "04502"
    },
    {
        "mahalle_id": "31_2",
        "mahalle_adi": "Kürekli Köyü",
        "posta_kodu": "04502"
    },
    {
        "mahalle_id": "30_2",
        "mahalle_adi": "Kuruyaka Köyü",
        "posta_kodu": "04502"
    },
    {
        "mahalle_id": "68_2",
        "mahalle_adi": "Kuşkaya Köyü",
        "posta_kodu": "04502"
    },
    {
        "mahalle_id": "47_4",
        "mahalle_adi": "Maltepe Mah (aktepe Köyü)",
        "posta_kodu": "04510"
    },
    {
        "mahalle_id": "16_4",
        "mahalle_adi": "Mecnungölü Mah (ergeçli Köyü)",
        "posta_kodu": "04510"
    },
    {
        "mahalle_id": "1_3",
        "mahalle_adi": "Merkez Mah (dedeli Beldesi)",
        "posta_kodu": "04503"
    },
    {
        "mahalle_id": "30_3",
        "mahalle_adi": "Meydandağı Köyü",
        "posta_kodu": "04503"
    },
    {
        "mahalle_id": "39_2",
        "mahalle_adi": "Mezra Mah (tanyeli Köyü)",
        "posta_kodu": "04502"
    },
    {
        "mahalle_id": "59_2",
        "mahalle_adi": "Mezra Mah (yürekveren Köyü)",
        "posta_kodu": "04502"
    },
    {
        "mahalle_id": "32_2",
        "mahalle_adi": "Mollaibrahim Köyü",
        "posta_kodu": "04502"
    },
    {
        "mahalle_id": "33_4",
        "mahalle_adi": "Onbaşılar Köyü",
        "posta_kodu": "04510"
    },
    {
        "mahalle_id": "33_3",
        "mahalle_adi": "Örendik Köyü",
        "posta_kodu": "04503"
    },
    {
        "mahalle_id": "31_3",
        "mahalle_adi": "Ortadamla Köyü",
        "posta_kodu": "04503"
    },
    {
        "mahalle_id": "69_2",
        "mahalle_adi": "Oyacık Köyü",
        "posta_kodu": "04502"
    },
    {
        "mahalle_id": "70_2",
        "mahalle_adi": "Özdemir Köyü",
        "posta_kodu": "04502"
    },
    {
        "mahalle_id": "34_3",
        "mahalle_adi": "Pirömer Köyü",
        "posta_kodu": "04503"
    },
    {
        "mahalle_id": "33_2",
        "mahalle_adi": "Sağrıca Köyü",
        "posta_kodu": "04502"
    },
    {
        "mahalle_id": "56_2",
        "mahalle_adi": "Salahane Mah (yukarıkülecik Köyü)",
        "posta_kodu": "04502"
    },
    {
        "mahalle_id": "16_1",
        "mahalle_adi": "Sanayi Mah",
        "posta_kodu": "04500"
    },
    {
        "mahalle_id": "34_4",
        "mahalle_adi": "Sarıdibek Köyü",
        "posta_kodu": "04510"
    },
    {
        "mahalle_id": "12_1",
        "mahalle_adi": "Sarısu Mah",
        "posta_kodu": "04500"
    },
    {
        "mahalle_id": "45_4",
        "mahalle_adi": "Satıbulak Mah (zirekli Köyü)",
        "posta_kodu": "04510"
    },
    {
        "mahalle_id": "4_2",
        "mahalle_adi": "Şekerova Mah (akdilek Köyü)",
        "posta_kodu": "04502"
    },
    {
        "mahalle_id": "15_1",
        "mahalle_adi": "Selahaddini Eyyubi Mah",
        "posta_kodu": "04500"
    },
    {
        "mahalle_id": "17_1",
        "mahalle_adi": "Serhad Mah",
        "posta_kodu": "04500"
    },
    {
        "mahalle_id": "8_3",
        "mahalle_adi": "Şeytanova Mah (baştarla Köyü)",
        "posta_kodu": "04503"
    },
    {
        "mahalle_id": "13_2",
        "mahalle_adi": "Şırık Mah (çakırbey Köyü)",
        "posta_kodu": "04502"
    },
    {
        "mahalle_id": "35_2",
        "mahalle_adi": "Suluca Köyü",
        "posta_kodu": "04502"
    },
    {
        "mahalle_id": "14_1",
        "mahalle_adi": "Süphan Dağı Mah",
        "posta_kodu": "04500"
    },
    {
        "mahalle_id": "36_2",
        "mahalle_adi": "Susuz Köyü",
        "posta_kodu": "04502"
    },
    {
        "mahalle_id": "6_1",
        "mahalle_adi": "Sütlü Pınar Mah",
        "posta_kodu": "04500"
    },
    {
        "mahalle_id": "38_2",
        "mahalle_adi": "Tanyeli Köyü",
        "posta_kodu": "04502"
    },
    {
        "mahalle_id": "12_2",
        "mahalle_adi": "Tapu Mah (çakırbey Köyü)",
        "posta_kodu": "04502"
    },
    {
        "mahalle_id": "35_4",
        "mahalle_adi": "Taşkın Köyü",
        "posta_kodu": "04510"
    },
    {
        "mahalle_id": "83_2",
        "mahalle_adi": "Tekik Mah (kuruyaka Köyü)",
        "posta_kodu": "04502"
    },
    {
        "mahalle_id": "37_2",
        "mahalle_adi": "Tekmal Mah (susuz Köyü)",
        "posta_kodu": "04502"
    },
    {
        "mahalle_id": "44_2",
        "mahalle_adi": "Tepeli Köyü",
        "posta_kodu": "04502"
    },
    {
        "mahalle_id": "40_2",
        "mahalle_adi": "Tepeönü Köyü",
        "posta_kodu": "04502"
    },
    {
        "mahalle_id": "32_3",
        "mahalle_adi": "Tozbelen Mah (ortadamla Köyü)",
        "posta_kodu": "04503"
    },
    {
        "mahalle_id": "84_2",
        "mahalle_adi": "Turgut Özal Mah",
        "posta_kodu": "04502"
    },
    {
        "mahalle_id": "71_2",
        "mahalle_adi": "Üçoymak Köyü",
        "posta_kodu": "04502"
    },
    {
        "mahalle_id": "39_4",
        "mahalle_adi": "Ürküt Köyü",
        "posta_kodu": "04510"
    },
    {
        "mahalle_id": "45_2",
        "mahalle_adi": "Usluca Köyü",
        "posta_kodu": "04502"
    },
    {
        "mahalle_id": "2_3",
        "mahalle_adi": "Üzümlü Mah (dedeli Beldesi)",
        "posta_kodu": "04503"
    },
    {
        "mahalle_id": "46_2",
        "mahalle_adi": "Uzunca Köyü",
        "posta_kodu": "04502"
    },
    {
        "mahalle_id": "47_2",
        "mahalle_adi": "Uzungün Köyü",
        "posta_kodu": "04502"
    },
    {
        "mahalle_id": "74_2",
        "mahalle_adi": "Varan Mah (yukarıkülecik Köyü)",
        "posta_kodu": "04502"
    },
    {
        "mahalle_id": "43_2",
        "mahalle_adi": "Y.salahana Mah (tanyeli Köyü)",
        "posta_kodu": "04502"
    },
    {
        "mahalle_id": "49_4",
        "mahalle_adi": "Yağız Mah (ürküt Köyü)",
        "posta_kodu": "04510"
    },
    {
        "mahalle_id": "49_2",
        "mahalle_adi": "Yalçınkaya Köyü",
        "posta_kodu": "04502"
    },
    {
        "mahalle_id": "78_2",
        "mahalle_adi": "Yayalar Mah (tanyeli Köyü)",
        "posta_kodu": "04502"
    },
    {
        "mahalle_id": "7_1",
        "mahalle_adi": "Yeni Mah",
        "posta_kodu": "04500"
    },
    {
        "mahalle_id": "76_2",
        "mahalle_adi": "Yenice Mah (yukarıgöçmez Köyü)",
        "posta_kodu": "04502"
    },
    {
        "mahalle_id": "8_1",
        "mahalle_adi": "Yeşil Çimen Mah",
        "posta_kodu": "04500"
    },
    {
        "mahalle_id": "4_4",
        "mahalle_adi": "Yeşilce Mah (armutlu Köyü)",
        "posta_kodu": "04510"
    },
    {
        "mahalle_id": "11_3",
        "mahalle_adi": "Yeşilçimen Mah (bozoğlak Köyü)",
        "posta_kodu": "04503"
    },
    {
        "mahalle_id": "35_3",
        "mahalle_adi": "Yeşilhisar Köyü",
        "posta_kodu": "04503"
    },
    {
        "mahalle_id": "5_3",
        "mahalle_adi": "Yeşilova Mah (dedeli Beldesi)",
        "posta_kodu": "04503"
    },
    {
        "mahalle_id": "40_4",
        "mahalle_adi": "Yeşilyurt Köyü",
        "posta_kodu": "04510"
    },
    {
        "mahalle_id": "15_4",
        "mahalle_adi": "Yılanlı Mah (ergeçli Köyü)",
        "posta_kodu": "04510"
    },
    {
        "mahalle_id": "7_4",
        "mahalle_adi": "Yk.dumanlı Mah (çaputlu Köyü)",
        "posta_kodu": "04510"
    },
    {
        "mahalle_id": "10_3",
        "mahalle_adi": "Yk.hırbe Mah (bozoğlak Köyü)",
        "posta_kodu": "04503"
    },
    {
        "mahalle_id": "36_3",
        "mahalle_adi": "Yukarıdamla Köyü",
        "posta_kodu": "04503"
    },
    {
        "mahalle_id": "51_2",
        "mahalle_adi": "Yukarıgöçmez Köyü",
        "posta_kodu": "04502"
    },
    {
        "mahalle_id": "52_2",
        "mahalle_adi": "Yukarıkamışlı Köyü",
        "posta_kodu": "04502"
    },
    {
        "mahalle_id": "53_2",
        "mahalle_adi": "Yukarıkülecik Köyü",
        "posta_kodu": "04502"
    },
    {
        "mahalle_id": "81_2",
        "mahalle_adi": "Yukarımahalle Mah (yukarıgöçmez Köyü)",
        "posta_kodu": "04502"
    },
    {
        "mahalle_id": "57_2",
        "mahalle_adi": "Yüncüler Köyü",
        "posta_kodu": "04502"
    },
    {
        "mahalle_id": "10_1",
        "mahalle_adi": "Yunusemre Mah",
        "posta_kodu": "04500"
    },
    {
        "mahalle_id": "58_2",
        "mahalle_adi": "Yürekveren Köyü",
        "posta_kodu": "04502"
    },
    {
        "mahalle_id": "41_4",
        "mahalle_adi": "Yurtöven Köyü",
        "posta_kodu": "04510"
    },
    {
        "mahalle_id": "16_2",
        "mahalle_adi": "Yusuf Mah (çavuşköy Köyü)",
        "posta_kodu": "04502"
    },
    {
        "mahalle_id": "22_3",
        "mahalle_adi": "Zali Mah (derecik Köyü)",
        "posta_kodu": "04503"
    },
    {
        "mahalle_id": "60_2",
        "mahalle_adi": "Zincirkale Köyü",
        "posta_kodu": "04502"
    },
    {
        "mahalle_id": "42_4",
        "mahalle_adi": "Zirekli Köyü",
        "posta_kodu": "04510"
    },
    {
        "mahalle_id": "61_2",
        "mahalle_adi": "Ziyaret Köyü",
        "posta_kodu": "04502"
    },
    {
        "mahalle_id": "13_4",
        "mahalle_adi": "Zorava Mah (ergeçli Köyü)",
        "posta_kodu": "04510"
    },
    {
        "mahalle_id": "12_3",
        "mahalle_adi": "Zübeyt Komu Mah (bozoğlak Köyü)",
        "posta_kodu": "04503"
    }
]