[
    {
        "mahalle_id": "139_2",
        "mahalle_adi": "Açıkmeşe Mah (çıraklar Köyü)",
        "posta_kodu": "53480"
    },
    {
        "mahalle_id": "1_3",
        "mahalle_adi": "Ada Mah (tunca Beldesi)",
        "posta_kodu": "53490"
    },
    {
        "mahalle_id": "47_2",
        "mahalle_adi": "Akarsu Mah (güney Köyü)",
        "posta_kodu": "53480"
    },
    {
        "mahalle_id": "2_2",
        "mahalle_adi": "Akpınar Mah (akdere Köyü)",
        "posta_kodu": "53480"
    },
    {
        "mahalle_id": "73_2",
        "mahalle_adi": "Ali Efendi Mah (ortaalan Köyü)",
        "posta_kodu": "53480"
    },
    {
        "mahalle_id": "66_2",
        "mahalle_adi": "Alt Mah (manganez Köyü)",
        "posta_kodu": "53480"
    },
    {
        "mahalle_id": "85_2",
        "mahalle_adi": "Alt Mah (pınarlı Köyü)",
        "posta_kodu": "53480"
    },
    {
        "mahalle_id": "145_2",
        "mahalle_adi": "Arıcılar Köyü",
        "posta_kodu": "53480"
    },
    {
        "mahalle_id": "112_2",
        "mahalle_adi": "Arka Mah (şenyurt Köyü)",
        "posta_kodu": "53480"
    },
    {
        "mahalle_id": "70_2",
        "mahalle_adi": "Aşağı Mah (ortaalan Köyü)",
        "posta_kodu": "53480"
    },
    {
        "mahalle_id": "105_2",
        "mahalle_adi": "Aşağı Mah (şendere Köyü)",
        "posta_kodu": "53480"
    },
    {
        "mahalle_id": "13_2",
        "mahalle_adi": "Aşıklar Mah (armağan Köyü)",
        "posta_kodu": "53480"
    },
    {
        "mahalle_id": "74_2",
        "mahalle_adi": "Bağukuçhe Mah (ortaalan Köyü)",
        "posta_kodu": "53480"
    },
    {
        "mahalle_id": "1_1",
        "mahalle_adi": "Bahar Mah",
        "posta_kodu": "53400"
    },
    {
        "mahalle_id": "86_2",
        "mahalle_adi": "Bahar Mah (pınarlı Köyü)",
        "posta_kodu": "53480"
    },
    {
        "mahalle_id": "120_2",
        "mahalle_adi": "Bahar Mah (yavuz Köyü)",
        "posta_kodu": "53480"
    },
    {
        "mahalle_id": "2_1",
        "mahalle_adi": "Barış Mah",
        "posta_kodu": "53400"
    },
    {
        "mahalle_id": "3_1",
        "mahalle_adi": "Baş Mah",
        "posta_kodu": "53400"
    },
    {
        "mahalle_id": "107_2",
        "mahalle_adi": "Baş Mah (şenyamaç Köyü)",
        "posta_kodu": "53480"
    },
    {
        "mahalle_id": "94_2",
        "mahalle_adi": "Baş Mah (seslikaya Köyü)",
        "posta_kodu": "53480"
    },
    {
        "mahalle_id": "43_2",
        "mahalle_adi": "Berha Mah (gündoğan Köyü)",
        "posta_kodu": "53480"
    },
    {
        "mahalle_id": "132_2",
        "mahalle_adi": "Büyük Mah (yukarıdurak Köyü)",
        "posta_kodu": "53480"
    },
    {
        "mahalle_id": "101_2",
        "mahalle_adi": "Cami Altı Mah (şehitlik Köyü)",
        "posta_kodu": "53480"
    },
    {
        "mahalle_id": "4_1",
        "mahalle_adi": "Cami Mah",
        "posta_kodu": "53400"
    },
    {
        "mahalle_id": "23_2",
        "mahalle_adi": "Cami Mah (bayırcık Köyü)",
        "posta_kodu": "53480"
    },
    {
        "mahalle_id": "35_2",
        "mahalle_adi": "Cami Mah (duygulu Köyü)",
        "posta_kodu": "53480"
    },
    {
        "mahalle_id": "61_2",
        "mahalle_adi": "Cami Mah (küçükköy Köyü)",
        "posta_kodu": "53480"
    },
    {
        "mahalle_id": "84_2",
        "mahalle_adi": "Cami Mah (pınarlı Köyü)",
        "posta_kodu": "53480"
    },
    {
        "mahalle_id": "106_2",
        "mahalle_adi": "Cami Mah (şenyamaç Köyü)",
        "posta_kodu": "53480"
    },
    {
        "mahalle_id": "96_2",
        "mahalle_adi": "Cami Mah (seslikaya Köyü)",
        "posta_kodu": "53480"
    },
    {
        "mahalle_id": "115_2",
        "mahalle_adi": "Cami Mah (yamaçdere Köyü)",
        "posta_kodu": "53480"
    },
    {
        "mahalle_id": "119_2",
        "mahalle_adi": "Cami Mah (yavuz Köyü)",
        "posta_kodu": "53480"
    },
    {
        "mahalle_id": "124_2",
        "mahalle_adi": "Cami Mah (yeniköy Köyü)",
        "posta_kodu": "53480"
    },
    {
        "mahalle_id": "100_2",
        "mahalle_adi": "Cami Üstü Mah (şehitlik Köyü)",
        "posta_kodu": "53480"
    },
    {
        "mahalle_id": "7_2",
        "mahalle_adi": "Cami Ve Çevre Mah (akkaya Köyü)",
        "posta_kodu": "53480"
    },
    {
        "mahalle_id": "134_2",
        "mahalle_adi": "Çamlık Mah (yurtsever Köyü)",
        "posta_kodu": "53480"
    },
    {
        "mahalle_id": "116_2",
        "mahalle_adi": "Canca Mah (yamaçdere Köyü)",
        "posta_kodu": "53480"
    },
    {
        "mahalle_id": "45_2",
        "mahalle_adi": "Çelikler Mah (gündoğan Köyü)",
        "posta_kodu": "53480"
    },
    {
        "mahalle_id": "67_2",
        "mahalle_adi": "Cennet Mah (ortaalan Köyü)",
        "posta_kodu": "53480"
    },
    {
        "mahalle_id": "5_1",
        "mahalle_adi": "Çiftekavak Mah",
        "posta_kodu": "53400"
    },
    {
        "mahalle_id": "79_2",
        "mahalle_adi": "Cinizeni Mah (özgür Köyü)",
        "posta_kodu": "53480"
    },
    {
        "mahalle_id": "138_2",
        "mahalle_adi": "Çıraklar Mah (çıraklar Köyü)",
        "posta_kodu": "53480"
    },
    {
        "mahalle_id": "30_2",
        "mahalle_adi": "Çıraklar Mah (doğanay Köyü)",
        "posta_kodu": "53480"
    },
    {
        "mahalle_id": "18_2",
        "mahalle_adi": "Çirihinci Mah (aşağıdurak Köyü)",
        "posta_kodu": "53480"
    },
    {
        "mahalle_id": "49_2",
        "mahalle_adi": "Çukurlar Mah (güney Köyü)",
        "posta_kodu": "53480"
    },
    {
        "mahalle_id": "20_1",
        "mahalle_adi": "Cumhuriyet Mah",
        "posta_kodu": "53400"
    },
    {
        "mahalle_id": "126_2",
        "mahalle_adi": "Demirata Mah (yeniköy Köyü)",
        "posta_kodu": "53480"
    },
    {
        "mahalle_id": "6_1",
        "mahalle_adi": "Deniz Mah",
        "posta_kodu": "53400"
    },
    {
        "mahalle_id": "127_2",
        "mahalle_adi": "Deniz Mah (yeniyol Köyü)",
        "posta_kodu": "53480"
    },
    {
        "mahalle_id": "140_2",
        "mahalle_adi": "Denizli Mah (çıraklar Köyü)",
        "posta_kodu": "53480"
    },
    {
        "mahalle_id": "22_2",
        "mahalle_adi": "Dere Mah (bayırcık Köyü)",
        "posta_kodu": "53480"
    },
    {
        "mahalle_id": "102_2",
        "mahalle_adi": "Dere Mah (şehitlik Köyü)",
        "posta_kodu": "53480"
    },
    {
        "mahalle_id": "108_2",
        "mahalle_adi": "Dere Mah (şenyamaç Köyü)",
        "posta_kodu": "53480"
    },
    {
        "mahalle_id": "121_2",
        "mahalle_adi": "Dere Mah (yavuz Köyü)",
        "posta_kodu": "53480"
    },
    {
        "mahalle_id": "146_2",
        "mahalle_adi": "Dereiçi Mah (kaçkar Köyü)",
        "posta_kodu": "53480"
    },
    {
        "mahalle_id": "152_2",
        "mahalle_adi": "Deremezra Köyü",
        "posta_kodu": "53480"
    },
    {
        "mahalle_id": "21_2",
        "mahalle_adi": "Dobira Mah (bayırcık Köyü)",
        "posta_kodu": "53480"
    },
    {
        "mahalle_id": "15_2",
        "mahalle_adi": "Duatepe-altıntepe Mah (armağan Köyü)",
        "posta_kodu": "53480"
    },
    {
        "mahalle_id": "7_1",
        "mahalle_adi": "Düz Mah",
        "posta_kodu": "53400"
    },
    {
        "mahalle_id": "8_2",
        "mahalle_adi": "Düz Mah (akkaya Köyü)",
        "posta_kodu": "53480"
    },
    {
        "mahalle_id": "19_2",
        "mahalle_adi": "Düz Mah (aşağıdurak Köyü)",
        "posta_kodu": "53480"
    },
    {
        "mahalle_id": "24_2",
        "mahalle_adi": "Düz Mah (beyazkaya Köyü)",
        "posta_kodu": "53480"
    },
    {
        "mahalle_id": "48_2",
        "mahalle_adi": "Düz Mah (güney Köyü)",
        "posta_kodu": "53480"
    },
    {
        "mahalle_id": "65_2",
        "mahalle_adi": "Düz Mah (manganez Köyü)",
        "posta_kodu": "53480"
    },
    {
        "mahalle_id": "89_2",
        "mahalle_adi": "Düz Mah (pirinçlik Köyü)",
        "posta_kodu": "53480"
    },
    {
        "mahalle_id": "97_2",
        "mahalle_adi": "Düz Mah (seslikaya Köyü)",
        "posta_kodu": "53480"
    },
    {
        "mahalle_id": "7_3",
        "mahalle_adi": "Düz Mah (tunca Beldesi)",
        "posta_kodu": "53490"
    },
    {
        "mahalle_id": "113_2",
        "mahalle_adi": "Düz Mah (yamaçdere Köyü)",
        "posta_kodu": "53480"
    },
    {
        "mahalle_id": "8_1",
        "mahalle_adi": "Elmalık Mah",
        "posta_kodu": "53400"
    },
    {
        "mahalle_id": "147_2",
        "mahalle_adi": "Erikli Mah (kaçkar Köyü)",
        "posta_kodu": "53480"
    },
    {
        "mahalle_id": "72_2",
        "mahalle_adi": "Esentepe Mah (ortaalan Köyü)",
        "posta_kodu": "53480"
    },
    {
        "mahalle_id": "2_3",
        "mahalle_adi": "Esentepe Mah (tunca Beldesi)",
        "posta_kodu": "53490"
    },
    {
        "mahalle_id": "36_2",
        "mahalle_adi": "Eskiarmutluk Köyü",
        "posta_kodu": "53480"
    },
    {
        "mahalle_id": "21_1",
        "mahalle_adi": "Fatih Mah",
        "posta_kodu": "53400"
    },
    {
        "mahalle_id": "9_1",
        "mahalle_adi": "Fırtına Mah",
        "posta_kodu": "53400"
    },
    {
        "mahalle_id": "46_2",
        "mahalle_adi": "Gençler Mah (gündoğan Köyü)",
        "posta_kodu": "53480"
    },
    {
        "mahalle_id": "55_2",
        "mahalle_adi": "Gulivat Mah (köprüköy Köyü)",
        "posta_kodu": "53480"
    },
    {
        "mahalle_id": "59_2",
        "mahalle_adi": "Güneli Mah (küçükköy Köyü)",
        "posta_kodu": "53480"
    },
    {
        "mahalle_id": "148_2",
        "mahalle_adi": "Güneşli Mah (kaçkar Köyü)",
        "posta_kodu": "53480"
    },
    {
        "mahalle_id": "135_2",
        "mahalle_adi": "Güney Mah (yurtsever Köyü)",
        "posta_kodu": "53480"
    },
    {
        "mahalle_id": "90_2",
        "mahalle_adi": "Haşimoğlu Mah (pirinçlik Köyü)",
        "posta_kodu": "53480"
    },
    {
        "mahalle_id": "52_2",
        "mahalle_adi": "Hoşdere Köyü",
        "posta_kodu": "53480"
    },
    {
        "mahalle_id": "37_2",
        "mahalle_adi": "Ilıca Mah (eskiarmutluk Köyü)",
        "posta_kodu": "53480"
    },
    {
        "mahalle_id": "63_2",
        "mahalle_adi": "İncirdip Mah (küçükköy Köyü)",
        "posta_kodu": "53480"
    },
    {
        "mahalle_id": "150_2",
        "mahalle_adi": "Işıklı Mah",
        "posta_kodu": "53480"
    },
    {
        "mahalle_id": "80_2",
        "mahalle_adi": "İsina Mah (özgür Köyü)",
        "posta_kodu": "53480"
    },
    {
        "mahalle_id": "26_2",
        "mahalle_adi": "İslamoğlu Mah (doğanay Köyü)",
        "posta_kodu": "53480"
    },
    {
        "mahalle_id": "32_2",
        "mahalle_adi": "İsmailoğlu Mah (doğanay Köyü)",
        "posta_kodu": "53480"
    },
    {
        "mahalle_id": "131_2",
        "mahalle_adi": "Kaçkar Köyü",
        "posta_kodu": "53480"
    },
    {
        "mahalle_id": "10_1",
        "mahalle_adi": "Kahveciler Mah",
        "posta_kodu": "53400"
    },
    {
        "mahalle_id": "56_2",
        "mahalle_adi": "Kalayizeni Mah (köprüköy Köyü)",
        "posta_kodu": "53480"
    },
    {
        "mahalle_id": "42_2",
        "mahalle_adi": "Kanoğlu Mah (gündoğan Köyü)",
        "posta_kodu": "53480"
    },
    {
        "mahalle_id": "143_2",
        "mahalle_adi": "Karşı Mah (yeşiltepe Köyü)",
        "posta_kodu": "53480"
    },
    {
        "mahalle_id": "51_2",
        "mahalle_adi": "Karşıyaka Mah (güney Köyü)",
        "posta_kodu": "53480"
    },
    {
        "mahalle_id": "11_1",
        "mahalle_adi": "Kavaklıdere Mah",
        "posta_kodu": "53400"
    },
    {
        "mahalle_id": "130_2",
        "mahalle_adi": "Kayabaşı Mah (önder Köyü)",
        "posta_kodu": "53480"
    },
    {
        "mahalle_id": "28_2",
        "mahalle_adi": "Kibaroğlu Mah (doğanay Köyü)",
        "posta_kodu": "53480"
    },
    {
        "mahalle_id": "53_2",
        "mahalle_adi": "Kirazlık Köyü",
        "posta_kodu": "53480"
    },
    {
        "mahalle_id": "38_2",
        "mahalle_adi": "Kırazlık Mah (eskiarmutluk Köyü)",
        "posta_kodu": "53480"
    },
    {
        "mahalle_id": "14_2",
        "mahalle_adi": "Koçoğlu Mah (armağan Köyü)",
        "posta_kodu": "53480"
    },
    {
        "mahalle_id": "87_2",
        "mahalle_adi": "Koda Mah (pirinçlik Köyü)",
        "posta_kodu": "53480"
    },
    {
        "mahalle_id": "3_3",
        "mahalle_adi": "Konak Mah (tunca Beldesi)",
        "posta_kodu": "53490"
    },
    {
        "mahalle_id": "151_2",
        "mahalle_adi": "Konaktepe Mah",
        "posta_kodu": "53480"
    },
    {
        "mahalle_id": "57_2",
        "mahalle_adi": "Köprübaşı Mah (köprüköy Köyü)",
        "posta_kodu": "53480"
    },
    {
        "mahalle_id": "75_2",
        "mahalle_adi": "Korzati Mah (ortaalan Köyü)",
        "posta_kodu": "53480"
    },
    {
        "mahalle_id": "91_2",
        "mahalle_adi": "Kulaberler Mah (pirinçlik Köyü)",
        "posta_kodu": "53480"
    },
    {
        "mahalle_id": "39_2",
        "mahalle_adi": "Kuleciler Mah (gündoğan Köyü)",
        "posta_kodu": "53480"
    },
    {
        "mahalle_id": "117_2",
        "mahalle_adi": "Kurtgözlü Mah (yamaçdere Köyü)",
        "posta_kodu": "53480"
    },
    {
        "mahalle_id": "58_2",
        "mahalle_adi": "Kurtuluş Köyü",
        "posta_kodu": "53480"
    },
    {
        "mahalle_id": "12_1",
        "mahalle_adi": "Kuzey Mah",
        "posta_kodu": "53400"
    },
    {
        "mahalle_id": "13_1",
        "mahalle_adi": "Merkez Mah",
        "posta_kodu": "53400"
    },
    {
        "mahalle_id": "1_2",
        "mahalle_adi": "Merkez Mah (akdere Köyü)",
        "posta_kodu": "53480"
    },
    {
        "mahalle_id": "10_2",
        "mahalle_adi": "Merkez Mah (armağan Köyü)",
        "posta_kodu": "53480"
    },
    {
        "mahalle_id": "16_2",
        "mahalle_adi": "Merkez Mah (aşağıdurak Köyü)",
        "posta_kodu": "53480"
    },
    {
        "mahalle_id": "27_2",
        "mahalle_adi": "Merkez Mah (doğanay Köyü)",
        "posta_kodu": "53480"
    },
    {
        "mahalle_id": "54_2",
        "mahalle_adi": "Merkez Mah (köprüköy Köyü)",
        "posta_kodu": "53480"
    },
    {
        "mahalle_id": "60_2",
        "mahalle_adi": "Merkez Mah (küçükköy Köyü)",
        "posta_kodu": "53480"
    },
    {
        "mahalle_id": "68_2",
        "mahalle_adi": "Merkez Mah (ortaalan Köyü)",
        "posta_kodu": "53480"
    },
    {
        "mahalle_id": "81_2",
        "mahalle_adi": "Merkez Mah (özgür Köyü)",
        "posta_kodu": "53480"
    },
    {
        "mahalle_id": "83_2",
        "mahalle_adi": "Merkez Mah (pınarlı Köyü)",
        "posta_kodu": "53480"
    },
    {
        "mahalle_id": "110_2",
        "mahalle_adi": "Merkez Mah (şenyurt Köyü)",
        "posta_kodu": "53480"
    },
    {
        "mahalle_id": "95_2",
        "mahalle_adi": "Merkez Mah (seslikaya Köyü)",
        "posta_kodu": "53480"
    },
    {
        "mahalle_id": "99_2",
        "mahalle_adi": "Merkez Mah (sinan Köyü)",
        "posta_kodu": "53480"
    },
    {
        "mahalle_id": "4_3",
        "mahalle_adi": "Merkez Mah (tunca Beldesi)",
        "posta_kodu": "53490"
    },
    {
        "mahalle_id": "125_2",
        "mahalle_adi": "Merkez Mah (yeniköy Köyü)",
        "posta_kodu": "53480"
    },
    {
        "mahalle_id": "141_2",
        "mahalle_adi": "Merkez Mah (yeşiltepe Köyü)",
        "posta_kodu": "53480"
    },
    {
        "mahalle_id": "133_2",
        "mahalle_adi": "Merkez Mah (yurtsever Köyü)",
        "posta_kodu": "53480"
    },
    {
        "mahalle_id": "144_2",
        "mahalle_adi": "Mezra Mah (yeşiltepe Köyü)",
        "posta_kodu": "53480"
    },
    {
        "mahalle_id": "14_1",
        "mahalle_adi": "Müftü Mah",
        "posta_kodu": "53400"
    },
    {
        "mahalle_id": "29_2",
        "mahalle_adi": "Navdarlar Mah (doğanay Köyü)",
        "posta_kodu": "53480"
    },
    {
        "mahalle_id": "77_2",
        "mahalle_adi": "Nızamoğlu Mah (özgür Köyü)",
        "posta_kodu": "53480"
    },
    {
        "mahalle_id": "40_2",
        "mahalle_adi": "Oğuzlar Mah (gündoğan Köyü)",
        "posta_kodu": "53480"
    },
    {
        "mahalle_id": "136_2",
        "mahalle_adi": "Okumuşlar Mah (yurtsever Köyü)",
        "posta_kodu": "53480"
    },
    {
        "mahalle_id": "6_2",
        "mahalle_adi": "Orta Mah (akkaya Köyü)",
        "posta_kodu": "53480"
    },
    {
        "mahalle_id": "31_2",
        "mahalle_adi": "Orta Mah (doğanay Köyü)",
        "posta_kodu": "53480"
    },
    {
        "mahalle_id": "104_2",
        "mahalle_adi": "Orta Mah (şendere Köyü)",
        "posta_kodu": "53480"
    },
    {
        "mahalle_id": "93_2",
        "mahalle_adi": "Orta Mah (seslikaya Köyü)",
        "posta_kodu": "53480"
    },
    {
        "mahalle_id": "6_3",
        "mahalle_adi": "Orta Mah (tunca Beldesi)",
        "posta_kodu": "53490"
    },
    {
        "mahalle_id": "114_2",
        "mahalle_adi": "Orta Mah (yamaçdere Köyü)",
        "posta_kodu": "53480"
    },
    {
        "mahalle_id": "118_2",
        "mahalle_adi": "Orta Mah (yavuz Köyü)",
        "posta_kodu": "53480"
    },
    {
        "mahalle_id": "142_2",
        "mahalle_adi": "Orta Mah (yeşiltepe Köyü)",
        "posta_kodu": "53480"
    },
    {
        "mahalle_id": "11_2",
        "mahalle_adi": "Ortamahalle Mah (armağan Köyü)",
        "posta_kodu": "53480"
    },
    {
        "mahalle_id": "111_2",
        "mahalle_adi": "Sahil Mah (şenyurt Köyü)",
        "posta_kodu": "53480"
    },
    {
        "mahalle_id": "129_2",
        "mahalle_adi": "Şefkibey Mah (yeniyol Köyü)",
        "posta_kodu": "53480"
    },
    {
        "mahalle_id": "149_2",
        "mahalle_adi": "Şelale Mah (kaçkar Köyü)",
        "posta_kodu": "53480"
    },
    {
        "mahalle_id": "15_1",
        "mahalle_adi": "Şentepe Mah",
        "posta_kodu": "53400"
    },
    {
        "mahalle_id": "5_3",
        "mahalle_adi": "Şenyuva Mah (tunca Beldesi)",
        "posta_kodu": "53490"
    },
    {
        "mahalle_id": "92_2",
        "mahalle_adi": "Serindere Köyü",
        "posta_kodu": "53480"
    },
    {
        "mahalle_id": "76_2",
        "mahalle_adi": "Shemrona Mah (ortaalan Köyü)",
        "posta_kodu": "53480"
    },
    {
        "mahalle_id": "4_2",
        "mahalle_adi": "Sırt Mah (akkaya Köyü)",
        "posta_kodu": "53480"
    },
    {
        "mahalle_id": "17_2",
        "mahalle_adi": "Sırt Mah (aşağıdurak Köyü)",
        "posta_kodu": "53480"
    },
    {
        "mahalle_id": "50_2",
        "mahalle_adi": "Sırt Mah (güney Köyü)",
        "posta_kodu": "53480"
    },
    {
        "mahalle_id": "78_2",
        "mahalle_adi": "Sırt Mah (özgür Köyü)",
        "posta_kodu": "53480"
    },
    {
        "mahalle_id": "88_2",
        "mahalle_adi": "Sırt Mah (pirinçlik Köyü)",
        "posta_kodu": "53480"
    },
    {
        "mahalle_id": "71_2",
        "mahalle_adi": "Suluzeni Mah (ortaalan Köyü)",
        "posta_kodu": "53480"
    },
    {
        "mahalle_id": "9_2",
        "mahalle_adi": "Taş Kapı Mah (armağan Köyü)",
        "posta_kodu": "53480"
    },
    {
        "mahalle_id": "18_1",
        "mahalle_adi": "Taşbaşı Mah",
        "posta_kodu": "53400"
    },
    {
        "mahalle_id": "33_2",
        "mahalle_adi": "Tercümanlar Mah (duygulu Köyü)",
        "posta_kodu": "53480"
    },
    {
        "mahalle_id": "34_2",
        "mahalle_adi": "Topaloğlu Mah (duygulu Köyü)",
        "posta_kodu": "53480"
    },
    {
        "mahalle_id": "20_2",
        "mahalle_adi": "Trambona Mah (bayırcık Köyü)",
        "posta_kodu": "53480"
    },
    {
        "mahalle_id": "98_2",
        "mahalle_adi": "Türbe Mah (seslikaya Köyü)",
        "posta_kodu": "53480"
    },
    {
        "mahalle_id": "123_2",
        "mahalle_adi": "Tutan Mah (yeniköy Köyü)",
        "posta_kodu": "53480"
    },
    {
        "mahalle_id": "64_2",
        "mahalle_adi": "Üst Mah (manganez Köyü)",
        "posta_kodu": "53480"
    },
    {
        "mahalle_id": "82_2",
        "mahalle_adi": "Üst Mah (pınarlı Köyü)",
        "posta_kodu": "53480"
    },
    {
        "mahalle_id": "122_2",
        "mahalle_adi": "Üst Mah (yeniköy Köyü)",
        "posta_kodu": "53480"
    },
    {
        "mahalle_id": "19_1",
        "mahalle_adi": "Yavuz Selim Mah",
        "posta_kodu": "53400"
    },
    {
        "mahalle_id": "17_1",
        "mahalle_adi": "Yayla Mah",
        "posta_kodu": "53400"
    },
    {
        "mahalle_id": "16_1",
        "mahalle_adi": "Yeni Mah",
        "posta_kodu": "53400"
    },
    {
        "mahalle_id": "62_2",
        "mahalle_adi": "Yeni Mah (küçükköy Köyü)",
        "posta_kodu": "53480"
    },
    {
        "mahalle_id": "109_2",
        "mahalle_adi": "Yeni Mah (şenyamaç Köyü)",
        "posta_kodu": "53480"
    },
    {
        "mahalle_id": "12_2",
        "mahalle_adi": "Yeşilyurt Mah (armağan Köyü)",
        "posta_kodu": "53480"
    },
    {
        "mahalle_id": "44_2",
        "mahalle_adi": "Yıldızlar Mah (gündoğan Köyü)",
        "posta_kodu": "53480"
    },
    {
        "mahalle_id": "25_2",
        "mahalle_adi": "Yukarı Cami Mah (beyazkaya Köyü)",
        "posta_kodu": "53480"
    },
    {
        "mahalle_id": "5_2",
        "mahalle_adi": "Yukarı Mah (akkaya Köyü)",
        "posta_kodu": "53480"
    },
    {
        "mahalle_id": "69_2",
        "mahalle_adi": "Yukarı Mah (ortaalan Köyü)",
        "posta_kodu": "53480"
    },
    {
        "mahalle_id": "103_2",
        "mahalle_adi": "Yukarı Mah (şendere Köyü)",
        "posta_kodu": "53480"
    },
    {
        "mahalle_id": "128_2",
        "mahalle_adi": "Yukarki Mah (yeniyol Köyü)",
        "posta_kodu": "53480"
    },
    {
        "mahalle_id": "3_2",
        "mahalle_adi": "Yüksek Mah (akdere Köyü)",
        "posta_kodu": "53480"
    },
    {
        "mahalle_id": "137_2",
        "mahalle_adi": "Zeytinlik Köyü",
        "posta_kodu": "53480"
    },
    {
        "mahalle_id": "41_2",
        "mahalle_adi": "Zumadi Mah (gündoğan Köyü)",
        "posta_kodu": "53480"
    }
]