[
    {
        "mahalle_id": "6_2",
        "mahalle_adi": "Abdullah Mah (arıca Köyü)",
        "posta_kodu": "37942"
    },
    {
        "mahalle_id": "22_2",
        "mahalle_adi": "Ablu Mah (çağlar Köyü)",
        "posta_kodu": "37942"
    },
    {
        "mahalle_id": "133_2",
        "mahalle_adi": "Akgün Mah (kaymazlar Köyü)",
        "posta_kodu": "37942"
    },
    {
        "mahalle_id": "183_2",
        "mahalle_adi": "Akgün Mah (saraçlar Köyü)",
        "posta_kodu": "37942"
    },
    {
        "mahalle_id": "94_2",
        "mahalle_adi": "Alahasan Mah (ismail Köyü)",
        "posta_kodu": "37942"
    },
    {
        "mahalle_id": "112_2",
        "mahalle_adi": "Alı Mah (karacakaya Köyü)",
        "posta_kodu": "37942"
    },
    {
        "mahalle_id": "38_2",
        "mahalle_adi": "Arka Yaylası Mah (çatak Köyü)",
        "posta_kodu": "37942"
    },
    {
        "mahalle_id": "13_2",
        "mahalle_adi": "Aşağı Mah (canlar Köyü)",
        "posta_kodu": "37942"
    },
    {
        "mahalle_id": "158_2",
        "mahalle_adi": "Aşağı Mah (kuğu Köyü)",
        "posta_kodu": "37942"
    },
    {
        "mahalle_id": "10_2",
        "mahalle_adi": "Aşağısökü Köyü",
        "posta_kodu": "37942"
    },
    {
        "mahalle_id": "206_2",
        "mahalle_adi": "Asmakoz Mah (yukarısökü Köyü)",
        "posta_kodu": "37942"
    },
    {
        "mahalle_id": "89_2",
        "mahalle_adi": "At Meydanı Mah (hamidiye Köyü)",
        "posta_kodu": "37942"
    },
    {
        "mahalle_id": "216_2",
        "mahalle_adi": "Attepe Mah (yunuslar Köyü)",
        "posta_kodu": "37942"
    },
    {
        "mahalle_id": "152_2",
        "mahalle_adi": "Aybarlar Mah (köklüce Köyü)",
        "posta_kodu": "37942"
    },
    {
        "mahalle_id": "78_2",
        "mahalle_adi": "Ayı Kovduk Mah (hacıreis Köyü)",
        "posta_kodu": "37942"
    },
    {
        "mahalle_id": "141_2",
        "mahalle_adi": "Bağlarbaşı Mah (kızılcakaya Köyü)",
        "posta_kodu": "37942"
    },
    {
        "mahalle_id": "172_2",
        "mahalle_adi": "Balcı Küme Mah (paşalı Köyü)",
        "posta_kodu": "37942"
    },
    {
        "mahalle_id": "15_2",
        "mahalle_adi": "Bardaklı Mah (celaller Köyü)",
        "posta_kodu": "37942"
    },
    {
        "mahalle_id": "54_2",
        "mahalle_adi": "Başsökü Mah (duran Köyü)",
        "posta_kodu": "37942"
    },
    {
        "mahalle_id": "67_2",
        "mahalle_adi": "Bekirler Mah (güneşler Köyü)",
        "posta_kodu": "37942"
    },
    {
        "mahalle_id": "73_2",
        "mahalle_adi": "Bereket Mah (hacıreis Köyü)",
        "posta_kodu": "37942"
    },
    {
        "mahalle_id": "193_2",
        "mahalle_adi": "Beşevler Mah (sökü Köyü)",
        "posta_kodu": "37942"
    },
    {
        "mahalle_id": "83_2",
        "mahalle_adi": "Bostancı Mah (hacıreissökü Köyü)",
        "posta_kodu": "37942"
    },
    {
        "mahalle_id": "28_2",
        "mahalle_adi": "Butlar Mah (çatak Köyü)",
        "posta_kodu": "37942"
    },
    {
        "mahalle_id": "93_2",
        "mahalle_adi": "Büyükdüz Mah (ismail Köyü)",
        "posta_kodu": "37942"
    },
    {
        "mahalle_id": "111_2",
        "mahalle_adi": "Cami Yanı Mah (karacakaya Köyü)",
        "posta_kodu": "37942"
    },
    {
        "mahalle_id": "20_2",
        "mahalle_adi": "Çamlık Mah (çağlar Köyü)",
        "posta_kodu": "37942"
    },
    {
        "mahalle_id": "32_2",
        "mahalle_adi": "Çayır Mah (çatak Köyü)",
        "posta_kodu": "37942"
    },
    {
        "mahalle_id": "102_2",
        "mahalle_adi": "Cebeci Mah (karacakaya Köyü)",
        "posta_kodu": "37942"
    },
    {
        "mahalle_id": "76_2",
        "mahalle_adi": "Celal Mah (hacıreis Köyü)",
        "posta_kodu": "37942"
    },
    {
        "mahalle_id": "1_1",
        "mahalle_adi": "Çelebiler Mah",
        "posta_kodu": "37940"
    },
    {
        "mahalle_id": "63_2",
        "mahalle_adi": "Çerçi Mah (epçeler Köyü)",
        "posta_kodu": "37942"
    },
    {
        "mahalle_id": "51_2",
        "mahalle_adi": "Çiftlik Mah (duran Köyü)",
        "posta_kodu": "37942"
    },
    {
        "mahalle_id": "160_2",
        "mahalle_adi": "Çiftlik Mah (kuğu Köyü)",
        "posta_kodu": "37942"
    },
    {
        "mahalle_id": "180_2",
        "mahalle_adi": "Çıkışlar Mah (saraçlar Köyü)",
        "posta_kodu": "37942"
    },
    {
        "mahalle_id": "123_2",
        "mahalle_adi": "Cincioğlu Mah (kavakören Köyü)",
        "posta_kodu": "37942"
    },
    {
        "mahalle_id": "212_2",
        "mahalle_adi": "Civan Mah (yunuslar Köyü)",
        "posta_kodu": "37942"
    },
    {
        "mahalle_id": "71_2",
        "mahalle_adi": "Çörekçi Mah (hacıreis Köyü)",
        "posta_kodu": "37942"
    },
    {
        "mahalle_id": "16_2",
        "mahalle_adi": "Çukurca Mah (celaller Köyü)",
        "posta_kodu": "37942"
    },
    {
        "mahalle_id": "196_2",
        "mahalle_adi": "Çukursökü Mah (sökü Köyü)",
        "posta_kodu": "37942"
    },
    {
        "mahalle_id": "131_2",
        "mahalle_adi": "Cullar Mah (kayadibi Köyü)",
        "posta_kodu": "37942"
    },
    {
        "mahalle_id": "47_2",
        "mahalle_adi": "Dağköy Köyü",
        "posta_kodu": "37942"
    },
    {
        "mahalle_id": "122_2",
        "mahalle_adi": "Dangalak Mah (kavakören Köyü)",
        "posta_kodu": "37942"
    },
    {
        "mahalle_id": "35_2",
        "mahalle_adi": "Değirmen Önü Mah (çatak Köyü)",
        "posta_kodu": "37942"
    },
    {
        "mahalle_id": "23_2",
        "mahalle_adi": "Demirci Mah (çağlar Köyü)",
        "posta_kodu": "37942"
    },
    {
        "mahalle_id": "153_2",
        "mahalle_adi": "Demirci Mah (köklüce Köyü)",
        "posta_kodu": "37942"
    },
    {
        "mahalle_id": "156_2",
        "mahalle_adi": "Demircioğlu Mah (köklüce Köyü)",
        "posta_kodu": "37942"
    },
    {
        "mahalle_id": "167_2",
        "mahalle_adi": "Demiroğlu Mah (paşalı Köyü)",
        "posta_kodu": "37942"
    },
    {
        "mahalle_id": "142_2",
        "mahalle_adi": "Doğan Yuvası Mah (kirazlı Köyü)",
        "posta_kodu": "37942"
    },
    {
        "mahalle_id": "135_2",
        "mahalle_adi": "Dumanlar Mah (kaymazlar Köyü)",
        "posta_kodu": "37942"
    },
    {
        "mahalle_id": "129_2",
        "mahalle_adi": "Düzköy Mah (kayadibi Köyü)",
        "posta_kodu": "37942"
    },
    {
        "mahalle_id": "120_2",
        "mahalle_adi": "Düzmamlay Mah (kavakören Köyü)",
        "posta_kodu": "37942"
    },
    {
        "mahalle_id": "86_2",
        "mahalle_adi": "Emecen Mah (hacıreissökü Köyü)",
        "posta_kodu": "37942"
    },
    {
        "mahalle_id": "130_2",
        "mahalle_adi": "Emirler Mah (kayadibi Köyü)",
        "posta_kodu": "37942"
    },
    {
        "mahalle_id": "40_2",
        "mahalle_adi": "Epçeli Mah (çepni Köyü)",
        "posta_kodu": "37942"
    },
    {
        "mahalle_id": "116_2",
        "mahalle_adi": "Es Köprücek Mah (kavaklı Köyü)",
        "posta_kodu": "37942"
    },
    {
        "mahalle_id": "117_2",
        "mahalle_adi": "Eski Bostan Mah (kavaklı Köyü)",
        "posta_kodu": "37942"
    },
    {
        "mahalle_id": "125_2",
        "mahalle_adi": "Fevzioğlu Mah (kavakören Köyü)",
        "posta_kodu": "37942"
    },
    {
        "mahalle_id": "36_2",
        "mahalle_adi": "Fındıcak Mah (çatak Köyü)",
        "posta_kodu": "37942"
    },
    {
        "mahalle_id": "68_2",
        "mahalle_adi": "Fitillik Mah (güneşler Köyü)",
        "posta_kodu": "37942"
    },
    {
        "mahalle_id": "82_2",
        "mahalle_adi": "Gafar Mah (hacıreissökü Köyü)",
        "posta_kodu": "37942"
    },
    {
        "mahalle_id": "214_2",
        "mahalle_adi": "Gecitli Mah (yunuslar Köyü)",
        "posta_kodu": "37942"
    },
    {
        "mahalle_id": "56_2",
        "mahalle_adi": "Gedikoğlu Mah (duran Köyü)",
        "posta_kodu": "37942"
    },
    {
        "mahalle_id": "148_2",
        "mahalle_adi": "Ginolu Mah (konaklı Köyü)",
        "posta_kodu": "37942"
    },
    {
        "mahalle_id": "138_2",
        "mahalle_adi": "Gölharmanı Mah (kızılcakaya Köyü)",
        "posta_kodu": "37942"
    },
    {
        "mahalle_id": "52_2",
        "mahalle_adi": "Göller Mah (duran Köyü)",
        "posta_kodu": "37942"
    },
    {
        "mahalle_id": "200_2",
        "mahalle_adi": "Gümüşoğlu Mah (yemişli Köyü)",
        "posta_kodu": "37942"
    },
    {
        "mahalle_id": "18_2",
        "mahalle_adi": "Güneşli Mah (celaller Köyü)",
        "posta_kodu": "37942"
    },
    {
        "mahalle_id": "104_2",
        "mahalle_adi": "Güney Mah (karacakaya Köyü)",
        "posta_kodu": "37942"
    },
    {
        "mahalle_id": "188_2",
        "mahalle_adi": "Güneyler Mah (sırakonak Köyü)",
        "posta_kodu": "37942"
    },
    {
        "mahalle_id": "186_2",
        "mahalle_adi": "Güneyoğlu Mah (sırakonak Köyü)",
        "posta_kodu": "37942"
    },
    {
        "mahalle_id": "203_2",
        "mahalle_adi": "Güneysökü Mah (yenibeyler Köyü)",
        "posta_kodu": "37942"
    },
    {
        "mahalle_id": "30_2",
        "mahalle_adi": "Güzle Mah (çatak Köyü)",
        "posta_kodu": "37942"
    },
    {
        "mahalle_id": "137_2",
        "mahalle_adi": "Hasanlar Mah (kızılcakaya Köyü)",
        "posta_kodu": "37942"
    },
    {
        "mahalle_id": "103_2",
        "mahalle_adi": "Hasanpaşa Mah (karacakaya Köyü)",
        "posta_kodu": "37942"
    },
    {
        "mahalle_id": "19_2",
        "mahalle_adi": "Hatip Mah (çağlar Köyü)",
        "posta_kodu": "37942"
    },
    {
        "mahalle_id": "163_2",
        "mahalle_adi": "Hatipoğlu Mah (paşalı Köyü)",
        "posta_kodu": "37942"
    },
    {
        "mahalle_id": "33_2",
        "mahalle_adi": "Höcek Mah (çatak Köyü)",
        "posta_kodu": "37942"
    },
    {
        "mahalle_id": "126_2",
        "mahalle_adi": "Hüseyinler Mah (kavakören Köyü)",
        "posta_kodu": "37942"
    },
    {
        "mahalle_id": "80_2",
        "mahalle_adi": "İtoğlu Mah (hacıreis Köyü)",
        "posta_kodu": "37942"
    },
    {
        "mahalle_id": "98_2",
        "mahalle_adi": "İtoğlu Yaylası Mah (karacakaya Köyü)",
        "posta_kodu": "37942"
    },
    {
        "mahalle_id": "90_2",
        "mahalle_adi": "Kabalak Düzü Mah (hamidiye Köyü)",
        "posta_kodu": "37942"
    },
    {
        "mahalle_id": "96_2",
        "mahalle_adi": "Kadı Mah (ismail Köyü)",
        "posta_kodu": "37942"
    },
    {
        "mahalle_id": "165_2",
        "mahalle_adi": "Kadıköy Mah (paşalı Köyü)",
        "posta_kodu": "37942"
    },
    {
        "mahalle_id": "208_2",
        "mahalle_adi": "Kadılar Yaylası Mah (yukarısökü Köyü)",
        "posta_kodu": "37942"
    },
    {
        "mahalle_id": "170_2",
        "mahalle_adi": "Kadıoğlu Küme Mah (paşalı Köyü)",
        "posta_kodu": "37942"
    },
    {
        "mahalle_id": "34_2",
        "mahalle_adi": "Kadıoğlu Mah (çatak Köyü)",
        "posta_kodu": "37942"
    },
    {
        "mahalle_id": "81_2",
        "mahalle_adi": "Kalaç Mah (hacıreissökü Köyü)",
        "posta_kodu": "37942"
    },
    {
        "mahalle_id": "9_2",
        "mahalle_adi": "Kalafat Mah (arıca Köyü)",
        "posta_kodu": "37942"
    },
    {
        "mahalle_id": "105_2",
        "mahalle_adi": "Kamburoğlu Mah (karacakaya Köyü)",
        "posta_kodu": "37942"
    },
    {
        "mahalle_id": "1_2",
        "mahalle_adi": "Kapan Mah (arıca Köyü)",
        "posta_kodu": "37942"
    },
    {
        "mahalle_id": "178_2",
        "mahalle_adi": "Kapıkaya Mah (samancı Köyü)",
        "posta_kodu": "37942"
    },
    {
        "mahalle_id": "144_2",
        "mahalle_adi": "Kaplak Mah (kirazlı Köyü)",
        "posta_kodu": "37942"
    },
    {
        "mahalle_id": "181_2",
        "mahalle_adi": "Kara Sarmaşık Mah (saraçlar Köyü)",
        "posta_kodu": "37942"
    },
    {
        "mahalle_id": "65_2",
        "mahalle_adi": "Karadağlı Mah (fındıklı Köyü)",
        "posta_kodu": "37942"
    },
    {
        "mahalle_id": "127_2",
        "mahalle_adi": "Karamanlar Mah (kayadibi Köyü)",
        "posta_kodu": "37942"
    },
    {
        "mahalle_id": "147_2",
        "mahalle_adi": "Karapınar Mah (konaklı Köyü)",
        "posta_kodu": "37942"
    },
    {
        "mahalle_id": "88_2",
        "mahalle_adi": "Katip Mah (hamidiye Köyü)",
        "posta_kodu": "37942"
    },
    {
        "mahalle_id": "109_2",
        "mahalle_adi": "Kaya Mah (karacakaya Köyü)",
        "posta_kodu": "37942"
    },
    {
        "mahalle_id": "168_2",
        "mahalle_adi": "Kayaaltı Küme Mah (paşalı Köyü)",
        "posta_kodu": "37942"
    },
    {
        "mahalle_id": "21_2",
        "mahalle_adi": "Kayabaşı Mah (çağlar Köyü)",
        "posta_kodu": "37942"
    },
    {
        "mahalle_id": "49_2",
        "mahalle_adi": "Kayabaşı Mah (doğan Köyü)",
        "posta_kodu": "37942"
    },
    {
        "mahalle_id": "59_2",
        "mahalle_adi": "Kayabaşı Mah (epçeler Köyü)",
        "posta_kodu": "37942"
    },
    {
        "mahalle_id": "31_2",
        "mahalle_adi": "Kayışçıoğlu Mah (çatak Köyü)",
        "posta_kodu": "37942"
    },
    {
        "mahalle_id": "55_2",
        "mahalle_adi": "Kepek Mah (duran Köyü)",
        "posta_kodu": "37942"
    },
    {
        "mahalle_id": "43_2",
        "mahalle_adi": "Kesecik Mah (çepni Köyü)",
        "posta_kodu": "37942"
    },
    {
        "mahalle_id": "95_2",
        "mahalle_adi": "Kesnecioğlu Mah (ismail Köyü)",
        "posta_kodu": "37942"
    },
    {
        "mahalle_id": "27_2",
        "mahalle_adi": "Kete Mah (çatak Köyü)",
        "posta_kodu": "37942"
    },
    {
        "mahalle_id": "58_2",
        "mahalle_adi": "Kılavuzlar Mah (epçeler Köyü)",
        "posta_kodu": "37942"
    },
    {
        "mahalle_id": "60_2",
        "mahalle_adi": "Kirazbağı Mah (epçeler Köyü)",
        "posta_kodu": "37942"
    },
    {
        "mahalle_id": "72_2",
        "mahalle_adi": "Kırlangıç Mah (hacıreis Köyü)",
        "posta_kodu": "37942"
    },
    {
        "mahalle_id": "150_2",
        "mahalle_adi": "Kıvıllar Mah (kozsökü Köyü)",
        "posta_kodu": "37942"
    },
    {
        "mahalle_id": "2_2",
        "mahalle_adi": "Kızılağaççukuru Mah (arıca Köyü)",
        "posta_kodu": "37942"
    },
    {
        "mahalle_id": "118_2",
        "mahalle_adi": "Köprücek Mah (kavaklı Köyü)",
        "posta_kodu": "37942"
    },
    {
        "mahalle_id": "184_2",
        "mahalle_adi": "Köroğlu Mah (saraçlar Köyü)",
        "posta_kodu": "37942"
    },
    {
        "mahalle_id": "26_2",
        "mahalle_adi": "Koru Yaylası Mah (çatak Köyü)",
        "posta_kodu": "37942"
    },
    {
        "mahalle_id": "99_2",
        "mahalle_adi": "Küçükyatak Yaylası Mah (karacakaya Köyü)",
        "posta_kodu": "37942"
    },
    {
        "mahalle_id": "161_2",
        "mahalle_adi": "Kulfallar Köyü",
        "posta_kodu": "37942"
    },
    {
        "mahalle_id": "107_2",
        "mahalle_adi": "Kütükcü Mah (karacakaya Köyü)",
        "posta_kodu": "37942"
    },
    {
        "mahalle_id": "194_2",
        "mahalle_adi": "Kuz Mah (sökü Köyü)",
        "posta_kodu": "37942"
    },
    {
        "mahalle_id": "192_2",
        "mahalle_adi": "Mahmut Mah (sökü Köyü)",
        "posta_kodu": "37942"
    },
    {
        "mahalle_id": "202_2",
        "mahalle_adi": "Masutlar Mah (yenibeyler Köyü)",
        "posta_kodu": "37942"
    },
    {
        "mahalle_id": "215_2",
        "mahalle_adi": "Menterek Mah (yunuslar Köyü)",
        "posta_kodu": "37942"
    },
    {
        "mahalle_id": "2_1",
        "mahalle_adi": "Merkez Mah",
        "posta_kodu": "37940"
    },
    {
        "mahalle_id": "14_2",
        "mahalle_adi": "Merkez Mah (celaller Köyü)",
        "posta_kodu": "37942"
    },
    {
        "mahalle_id": "45_2",
        "mahalle_adi": "Merkez Mah (çubuklu Köyü)",
        "posta_kodu": "37942"
    },
    {
        "mahalle_id": "48_2",
        "mahalle_adi": "Merkez Mah (doğan Köyü)",
        "posta_kodu": "37942"
    },
    {
        "mahalle_id": "50_2",
        "mahalle_adi": "Merkez Mah (duran Köyü)",
        "posta_kodu": "37942"
    },
    {
        "mahalle_id": "57_2",
        "mahalle_adi": "Merkez Mah (epçeler Köyü)",
        "posta_kodu": "37942"
    },
    {
        "mahalle_id": "64_2",
        "mahalle_adi": "Merkez Mah (fındıklı Köyü)",
        "posta_kodu": "37942"
    },
    {
        "mahalle_id": "66_2",
        "mahalle_adi": "Merkez Mah (güneşler Köyü)",
        "posta_kodu": "37942"
    },
    {
        "mahalle_id": "70_2",
        "mahalle_adi": "Merkez Mah (hacıreis Köyü)",
        "posta_kodu": "37942"
    },
    {
        "mahalle_id": "91_2",
        "mahalle_adi": "Merkez Mah (ismail Köyü)",
        "posta_kodu": "37942"
    },
    {
        "mahalle_id": "113_2",
        "mahalle_adi": "Merkez Mah (kaşlıca Köyü)",
        "posta_kodu": "37942"
    },
    {
        "mahalle_id": "115_2",
        "mahalle_adi": "Merkez Mah (kavaklı Köyü)",
        "posta_kodu": "37942"
    },
    {
        "mahalle_id": "128_2",
        "mahalle_adi": "Merkez Mah (kayadibi Köyü)",
        "posta_kodu": "37942"
    },
    {
        "mahalle_id": "132_2",
        "mahalle_adi": "Merkez Mah (kaymazlar Köyü)",
        "posta_kodu": "37942"
    },
    {
        "mahalle_id": "136_2",
        "mahalle_adi": "Merkez Mah (kızılcakaya Köyü)",
        "posta_kodu": "37942"
    },
    {
        "mahalle_id": "146_2",
        "mahalle_adi": "Merkez Mah (konaklı Köyü)",
        "posta_kodu": "37942"
    },
    {
        "mahalle_id": "149_2",
        "mahalle_adi": "Merkez Mah (kozsökü Köyü)",
        "posta_kodu": "37942"
    },
    {
        "mahalle_id": "177_2",
        "mahalle_adi": "Merkez Mah (samancı Köyü)",
        "posta_kodu": "37942"
    },
    {
        "mahalle_id": "179_2",
        "mahalle_adi": "Merkez Mah (saraçlar Köyü)",
        "posta_kodu": "37942"
    },
    {
        "mahalle_id": "185_2",
        "mahalle_adi": "Merkez Mah (sırakonak Köyü)",
        "posta_kodu": "37942"
    },
    {
        "mahalle_id": "191_2",
        "mahalle_adi": "Merkez Mah (sökü Köyü)",
        "posta_kodu": "37942"
    },
    {
        "mahalle_id": "197_2",
        "mahalle_adi": "Merkez Mah (yemişli Köyü)",
        "posta_kodu": "37942"
    },
    {
        "mahalle_id": "201_2",
        "mahalle_adi": "Merkez Mah (yenibeyler Köyü)",
        "posta_kodu": "37942"
    },
    {
        "mahalle_id": "205_2",
        "mahalle_adi": "Merkez Mah (yukarısökü Köyü)",
        "posta_kodu": "37942"
    },
    {
        "mahalle_id": "209_2",
        "mahalle_adi": "Merkez Mah (yunuslar Köyü)",
        "posta_kodu": "37942"
    },
    {
        "mahalle_id": "39_2",
        "mahalle_adi": "Merkez Taşçı Mah (çepni Köyü)",
        "posta_kodu": "37942"
    },
    {
        "mahalle_id": "87_2",
        "mahalle_adi": "Meydancık Mah (hamidiye Köyü)",
        "posta_kodu": "37942"
    },
    {
        "mahalle_id": "124_2",
        "mahalle_adi": "Mıdanoğlu Mah (kavakören Köyü)",
        "posta_kodu": "37942"
    },
    {
        "mahalle_id": "44_2",
        "mahalle_adi": "Mısırlık Mah (çepni Köyü)",
        "posta_kodu": "37942"
    },
    {
        "mahalle_id": "198_2",
        "mahalle_adi": "Mollahasan Mah (yemişli Köyü)",
        "posta_kodu": "37942"
    },
    {
        "mahalle_id": "101_2",
        "mahalle_adi": "Murat Mah (karacakaya Köyü)",
        "posta_kodu": "37942"
    },
    {
        "mahalle_id": "151_2",
        "mahalle_adi": "Murat Mah (kozsökü Köyü)",
        "posta_kodu": "37942"
    },
    {
        "mahalle_id": "162_2",
        "mahalle_adi": "Mustafaoğlu Mah (paşalı Köyü)",
        "posta_kodu": "37942"
    },
    {
        "mahalle_id": "108_2",
        "mahalle_adi": "Obruk Mah (karacakaya Köyü)",
        "posta_kodu": "37942"
    },
    {
        "mahalle_id": "182_2",
        "mahalle_adi": "Obruk Mah (saraçlar Köyü)",
        "posta_kodu": "37942"
    },
    {
        "mahalle_id": "24_2",
        "mahalle_adi": "Orta Mah (çağlar Köyü)",
        "posta_kodu": "37942"
    },
    {
        "mahalle_id": "12_2",
        "mahalle_adi": "Orta Mah (canlar Köyü)",
        "posta_kodu": "37942"
    },
    {
        "mahalle_id": "62_2",
        "mahalle_adi": "Orta Mah (epçeler Köyü)",
        "posta_kodu": "37942"
    },
    {
        "mahalle_id": "145_2",
        "mahalle_adi": "Orta Mah (kirazlı Köyü)",
        "posta_kodu": "37942"
    },
    {
        "mahalle_id": "75_2",
        "mahalle_adi": "Osman Mah (hacıreis Köyü)",
        "posta_kodu": "37942"
    },
    {
        "mahalle_id": "41_2",
        "mahalle_adi": "Osmanoğlu Mah (çepni Köyü)",
        "posta_kodu": "37942"
    },
    {
        "mahalle_id": "92_2",
        "mahalle_adi": "Özlü Mah (ismail Köyü)",
        "posta_kodu": "37942"
    },
    {
        "mahalle_id": "166_2",
        "mahalle_adi": "Paşaoğlu Mah (paşalı Köyü)",
        "posta_kodu": "37942"
    },
    {
        "mahalle_id": "171_2",
        "mahalle_adi": "Patladun Mah (paşalı Köyü)",
        "posta_kodu": "37942"
    },
    {
        "mahalle_id": "143_2",
        "mahalle_adi": "Pazar Yeri Mah (kirazlı Köyü)",
        "posta_kodu": "37942"
    },
    {
        "mahalle_id": "173_2",
        "mahalle_adi": "Pür Mah (piri Köyü)",
        "posta_kodu": "37942"
    },
    {
        "mahalle_id": "84_2",
        "mahalle_adi": "Saatçi Mah (hacıreissökü Köyü)",
        "posta_kodu": "37942"
    },
    {
        "mahalle_id": "174_2",
        "mahalle_adi": "Şaban Mah (piri Köyü)",
        "posta_kodu": "37942"
    },
    {
        "mahalle_id": "199_2",
        "mahalle_adi": "Sağ Mah (yemişli Köyü)",
        "posta_kodu": "37942"
    },
    {
        "mahalle_id": "175_2",
        "mahalle_adi": "Saydaş Mah (piri Köyü)",
        "posta_kodu": "37942"
    },
    {
        "mahalle_id": "3_2",
        "mahalle_adi": "Sazak Mah (arıca Köyü)",
        "posta_kodu": "37942"
    },
    {
        "mahalle_id": "42_2",
        "mahalle_adi": "Sifan Mah (çepni Köyü)",
        "posta_kodu": "37942"
    },
    {
        "mahalle_id": "61_2",
        "mahalle_adi": "Şişmanlar Mah (epçeler Köyü)",
        "posta_kodu": "37942"
    },
    {
        "mahalle_id": "53_2",
        "mahalle_adi": "Söğüçler Mah (duran Köyü)",
        "posta_kodu": "37942"
    },
    {
        "mahalle_id": "119_2",
        "mahalle_adi": "Söğüşler Mah (kavaklı Köyü)",
        "posta_kodu": "37942"
    },
    {
        "mahalle_id": "79_2",
        "mahalle_adi": "Somaylı Yurdu Mah (hacıreis Köyü)",
        "posta_kodu": "37942"
    },
    {
        "mahalle_id": "77_2",
        "mahalle_adi": "Soyıcak Mah (hacıreis Köyü)",
        "posta_kodu": "37942"
    },
    {
        "mahalle_id": "106_2",
        "mahalle_adi": "Suçatı Mah (karacakaya Köyü)",
        "posta_kodu": "37942"
    },
    {
        "mahalle_id": "85_2",
        "mahalle_adi": "Sumaylı Yurdu Mah (hacıreissökü Köyü)",
        "posta_kodu": "37942"
    },
    {
        "mahalle_id": "207_2",
        "mahalle_adi": "Tarakçılar Mah (yukarısökü Köyü)",
        "posta_kodu": "37942"
    },
    {
        "mahalle_id": "4_2",
        "mahalle_adi": "Taşgelik Mah (arıca Köyü)",
        "posta_kodu": "37942"
    },
    {
        "mahalle_id": "97_2",
        "mahalle_adi": "Tepe Yayla Mah (karacakaya Köyü)",
        "posta_kodu": "37942"
    },
    {
        "mahalle_id": "134_2",
        "mahalle_adi": "Terziler Mah (kaymazlar Köyü)",
        "posta_kodu": "37942"
    },
    {
        "mahalle_id": "140_2",
        "mahalle_adi": "Tilhan Mah (kızılcakaya Köyü)",
        "posta_kodu": "37942"
    },
    {
        "mahalle_id": "5_2",
        "mahalle_adi": "Topçu Mah (arıca Köyü)",
        "posta_kodu": "37942"
    },
    {
        "mahalle_id": "210_2",
        "mahalle_adi": "Topcu Mah (yunuslar Köyü)",
        "posta_kodu": "37942"
    },
    {
        "mahalle_id": "121_2",
        "mahalle_adi": "Topçuoğlu Mah (kavakören Köyü)",
        "posta_kodu": "37942"
    },
    {
        "mahalle_id": "189_2",
        "mahalle_adi": "Toprakçıoğlu Mah (sırakonak Köyü)",
        "posta_kodu": "37942"
    },
    {
        "mahalle_id": "110_2",
        "mahalle_adi": "Tüccar Mah (karacakaya Köyü)",
        "posta_kodu": "37942"
    },
    {
        "mahalle_id": "74_2",
        "mahalle_adi": "Tüfekçi Mah (hacıreis Köyü)",
        "posta_kodu": "37942"
    },
    {
        "mahalle_id": "139_2",
        "mahalle_adi": "Tüğmen Mah (kızılcakaya Köyü)",
        "posta_kodu": "37942"
    },
    {
        "mahalle_id": "8_2",
        "mahalle_adi": "Tülek Mah (arıca Köyü)",
        "posta_kodu": "37942"
    },
    {
        "mahalle_id": "114_2",
        "mahalle_adi": "Üçevler Mah (kaşlıca Köyü)",
        "posta_kodu": "37942"
    },
    {
        "mahalle_id": "25_2",
        "mahalle_adi": "Ulu Mah (çağlar Köyü)",
        "posta_kodu": "37942"
    },
    {
        "mahalle_id": "176_2",
        "mahalle_adi": "Ulucuk Mah (samancı Köyü)",
        "posta_kodu": "37942"
    },
    {
        "mahalle_id": "46_2",
        "mahalle_adi": "Ulugüney Mah (çubuklu Köyü)",
        "posta_kodu": "37942"
    },
    {
        "mahalle_id": "195_2",
        "mahalle_adi": "Urluca Mah (sökü Köyü)",
        "posta_kodu": "37942"
    },
    {
        "mahalle_id": "164_2",
        "mahalle_adi": "Ustaoğlu Mah (paşalı Köyü)",
        "posta_kodu": "37942"
    },
    {
        "mahalle_id": "154_2",
        "mahalle_adi": "Uzunoğlu Mah (köklüce Köyü)",
        "posta_kodu": "37942"
    },
    {
        "mahalle_id": "7_2",
        "mahalle_adi": "Uzunpoyra Mah (arıca Köyü)",
        "posta_kodu": "37942"
    },
    {
        "mahalle_id": "169_2",
        "mahalle_adi": "Yabu Küme Mah (paşalı Köyü)",
        "posta_kodu": "37942"
    },
    {
        "mahalle_id": "213_2",
        "mahalle_adi": "Yanık Mah (yunuslar Köyü)",
        "posta_kodu": "37942"
    },
    {
        "mahalle_id": "190_2",
        "mahalle_adi": "Yayla Gavur Pınarı Mah (sırakonak Köyü)",
        "posta_kodu": "37942"
    },
    {
        "mahalle_id": "17_2",
        "mahalle_adi": "Yayla Mah (celaller Köyü)",
        "posta_kodu": "37942"
    },
    {
        "mahalle_id": "37_2",
        "mahalle_adi": "Yaylaoluğu Yaylası Mah (çatak Köyü)",
        "posta_kodu": "37942"
    },
    {
        "mahalle_id": "187_2",
        "mahalle_adi": "Yazıcıoğlu Mah (sırakonak Köyü)",
        "posta_kodu": "37942"
    },
    {
        "mahalle_id": "29_2",
        "mahalle_adi": "Yeni Mah (çatak Köyü)",
        "posta_kodu": "37942"
    },
    {
        "mahalle_id": "157_2",
        "mahalle_adi": "Yeni Mah (köklüce Köyü)",
        "posta_kodu": "37942"
    },
    {
        "mahalle_id": "69_2",
        "mahalle_adi": "Yeniköy Mah (güneşler Köyü)",
        "posta_kodu": "37942"
    },
    {
        "mahalle_id": "11_2",
        "mahalle_adi": "Yukarı Mah (canlar Köyü)",
        "posta_kodu": "37942"
    },
    {
        "mahalle_id": "159_2",
        "mahalle_adi": "Yukarı Mah (kuğu Köyü)",
        "posta_kodu": "37942"
    },
    {
        "mahalle_id": "204_2",
        "mahalle_adi": "Yukarıgüneysökü Mah (yenibeyler Köyü)",
        "posta_kodu": "37942"
    },
    {
        "mahalle_id": "155_2",
        "mahalle_adi": "Yumru Mah (köklüce Köyü)",
        "posta_kodu": "37942"
    },
    {
        "mahalle_id": "100_2",
        "mahalle_adi": "Yusuf Mah (karacakaya Köyü)",
        "posta_kodu": "37942"
    },
    {
        "mahalle_id": "211_2",
        "mahalle_adi": "Yuvacık Mah (yunuslar Köyü)",
        "posta_kodu": "37942"
    }
]