[
    {
        "mahalle_id": "40_2",
        "mahalle_adi": "Abacı Köyü",
        "posta_kodu": "05902"
    },
    {
        "mahalle_id": "25_2",
        "mahalle_adi": "Afet Evler Mah (karayakup Köyü)",
        "posta_kodu": "05902"
    },
    {
        "mahalle_id": "19_2",
        "mahalle_adi": "Ağcapınar Mah (karayakup Köyü)",
        "posta_kodu": "05902"
    },
    {
        "mahalle_id": "3_2",
        "mahalle_adi": "Alan Köyü",
        "posta_kodu": "05902"
    },
    {
        "mahalle_id": "4_2",
        "mahalle_adi": "Ardıçpınar Köyü",
        "posta_kodu": "05902"
    },
    {
        "mahalle_id": "23_2",
        "mahalle_adi": "Armutdibi Mah (karayakup Köyü)",
        "posta_kodu": "05902"
    },
    {
        "mahalle_id": "11_2",
        "mahalle_adi": "Aşağı Çulpara Mah (çulpara Köyü)",
        "posta_kodu": "05902"
    },
    {
        "mahalle_id": "5_2",
        "mahalle_adi": "Asar Köyü",
        "posta_kodu": "05902"
    },
    {
        "mahalle_id": "20_2",
        "mahalle_adi": "Aşılık Mah (karayakup Köyü)",
        "posta_kodu": "05902"
    },
    {
        "mahalle_id": "18_2",
        "mahalle_adi": "Aynının Önü Mah (karayakup Köyü)",
        "posta_kodu": "05902"
    },
    {
        "mahalle_id": "41_2",
        "mahalle_adi": "Ayvalıpınar Köyü",
        "posta_kodu": "05902"
    },
    {
        "mahalle_id": "42_2",
        "mahalle_adi": "Başpınar Köyü",
        "posta_kodu": "05902"
    },
    {
        "mahalle_id": "6_2",
        "mahalle_adi": "Bekdemir Köyü",
        "posta_kodu": "05902"
    },
    {
        "mahalle_id": "7_2",
        "mahalle_adi": "Beşiktepe Köyü",
        "posta_kodu": "05902"
    },
    {
        "mahalle_id": "8_2",
        "mahalle_adi": "Çamurlu Köyü",
        "posta_kodu": "05902"
    },
    {
        "mahalle_id": "9_2",
        "mahalle_adi": "Çayan Köyü",
        "posta_kodu": "05902"
    },
    {
        "mahalle_id": "43_2",
        "mahalle_adi": "Çaykışla Köyü",
        "posta_kodu": "05902"
    },
    {
        "mahalle_id": "1_2",
        "mahalle_adi": "Çeşmebaşı Mah (gediksaray Köyü)",
        "posta_kodu": "05902"
    },
    {
        "mahalle_id": "10_2",
        "mahalle_adi": "Çulpara Köyü",
        "posta_kodu": "05902"
    },
    {
        "mahalle_id": "1_1",
        "mahalle_adi": "Cumhuriyet Mah",
        "posta_kodu": "05900"
    },
    {
        "mahalle_id": "44_2",
        "mahalle_adi": "Davutevi Köyü",
        "posta_kodu": "05902"
    },
    {
        "mahalle_id": "12_2",
        "mahalle_adi": "Gökçeli Köyü",
        "posta_kodu": "05902"
    },
    {
        "mahalle_id": "22_2",
        "mahalle_adi": "Güzalan Mah (karayakup Köyü)",
        "posta_kodu": "05902"
    },
    {
        "mahalle_id": "46_2",
        "mahalle_adi": "Harmancık Köyü",
        "posta_kodu": "05902"
    },
    {
        "mahalle_id": "13_2",
        "mahalle_adi": "Hasanbey Köyü",
        "posta_kodu": "05902"
    },
    {
        "mahalle_id": "47_2",
        "mahalle_adi": "İkizyaka Köyü",
        "posta_kodu": "05902"
    },
    {
        "mahalle_id": "15_2",
        "mahalle_adi": "Ilısu Köyü",
        "posta_kodu": "05902"
    },
    {
        "mahalle_id": "45_2",
        "mahalle_adi": "Kafarlı Köyü",
        "posta_kodu": "05902"
    },
    {
        "mahalle_id": "48_2",
        "mahalle_adi": "Karapınar Mevki Mah (ikizyaka Köyü)",
        "posta_kodu": "05902"
    },
    {
        "mahalle_id": "16_2",
        "mahalle_adi": "Karaşar Köyü",
        "posta_kodu": "05902"
    },
    {
        "mahalle_id": "17_2",
        "mahalle_adi": "Karayakup Köyü",
        "posta_kodu": "05902"
    },
    {
        "mahalle_id": "28_2",
        "mahalle_adi": "Kertme Köyü",
        "posta_kodu": "05902"
    },
    {
        "mahalle_id": "29_2",
        "mahalle_adi": "Kervansaray Köyü",
        "posta_kodu": "05902"
    },
    {
        "mahalle_id": "24_2",
        "mahalle_adi": "Kilise Mah (karayakup Köyü)",
        "posta_kodu": "05902"
    },
    {
        "mahalle_id": "30_2",
        "mahalle_adi": "Kışlabeyi Köyü",
        "posta_kodu": "05902"
    },
    {
        "mahalle_id": "55_2",
        "mahalle_adi": "Kızılören Mah (terziköy Köyü)",
        "posta_kodu": "05902"
    },
    {
        "mahalle_id": "50_2",
        "mahalle_adi": "Konuralan Köyü",
        "posta_kodu": "05902"
    },
    {
        "mahalle_id": "31_2",
        "mahalle_adi": "Koyuncu Köyü",
        "posta_kodu": "05902"
    },
    {
        "mahalle_id": "21_2",
        "mahalle_adi": "Kuruluk Mah (karayakup Köyü)",
        "posta_kodu": "05902"
    },
    {
        "mahalle_id": "14_2",
        "mahalle_adi": "Kuyma Mah (ılısu Köyü)",
        "posta_kodu": "05902"
    },
    {
        "mahalle_id": "26_2",
        "mahalle_adi": "Kuyulu Kavaklı Köyü",
        "posta_kodu": "05902"
    },
    {
        "mahalle_id": "27_2",
        "mahalle_adi": "Kuyulu Mah (kuyulu Kavaklı Köyü)",
        "posta_kodu": "05902"
    },
    {
        "mahalle_id": "2_1",
        "mahalle_adi": "Merkez Mah",
        "posta_kodu": "05900"
    },
    {
        "mahalle_id": "4_1",
        "mahalle_adi": "Merkez Mah (damlaçimen Köyü)",
        "posta_kodu": "05900"
    },
    {
        "mahalle_id": "39_2",
        "mahalle_adi": "Mezra Mah (yassıkışla Köyü)",
        "posta_kodu": "05902"
    },
    {
        "mahalle_id": "49_2",
        "mahalle_adi": "Orta Mevki Mah (ikizyaka Köyü)",
        "posta_kodu": "05902"
    },
    {
        "mahalle_id": "35_2",
        "mahalle_adi": "Orta Şarklı Mah (şarklı Köyü)",
        "posta_kodu": "05902"
    },
    {
        "mahalle_id": "32_2",
        "mahalle_adi": "Pembeli Köyü",
        "posta_kodu": "05902"
    },
    {
        "mahalle_id": "34_2",
        "mahalle_adi": "Şarklı Köyü",
        "posta_kodu": "05902"
    },
    {
        "mahalle_id": "33_2",
        "mahalle_adi": "Sığırçayı Köyü",
        "posta_kodu": "05902"
    },
    {
        "mahalle_id": "51_2",
        "mahalle_adi": "Şıhlar Köyü",
        "posta_kodu": "05902"
    },
    {
        "mahalle_id": "37_2",
        "mahalle_adi": "Şıhoğlu Köyü",
        "posta_kodu": "05902"
    },
    {
        "mahalle_id": "52_2",
        "mahalle_adi": "Tencerli Köyü",
        "posta_kodu": "05902"
    },
    {
        "mahalle_id": "36_2",
        "mahalle_adi": "Tepe Şarklı Mah (şarklı Köyü)",
        "posta_kodu": "05902"
    },
    {
        "mahalle_id": "54_2",
        "mahalle_adi": "Terziköy Köyü",
        "posta_kodu": "05902"
    },
    {
        "mahalle_id": "38_2",
        "mahalle_adi": "Yassıkışla Köyü",
        "posta_kodu": "05902"
    },
    {
        "mahalle_id": "3_1",
        "mahalle_adi": "Yeni Mah",
        "posta_kodu": "05900"
    },
    {
        "mahalle_id": "56_2",
        "mahalle_adi": "Yeniköy Köyü",
        "posta_kodu": "05902"
    },
    {
        "mahalle_id": "2_2",
        "mahalle_adi": "Yeşildere Mah (gediksaray Köyü)",
        "posta_kodu": "05902"
    },
    {
        "mahalle_id": "53_2",
        "mahalle_adi": "Yeşilyurt Mah (tencerli Köyü)",
        "posta_kodu": "05902"
    }
]