[
    {
        "mahalle_id": "68_2",
        "mahalle_adi": "Abbas Mah (makaracı Köyü)",
        "posta_kodu": "74310"
    },
    {
        "mahalle_id": "61_2",
        "mahalle_adi": "Aferen Mah (kocaköy Köyü)",
        "posta_kodu": "74310"
    },
    {
        "mahalle_id": "30_2",
        "mahalle_adi": "Ağ Mah (göçkün Köyü)",
        "posta_kodu": "74310"
    },
    {
        "mahalle_id": "25_2",
        "mahalle_adi": "Ahmetler Mah (çanakçılar Köyü)",
        "posta_kodu": "74310"
    },
    {
        "mahalle_id": "6_2",
        "mahalle_adi": "Akkonak Köyü",
        "posta_kodu": "74310"
    },
    {
        "mahalle_id": "24_2",
        "mahalle_adi": "Ankular Mah (çanakçılar Köyü)",
        "posta_kodu": "74310"
    },
    {
        "mahalle_id": "4_2",
        "mahalle_adi": "Aşağı Mah (ahatlar Köyü)",
        "posta_kodu": "74310"
    },
    {
        "mahalle_id": "70_2",
        "mahalle_adi": "Aşağı Mah (saraydüzü Köyü)",
        "posta_kodu": "74310"
    },
    {
        "mahalle_id": "38_2",
        "mahalle_adi": "Aşağı Meydan Mah (gömü Köyü)",
        "posta_kodu": "74310"
    },
    {
        "mahalle_id": "49_2",
        "mahalle_adi": "Azimler Mah (inciğez Köyü)",
        "posta_kodu": "74310"
    },
    {
        "mahalle_id": "34_2",
        "mahalle_adi": "Baldıran Mah (göçkündemirci Köyü)",
        "posta_kodu": "74310"
    },
    {
        "mahalle_id": "3_2",
        "mahalle_adi": "Beşirler Mah (acarlar Köyü)",
        "posta_kodu": "74310"
    },
    {
        "mahalle_id": "9_2",
        "mahalle_adi": "Bostanlar Köyü",
        "posta_kodu": "74310"
    },
    {
        "mahalle_id": "1_1",
        "mahalle_adi": "Boztepe Mah",
        "posta_kodu": "74300"
    },
    {
        "mahalle_id": "88_2",
        "mahalle_adi": "Çamcı Mah (yahyayazıcılar Köyü)",
        "posta_kodu": "74310"
    },
    {
        "mahalle_id": "45_2",
        "mahalle_adi": "Cami Önü Mah (inciğez Köyü)",
        "posta_kodu": "74310"
    },
    {
        "mahalle_id": "40_2",
        "mahalle_adi": "Çapak Mevkii Mah (gömü Köyü)",
        "posta_kodu": "74310"
    },
    {
        "mahalle_id": "42_2",
        "mahalle_adi": "Cavcav Mah (gömü Köyü)",
        "posta_kodu": "74310"
    },
    {
        "mahalle_id": "39_2",
        "mahalle_adi": "Çınar Yolu Mah (gömü Köyü)",
        "posta_kodu": "74310"
    },
    {
        "mahalle_id": "28_2",
        "mahalle_adi": "Dada Mah (esenler Köyü)",
        "posta_kodu": "74310"
    },
    {
        "mahalle_id": "91_2",
        "mahalle_adi": "Dağ Mah (yukarısal Köyü)",
        "posta_kodu": "74310"
    },
    {
        "mahalle_id": "33_2",
        "mahalle_adi": "Dede Mah (göçkündemirci Köyü)",
        "posta_kodu": "74310"
    },
    {
        "mahalle_id": "57_2",
        "mahalle_adi": "Demirciler Mah (kazpınarı Köyü)",
        "posta_kodu": "74310"
    },
    {
        "mahalle_id": "90_2",
        "mahalle_adi": "Demirciler Mah (yukarısal Köyü)",
        "posta_kodu": "74310"
    },
    {
        "mahalle_id": "62_2",
        "mahalle_adi": "Deredibi Mah (kocaköy Köyü)",
        "posta_kodu": "74310"
    },
    {
        "mahalle_id": "63_2",
        "mahalle_adi": "Deremescit Mah (kocaköy Köyü)",
        "posta_kodu": "74310"
    },
    {
        "mahalle_id": "44_2",
        "mahalle_adi": "Dindar Mah (hatipler Köyü)",
        "posta_kodu": "74310"
    },
    {
        "mahalle_id": "11_2",
        "mahalle_adi": "Doğancı Mah (cumayanı Köyü)",
        "posta_kodu": "74310"
    },
    {
        "mahalle_id": "69_2",
        "mahalle_adi": "Düz Mah (makaracı Köyü)",
        "posta_kodu": "74310"
    },
    {
        "mahalle_id": "35_2",
        "mahalle_adi": "Eskiler Mah (gömü Köyü)",
        "posta_kodu": "74310"
    },
    {
        "mahalle_id": "2_1",
        "mahalle_adi": "Fatih Mah",
        "posta_kodu": "74300"
    },
    {
        "mahalle_id": "29_2",
        "mahalle_adi": "Fer Mah (esenler Köyü)",
        "posta_kodu": "74310"
    },
    {
        "mahalle_id": "8_2",
        "mahalle_adi": "Göynük Mah (aliobası Köyü)",
        "posta_kodu": "74310"
    },
    {
        "mahalle_id": "50_2",
        "mahalle_adi": "İnpiri Köyü",
        "posta_kodu": "74310"
    },
    {
        "mahalle_id": "52_2",
        "mahalle_adi": "Kadı Mah (kalaycı Köyü)",
        "posta_kodu": "74310"
    },
    {
        "mahalle_id": "3_1",
        "mahalle_adi": "Kaleiçi Mah",
        "posta_kodu": "74300"
    },
    {
        "mahalle_id": "4_1",
        "mahalle_adi": "Kaleşah Mah",
        "posta_kodu": "74300"
    },
    {
        "mahalle_id": "59_2",
        "mahalle_adi": "Kara Yusuflar Mah (kazpınarı Köyü)",
        "posta_kodu": "74310"
    },
    {
        "mahalle_id": "78_2",
        "mahalle_adi": "Karşı Mah (şenyurt Köyü)",
        "posta_kodu": "74310"
    },
    {
        "mahalle_id": "41_2",
        "mahalle_adi": "Kayran Başı Mah (gömü Köyü)",
        "posta_kodu": "74310"
    },
    {
        "mahalle_id": "2_2",
        "mahalle_adi": "Kecinler Mah (acarlar Köyü)",
        "posta_kodu": "74310"
    },
    {
        "mahalle_id": "22_2",
        "mahalle_adi": "Kestanelik Mah (çanakçılar Köyü)",
        "posta_kodu": "74310"
    },
    {
        "mahalle_id": "66_2",
        "mahalle_adi": "Kökyol Mah (makaracı Köyü)",
        "posta_kodu": "74310"
    },
    {
        "mahalle_id": "75_2",
        "mahalle_adi": "Kökyol Mah (saraydüzü Köyü)",
        "posta_kodu": "74310"
    },
    {
        "mahalle_id": "12_2",
        "mahalle_adi": "Konaklar Mah (cumayanı Köyü)",
        "posta_kodu": "74310"
    },
    {
        "mahalle_id": "54_2",
        "mahalle_adi": "Konuklar Mah (karakaçak Köyü)",
        "posta_kodu": "74310"
    },
    {
        "mahalle_id": "76_2",
        "mahalle_adi": "Köprübaşı Mah (şenyurt Köyü)",
        "posta_kodu": "74310"
    },
    {
        "mahalle_id": "36_2",
        "mahalle_adi": "Köy Ortası Mah (gömü Köyü)",
        "posta_kodu": "74310"
    },
    {
        "mahalle_id": "71_2",
        "mahalle_adi": "Köy Ortası Mah (saraydüzü Köyü)",
        "posta_kodu": "74310"
    },
    {
        "mahalle_id": "83_2",
        "mahalle_adi": "Küçükören Mah (topallar Köyü)",
        "posta_kodu": "74310"
    },
    {
        "mahalle_id": "5_1",
        "mahalle_adi": "Kum Mah",
        "posta_kodu": "74300"
    },
    {
        "mahalle_id": "14_2",
        "mahalle_adi": "Kuyupınar Mah (çakrazboz Köyü)",
        "posta_kodu": "74310"
    },
    {
        "mahalle_id": "1_2",
        "mahalle_adi": "Merkez Mah (acarlar Köyü)",
        "posta_kodu": "74310"
    },
    {
        "mahalle_id": "7_2",
        "mahalle_adi": "Merkez Mah (aliobası Köyü)",
        "posta_kodu": "74310"
    },
    {
        "mahalle_id": "13_2",
        "mahalle_adi": "Merkez Mah (çakrazboz Köyü)",
        "posta_kodu": "74310"
    },
    {
        "mahalle_id": "15_2",
        "mahalle_adi": "Merkez Mah (çakrazova Köyü)",
        "posta_kodu": "74310"
    },
    {
        "mahalle_id": "19_2",
        "mahalle_adi": "Merkez Mah (çakrazşeyhler Köyü)",
        "posta_kodu": "74310"
    },
    {
        "mahalle_id": "20_2",
        "mahalle_adi": "Merkez Mah (çanakçılar Köyü)",
        "posta_kodu": "74310"
    },
    {
        "mahalle_id": "10_2",
        "mahalle_adi": "Merkez Mah (cumayanı Köyü)",
        "posta_kodu": "74310"
    },
    {
        "mahalle_id": "27_2",
        "mahalle_adi": "Merkez Mah (esenler Köyü)",
        "posta_kodu": "74310"
    },
    {
        "mahalle_id": "31_2",
        "mahalle_adi": "Merkez Mah (göçkün Köyü)",
        "posta_kodu": "74310"
    },
    {
        "mahalle_id": "32_2",
        "mahalle_adi": "Merkez Mah (göçkündemirci Köyü)",
        "posta_kodu": "74310"
    },
    {
        "mahalle_id": "43_2",
        "mahalle_adi": "Merkez Mah (hatipler Köyü)",
        "posta_kodu": "74310"
    },
    {
        "mahalle_id": "51_2",
        "mahalle_adi": "Merkez Mah (kalaycı Köyü)",
        "posta_kodu": "74310"
    },
    {
        "mahalle_id": "53_2",
        "mahalle_adi": "Merkez Mah (karakaçak Köyü)",
        "posta_kodu": "74310"
    },
    {
        "mahalle_id": "56_2",
        "mahalle_adi": "Merkez Mah (kazpınarı Köyü)",
        "posta_kodu": "74310"
    },
    {
        "mahalle_id": "60_2",
        "mahalle_adi": "Merkez Mah (kocaköy Köyü)",
        "posta_kodu": "74310"
    },
    {
        "mahalle_id": "65_2",
        "mahalle_adi": "Merkez Mah (makaracı Köyü)",
        "posta_kodu": "74310"
    },
    {
        "mahalle_id": "82_2",
        "mahalle_adi": "Merkez Mah (topallar Köyü)",
        "posta_kodu": "74310"
    },
    {
        "mahalle_id": "85_2",
        "mahalle_adi": "Merkez Mah (yahyayazıcılar Köyü)",
        "posta_kodu": "74310"
    },
    {
        "mahalle_id": "89_2",
        "mahalle_adi": "Merkez Mah (yukarısal Köyü)",
        "posta_kodu": "74310"
    },
    {
        "mahalle_id": "23_2",
        "mahalle_adi": "Meşeli Mah (çanakçılar Köyü)",
        "posta_kodu": "74310"
    },
    {
        "mahalle_id": "46_2",
        "mahalle_adi": "Meydan Mah (inciğez Köyü)",
        "posta_kodu": "74310"
    },
    {
        "mahalle_id": "21_2",
        "mahalle_adi": "Meydan Mah (kocaköy Köyü)",
        "posta_kodu": "74310"
    },
    {
        "mahalle_id": "26_2",
        "mahalle_adi": "Meydan2 Mah (kocaköy Köyü)",
        "posta_kodu": "74310"
    },
    {
        "mahalle_id": "18_2",
        "mahalle_adi": "Okullar Mah (çakrazşeyhler Köyü)",
        "posta_kodu": "74310"
    },
    {
        "mahalle_id": "47_2",
        "mahalle_adi": "Orta Köyü Mah (inciğez Köyü)",
        "posta_kodu": "74310"
    },
    {
        "mahalle_id": "17_2",
        "mahalle_adi": "Orta Mah (çakrazşeyhler Köyü)",
        "posta_kodu": "74310"
    },
    {
        "mahalle_id": "79_2",
        "mahalle_adi": "Orta Mah (şenyurt Köyü)",
        "posta_kodu": "74310"
    },
    {
        "mahalle_id": "74_2",
        "mahalle_adi": "Öteköy Mah (saraydüzü Köyü)",
        "posta_kodu": "74310"
    },
    {
        "mahalle_id": "55_2",
        "mahalle_adi": "Ovacık Mah (karakaçak Köyü)",
        "posta_kodu": "74310"
    },
    {
        "mahalle_id": "58_2",
        "mahalle_adi": "Sarı Ahmetler Mah (kazpınarı Köyü)",
        "posta_kodu": "74310"
    },
    {
        "mahalle_id": "48_2",
        "mahalle_adi": "Sazaklar Mah (inciğez Köyü)",
        "posta_kodu": "74310"
    },
    {
        "mahalle_id": "67_2",
        "mahalle_adi": "Serenli Mah (makaracı Köyü)",
        "posta_kodu": "74310"
    },
    {
        "mahalle_id": "80_2",
        "mahalle_adi": "Şükürler Köyü",
        "posta_kodu": "74310"
    },
    {
        "mahalle_id": "81_2",
        "mahalle_adi": "Tarlaağzı Köyü",
        "posta_kodu": "74310"
    },
    {
        "mahalle_id": "73_2",
        "mahalle_adi": "Taşlık Mah (saraydüzü Köyü)",
        "posta_kodu": "74310"
    },
    {
        "mahalle_id": "84_2",
        "mahalle_adi": "Topderesi Köyü",
        "posta_kodu": "74310"
    },
    {
        "mahalle_id": "16_2",
        "mahalle_adi": "Yerköy Mah (çakrazova Köyü)",
        "posta_kodu": "74310"
    },
    {
        "mahalle_id": "64_2",
        "mahalle_adi": "Yesirler Mah (kocaköy Köyü)",
        "posta_kodu": "74310"
    },
    {
        "mahalle_id": "87_2",
        "mahalle_adi": "Yörükler Mah (yahyayazıcılar Köyü)",
        "posta_kodu": "74310"
    },
    {
        "mahalle_id": "5_2",
        "mahalle_adi": "Yukarı Mah (ahatlar Köyü)",
        "posta_kodu": "74310"
    },
    {
        "mahalle_id": "37_2",
        "mahalle_adi": "Yukarı Mah (gömü Köyü)",
        "posta_kodu": "74310"
    },
    {
        "mahalle_id": "72_2",
        "mahalle_adi": "Yukarı Mah (saraydüzü Köyü)",
        "posta_kodu": "74310"
    },
    {
        "mahalle_id": "77_2",
        "mahalle_adi": "Yukarı Mah (şenyurt Köyü)",
        "posta_kodu": "74310"
    },
    {
        "mahalle_id": "86_2",
        "mahalle_adi": "Zica Mah (yahyayazıcılar Köyü)",
        "posta_kodu": "74310"
    }
]