[
    {
        "mahalle_id": "1_1",
        "mahalle_adi": "Abidehatun Mah",
        "posta_kodu": "05300"
    },
    {
        "mahalle_id": "8_2",
        "mahalle_adi": "Afet Evleri Mah (akören Köyü)",
        "posta_kodu": "05302"
    },
    {
        "mahalle_id": "51_2",
        "mahalle_adi": "Akpınar Köyü",
        "posta_kodu": "05302"
    },
    {
        "mahalle_id": "52_2",
        "mahalle_adi": "Aktarla Köyü",
        "posta_kodu": "05302"
    },
    {
        "mahalle_id": "35_2",
        "mahalle_adi": "Alıcık Köyü",
        "posta_kodu": "05302"
    },
    {
        "mahalle_id": "53_2",
        "mahalle_adi": "Alişar Köyü",
        "posta_kodu": "05302"
    },
    {
        "mahalle_id": "12_2",
        "mahalle_adi": "Aşağıbük Köyü",
        "posta_kodu": "05302"
    },
    {
        "mahalle_id": "11_2",
        "mahalle_adi": "Bağlar Mah (aksungur Köyü)",
        "posta_kodu": "05302"
    },
    {
        "mahalle_id": "2_1",
        "mahalle_adi": "Bağlarbaşı Mah",
        "posta_kodu": "05300"
    },
    {
        "mahalle_id": "83_2",
        "mahalle_adi": "Bahçecik Mah (bahçecik Köyü)",
        "posta_kodu": "05302"
    },
    {
        "mahalle_id": "3_1",
        "mahalle_adi": "Bahçelievler Mah",
        "posta_kodu": "05300"
    },
    {
        "mahalle_id": "54_2",
        "mahalle_adi": "Balgöze Köyü",
        "posta_kodu": "05302"
    },
    {
        "mahalle_id": "55_2",
        "mahalle_adi": "Bayazıt Köyü",
        "posta_kodu": "05302"
    },
    {
        "mahalle_id": "4_1",
        "mahalle_adi": "Buğdaylı Mah",
        "posta_kodu": "05300"
    },
    {
        "mahalle_id": "18_2",
        "mahalle_adi": "Büklüce Mah (derealan Köyü)",
        "posta_kodu": "05302"
    },
    {
        "mahalle_id": "36_2",
        "mahalle_adi": "Bulak Köyü",
        "posta_kodu": "05302"
    },
    {
        "mahalle_id": "37_2",
        "mahalle_adi": "Büyükçay Köyü",
        "posta_kodu": "05302"
    },
    {
        "mahalle_id": "5_1",
        "mahalle_adi": "Camicedit Mah",
        "posta_kodu": "05300"
    },
    {
        "mahalle_id": "56_2",
        "mahalle_adi": "Çamlıca Köyü",
        "posta_kodu": "05302"
    },
    {
        "mahalle_id": "15_2",
        "mahalle_adi": "Çavundur Köyü",
        "posta_kodu": "05302"
    },
    {
        "mahalle_id": "58_2",
        "mahalle_adi": "Çaybaşı Köyü",
        "posta_kodu": "05302"
    },
    {
        "mahalle_id": "16_2",
        "mahalle_adi": "Çayır Köyü",
        "posta_kodu": "05302"
    },
    {
        "mahalle_id": "59_2",
        "mahalle_adi": "Çayırözü Mah (çayırözü Köyü)",
        "posta_kodu": "05302"
    },
    {
        "mahalle_id": "17_2",
        "mahalle_adi": "Çobanören Köyü",
        "posta_kodu": "05302"
    },
    {
        "mahalle_id": "79_2",
        "mahalle_adi": "Değirmenyolu Mah (sarı Köyü)",
        "posta_kodu": "05302"
    },
    {
        "mahalle_id": "38_2",
        "mahalle_adi": "Demirpınar Köyü",
        "posta_kodu": "05302"
    },
    {
        "mahalle_id": "39_2",
        "mahalle_adi": "Diphacı Köyü",
        "posta_kodu": "05302"
    },
    {
        "mahalle_id": "40_2",
        "mahalle_adi": "Elmayolu Köyü",
        "posta_kodu": "05302"
    },
    {
        "mahalle_id": "60_2",
        "mahalle_adi": "Esentepe Köyü",
        "posta_kodu": "05302"
    },
    {
        "mahalle_id": "6_1",
        "mahalle_adi": "Eski Camii Mah",
        "posta_kodu": "05300"
    },
    {
        "mahalle_id": "41_2",
        "mahalle_adi": "Eymir Köyü",
        "posta_kodu": "05302"
    },
    {
        "mahalle_id": "7_1",
        "mahalle_adi": "Gazimahbup Mah",
        "posta_kodu": "05300"
    },
    {
        "mahalle_id": "20_2",
        "mahalle_adi": "Gelinsini Köyü",
        "posta_kodu": "05302"
    },
    {
        "mahalle_id": "85_2",
        "mahalle_adi": "Gökçebağ Mah (gökçebağ Köyü)",
        "posta_kodu": "05302"
    },
    {
        "mahalle_id": "61_2",
        "mahalle_adi": "Gümüştepe Köyü",
        "posta_kodu": "05302"
    },
    {
        "mahalle_id": "42_2",
        "mahalle_adi": "Hacet Köyü",
        "posta_kodu": "05302"
    },
    {
        "mahalle_id": "8_1",
        "mahalle_adi": "Hacıbalı Mah",
        "posta_kodu": "05300"
    },
    {
        "mahalle_id": "9_1",
        "mahalle_adi": "Hacıhasan Mah",
        "posta_kodu": "05300"
    },
    {
        "mahalle_id": "62_2",
        "mahalle_adi": "Hacıyakup Köyü",
        "posta_kodu": "05302"
    },
    {
        "mahalle_id": "43_2",
        "mahalle_adi": "Han Köyü",
        "posta_kodu": "05302"
    },
    {
        "mahalle_id": "13_2",
        "mahalle_adi": "Han Mah (bayat Köyü)",
        "posta_kodu": "05302"
    },
    {
        "mahalle_id": "10_1",
        "mahalle_adi": "Harmanlar Mah",
        "posta_kodu": "05300"
    },
    {
        "mahalle_id": "44_2",
        "mahalle_adi": "Hayrettin Köyü",
        "posta_kodu": "05302"
    },
    {
        "mahalle_id": "21_2",
        "mahalle_adi": "Hırka Köyü",
        "posta_kodu": "05302"
    },
    {
        "mahalle_id": "11_1",
        "mahalle_adi": "Hocasüleyman Mah",
        "posta_kodu": "05300"
    },
    {
        "mahalle_id": "80_2",
        "mahalle_adi": "İlemi Çayırı Mah (sazlıca Köyü)",
        "posta_kodu": "05302"
    },
    {
        "mahalle_id": "22_2",
        "mahalle_adi": "İnalanı Köyü",
        "posta_kodu": "05302"
    },
    {
        "mahalle_id": "81_2",
        "mahalle_adi": "Irmakbaşı Mah (uzunyazı Köyü)",
        "posta_kodu": "05302"
    },
    {
        "mahalle_id": "1_2",
        "mahalle_adi": "Işıklar Mah (kayadüzü Köyü)",
        "posta_kodu": "05302"
    },
    {
        "mahalle_id": "65_2",
        "mahalle_adi": "Kalburcu Mah (kızıleğrek Köyü)",
        "posta_kodu": "05302"
    },
    {
        "mahalle_id": "63_2",
        "mahalle_adi": "Kamışlı Köyü",
        "posta_kodu": "05302"
    },
    {
        "mahalle_id": "45_2",
        "mahalle_adi": "Karacakaya Köyü",
        "posta_kodu": "05302"
    },
    {
        "mahalle_id": "23_2",
        "mahalle_adi": "Karamağara Köyü",
        "posta_kodu": "05302"
    },
    {
        "mahalle_id": "24_2",
        "mahalle_adi": "Karamustafapaşa Köyü",
        "posta_kodu": "05302"
    },
    {
        "mahalle_id": "46_2",
        "mahalle_adi": "Karatepe Köyü",
        "posta_kodu": "05302"
    },
    {
        "mahalle_id": "57_2",
        "mahalle_adi": "Karşıyaka Köyü",
        "posta_kodu": "05302"
    },
    {
        "mahalle_id": "64_2",
        "mahalle_adi": "Kıreymir Köyü",
        "posta_kodu": "05302"
    },
    {
        "mahalle_id": "66_2",
        "mahalle_adi": "Kızıleğrek Köyü",
        "posta_kodu": "05302"
    },
    {
        "mahalle_id": "47_2",
        "mahalle_adi": "Koç Köyü",
        "posta_kodu": "05302"
    },
    {
        "mahalle_id": "48_2",
        "mahalle_adi": "Küçükçay Köyü",
        "posta_kodu": "05302"
    },
    {
        "mahalle_id": "12_1",
        "mahalle_adi": "Kümbet Hatun Mah",
        "posta_kodu": "05300"
    },
    {
        "mahalle_id": "67_2",
        "mahalle_adi": "Kuyu Köyü",
        "posta_kodu": "05302"
    },
    {
        "mahalle_id": "68_2",
        "mahalle_adi": "Mahmutlu Köyü",
        "posta_kodu": "05302"
    },
    {
        "mahalle_id": "13_1",
        "mahalle_adi": "Mahsen Mah",
        "posta_kodu": "05300"
    },
    {
        "mahalle_id": "2_2",
        "mahalle_adi": "Mahsenli Mah (kayadüzü Köyü)",
        "posta_kodu": "05302"
    },
    {
        "mahalle_id": "14_1",
        "mahalle_adi": "Mehmet Akif Ersoy Mah",
        "posta_kodu": "05300"
    },
    {
        "mahalle_id": "10_2",
        "mahalle_adi": "Merkez Mah (aksungur Köyü)",
        "posta_kodu": "05302"
    },
    {
        "mahalle_id": "14_2",
        "mahalle_adi": "Merkez Mah (bayat Köyü)",
        "posta_kodu": "05302"
    },
    {
        "mahalle_id": "19_2",
        "mahalle_adi": "Merkez Mah (derealan Köyü)",
        "posta_kodu": "05302"
    },
    {
        "mahalle_id": "31_2",
        "mahalle_adi": "Merkez Mah (muşruf Köyü)",
        "posta_kodu": "05302"
    },
    {
        "mahalle_id": "15_1",
        "mahalle_adi": "Naccar Mah",
        "posta_kodu": "05300"
    },
    {
        "mahalle_id": "16_1",
        "mahalle_adi": "Nusratiye Mah",
        "posta_kodu": "05300"
    },
    {
        "mahalle_id": "78_2",
        "mahalle_adi": "Ören Mah (gökçebağ Köyü)",
        "posta_kodu": "05302"
    },
    {
        "mahalle_id": "25_2",
        "mahalle_adi": "Ortabük Köyü",
        "posta_kodu": "05302"
    },
    {
        "mahalle_id": "26_2",
        "mahalle_adi": "Ortaova Köyü",
        "posta_kodu": "05302"
    },
    {
        "mahalle_id": "27_2",
        "mahalle_adi": "Osmanoğlu Köyü",
        "posta_kodu": "05302"
    },
    {
        "mahalle_id": "69_2",
        "mahalle_adi": "Oymaağaç Köyü",
        "posta_kodu": "05302"
    },
    {
        "mahalle_id": "70_2",
        "mahalle_adi": "Oymak Köyü",
        "posta_kodu": "05302"
    },
    {
        "mahalle_id": "71_2",
        "mahalle_adi": "Pekmezci Köyü",
        "posta_kodu": "05302"
    },
    {
        "mahalle_id": "72_2",
        "mahalle_adi": "Saraycık Köyü",
        "posta_kodu": "05302"
    },
    {
        "mahalle_id": "28_2",
        "mahalle_adi": "Sarı Köyü",
        "posta_kodu": "05302"
    },
    {
        "mahalle_id": "84_2",
        "mahalle_adi": "Sarı Mah (sarı Köyü)",
        "posta_kodu": "05302"
    },
    {
        "mahalle_id": "50_2",
        "mahalle_adi": "Sarıbuğday Köyü",
        "posta_kodu": "05302"
    },
    {
        "mahalle_id": "29_2",
        "mahalle_adi": "Sazlıca Köyü",
        "posta_kodu": "05302"
    },
    {
        "mahalle_id": "5_2",
        "mahalle_adi": "Selimiye Köyü",
        "posta_kodu": "05302"
    },
    {
        "mahalle_id": "30_2",
        "mahalle_adi": "Şeyhyeni Mah (şeyhyeni Köyü)",
        "posta_kodu": "05302"
    },
    {
        "mahalle_id": "17_1",
        "mahalle_adi": "Sofular Mah",
        "posta_kodu": "05300"
    },
    {
        "mahalle_id": "18_1",
        "mahalle_adi": "Tavşan Mah",
        "posta_kodu": "05300"
    },
    {
        "mahalle_id": "32_2",
        "mahalle_adi": "Tellioğlu Mah (muşruf Köyü)",
        "posta_kodu": "05302"
    },
    {
        "mahalle_id": "73_2",
        "mahalle_adi": "Türkoğlu Köyü",
        "posta_kodu": "05302"
    },
    {
        "mahalle_id": "74_2",
        "mahalle_adi": "Uzunyazı Mah (uzunyazı Köyü)",
        "posta_kodu": "05302"
    },
    {
        "mahalle_id": "82_2",
        "mahalle_adi": "Yakacık Mah (muşruf Köyü)",
        "posta_kodu": "05302"
    },
    {
        "mahalle_id": "49_2",
        "mahalle_adi": "Yakup Köyü",
        "posta_kodu": "05302"
    },
    {
        "mahalle_id": "75_2",
        "mahalle_adi": "Yalnız Köyü",
        "posta_kodu": "05302"
    },
    {
        "mahalle_id": "6_2",
        "mahalle_adi": "Yaylacık Köyü",
        "posta_kodu": "05302"
    },
    {
        "mahalle_id": "20_1",
        "mahalle_adi": "Yeni Mah",
        "posta_kodu": "05300"
    },
    {
        "mahalle_id": "76_2",
        "mahalle_adi": "Yenice Köyü",
        "posta_kodu": "05302"
    },
    {
        "mahalle_id": "3_2",
        "mahalle_adi": "Yeniçeltek Mah (kayadüzü Köyü)",
        "posta_kodu": "05302"
    },
    {
        "mahalle_id": "77_2",
        "mahalle_adi": "Yeşilören Köyü",
        "posta_kodu": "05302"
    },
    {
        "mahalle_id": "7_2",
        "mahalle_adi": "Yeşiltepe Köyü",
        "posta_kodu": "05302"
    },
    {
        "mahalle_id": "4_2",
        "mahalle_adi": "Yeşilyurt Mah (kayadüzü Köyü)",
        "posta_kodu": "05302"
    },
    {
        "mahalle_id": "33_2",
        "mahalle_adi": "Yolüstü Köyü",
        "posta_kodu": "05302"
    },
    {
        "mahalle_id": "9_2",
        "mahalle_adi": "Yukarı Mah (akören Köyü)",
        "posta_kodu": "05302"
    },
    {
        "mahalle_id": "34_2",
        "mahalle_adi": "Yukarıbük Köyü",
        "posta_kodu": "05302"
    },
    {
        "mahalle_id": "19_1",
        "mahalle_adi": "Yunus Emre Mah",
        "posta_kodu": "05300"
    }
]