[
    {
        "mahalle_id": "51_3",
        "mahalle_adi": "Ağcaşar Köyü",
        "posta_kodu": "51300"
    },
    {
        "mahalle_id": "1_2",
        "mahalle_adi": "Aşağı Kayabaşı Mah",
        "posta_kodu": "51200"
    },
    {
        "mahalle_id": "1_7",
        "mahalle_adi": "Aşağı Mah (değirmenli Beldesi)",
        "posta_kodu": "51020"
    },
    {
        "mahalle_id": "20_3",
        "mahalle_adi": "Aşağı Mah (koyunlu Köyü)",
        "posta_kodu": "51300"
    },
    {
        "mahalle_id": "25_3",
        "mahalle_adi": "Aşağı Mah (ovacık Köyü)",
        "posta_kodu": "51300"
    },
    {
        "mahalle_id": "1_16",
        "mahalle_adi": "Aşağı Mah (sazlıca Beldesi)",
        "posta_kodu": "51310"
    },
    {
        "mahalle_id": "1_17",
        "mahalle_adi": "Aşağı Mah (yeşilgölcük Beldesi)",
        "posta_kodu": "51070"
    },
    {
        "mahalle_id": "32_3",
        "mahalle_adi": "Aşlama Köyü",
        "posta_kodu": "51300"
    },
    {
        "mahalle_id": "1_3",
        "mahalle_adi": "Bağlar Mah (çavdarlı Köyü)",
        "posta_kodu": "51300"
    },
    {
        "mahalle_id": "17_3",
        "mahalle_adi": "Bahçelievler Mah (içmeli Köyü)",
        "posta_kodu": "51300"
    },
    {
        "mahalle_id": "23_3",
        "mahalle_adi": "Bahçelievler Mah (koyunlu Köyü)",
        "posta_kodu": "51300"
    },
    {
        "mahalle_id": "1_18",
        "mahalle_adi": "Bahçelievler Mah (yıldıztepe Beldesi)",
        "posta_kodu": "51110"
    },
    {
        "mahalle_id": "24_3",
        "mahalle_adi": "Bahçelievlerosb Mah (koyunlu Köyü)",
        "posta_kodu": "51300"
    },
    {
        "mahalle_id": "33_3",
        "mahalle_adi": "Ballı Köyü",
        "posta_kodu": "51300"
    },
    {
        "mahalle_id": "34_3",
        "mahalle_adi": "Çarıklı Köyü",
        "posta_kodu": "51300"
    },
    {
        "mahalle_id": "7_3",
        "mahalle_adi": "Çarşı Mah (dikilitaş Köyü)",
        "posta_kodu": "51300"
    },
    {
        "mahalle_id": "4_3",
        "mahalle_adi": "Çayır Mah (çayırlı Köyü)",
        "posta_kodu": "51300"
    },
    {
        "mahalle_id": "28_3",
        "mahalle_adi": "Cevizler Mah (kayırlı Köyü)",
        "posta_kodu": "51300"
    },
    {
        "mahalle_id": "1_4",
        "mahalle_adi": "Cumhuriyet Mah (aktaş Beldesi)",
        "posta_kodu": "51015"
    },
    {
        "mahalle_id": "1_5",
        "mahalle_adi": "Cumhuriyet Mah (alay Beldesi)",
        "posta_kodu": "51010"
    },
    {
        "mahalle_id": "1_6",
        "mahalle_adi": "Cumhuriyet Mah (bağlama Beldesi)",
        "posta_kodu": "51030"
    },
    {
        "mahalle_id": "1_8",
        "mahalle_adi": "Cumhuriyet Mah (dündarlı Beldesi)",
        "posta_kodu": "51050"
    },
    {
        "mahalle_id": "1_9",
        "mahalle_adi": "Cumhuriyet Mah (edikli Beldesi)",
        "posta_kodu": "51040"
    },
    {
        "mahalle_id": "10_3",
        "mahalle_adi": "Cumhuriyet Mah (elmalı Köyü)",
        "posta_kodu": "51300"
    },
    {
        "mahalle_id": "14_3",
        "mahalle_adi": "Cumhuriyet Mah (hacıbeyli Köyü)",
        "posta_kodu": "51300"
    },
    {
        "mahalle_id": "1_13",
        "mahalle_adi": "Cumhuriyet Mah (kiledere Beldesi)",
        "posta_kodu": "51085"
    },
    {
        "mahalle_id": "1_14",
        "mahalle_adi": "Cumhuriyet Mah (konaklı Beldesi)",
        "posta_kodu": "51080"
    },
    {
        "mahalle_id": "26_3",
        "mahalle_adi": "Cumhuriyet Mah (ovacık Köyü)",
        "posta_kodu": "51300"
    },
    {
        "mahalle_id": "2_17",
        "mahalle_adi": "Cumhuriyet Mah (yeşilgölcük Beldesi)",
        "posta_kodu": "51070"
    },
    {
        "mahalle_id": "2_4",
        "mahalle_adi": "Devlet Mah (aktaş Beldesi)",
        "posta_kodu": "51015"
    },
    {
        "mahalle_id": "1_12",
        "mahalle_adi": "Dumlupınar Mah (karaatlı Beldesi)",
        "posta_kodu": "51075"
    },
    {
        "mahalle_id": "2_2",
        "mahalle_adi": "Efendibey Mah",
        "posta_kodu": "51200"
    },
    {
        "mahalle_id": "1_10",
        "mahalle_adi": "Eski Gümüş Mah (gümüşler Beldesi)",
        "posta_kodu": "51060"
    },
    {
        "mahalle_id": "2_8",
        "mahalle_adi": "Fatih Mah (dündarlı Beldesi)",
        "posta_kodu": "51050"
    },
    {
        "mahalle_id": "2_12",
        "mahalle_adi": "Fatih Mah (karaatlı Beldesi)",
        "posta_kodu": "51075"
    },
    {
        "mahalle_id": "1_15",
        "mahalle_adi": "Fatih Mah (orhanlı Beldesi)",
        "posta_kodu": "51280"
    },
    {
        "mahalle_id": "58_3",
        "mahalle_adi": "Fertek Mah",
        "posta_kodu": "51300"
    },
    {
        "mahalle_id": "35_3",
        "mahalle_adi": "Fesleğen Köyü",
        "posta_kodu": "51300"
    },
    {
        "mahalle_id": "2_9",
        "mahalle_adi": "Fevzipaşa Mah (edikli Beldesi)",
        "posta_kodu": "51040"
    },
    {
        "mahalle_id": "52_3",
        "mahalle_adi": "Gösterli Köyü",
        "posta_kodu": "51300"
    },
    {
        "mahalle_id": "36_3",
        "mahalle_adi": "Güllüce Köyü",
        "posta_kodu": "51300"
    },
    {
        "mahalle_id": "18_3",
        "mahalle_adi": "Güzelyurt Mah (içmeli Köyü)",
        "posta_kodu": "51300"
    },
    {
        "mahalle_id": "37_3",
        "mahalle_adi": "Hançerli Köyü",
        "posta_kodu": "51300"
    },
    {
        "mahalle_id": "53_3",
        "mahalle_adi": "Hasaköy Köyü",
        "posta_kodu": "51300"
    },
    {
        "mahalle_id": "38_3",
        "mahalle_adi": "Himmetli Köyü",
        "posta_kodu": "51300"
    },
    {
        "mahalle_id": "2_5",
        "mahalle_adi": "Hürriyet Mah (alay Beldesi)",
        "posta_kodu": "51010"
    },
    {
        "mahalle_id": "2_6",
        "mahalle_adi": "Hürriyet Mah (bağlama Beldesi)",
        "posta_kodu": "51030"
    },
    {
        "mahalle_id": "3_9",
        "mahalle_adi": "Hürriyet Mah (edikli Beldesi)",
        "posta_kodu": "51040"
    },
    {
        "mahalle_id": "15_3",
        "mahalle_adi": "Hürriyet Mah (hacıbeyli Köyü)",
        "posta_kodu": "51300"
    },
    {
        "mahalle_id": "2_13",
        "mahalle_adi": "Hürriyet Mah (kiledere Beldesi)",
        "posta_kodu": "51085"
    },
    {
        "mahalle_id": "2_14",
        "mahalle_adi": "Hürriyet Mah (konaklı Beldesi)",
        "posta_kodu": "51080"
    },
    {
        "mahalle_id": "3_17",
        "mahalle_adi": "Hürriyet Mah (yeşilgölcük Beldesi)",
        "posta_kodu": "51070"
    },
    {
        "mahalle_id": "3_14",
        "mahalle_adi": "Hüyük Mah (konaklı Beldesi)",
        "posta_kodu": "51080"
    },
    {
        "mahalle_id": "1_1",
        "mahalle_adi": "İlhanlı Mah",
        "posta_kodu": "51100"
    },
    {
        "mahalle_id": "3_2",
        "mahalle_adi": "İnönü Mah",
        "posta_kodu": "51200"
    },
    {
        "mahalle_id": "31_3",
        "mahalle_adi": "İnönü Mah (kayırlı Köyü)",
        "posta_kodu": "51300"
    },
    {
        "mahalle_id": "2_1",
        "mahalle_adi": "Kale Mah",
        "posta_kodu": "51100"
    },
    {
        "mahalle_id": "8_3",
        "mahalle_adi": "Kale Mah (dikilitaş Köyü)",
        "posta_kodu": "51300"
    },
    {
        "mahalle_id": "11_3",
        "mahalle_adi": "Kale Mah (elmalı Köyü)",
        "posta_kodu": "51300"
    },
    {
        "mahalle_id": "30_3",
        "mahalle_adi": "Karamustafa Mah (kayırlı Köyü)",
        "posta_kodu": "51300"
    },
    {
        "mahalle_id": "2_3",
        "mahalle_adi": "Karşıyaka Mah (çavdarlı Köyü)",
        "posta_kodu": "51300"
    },
    {
        "mahalle_id": "12_3",
        "mahalle_adi": "Karşıyaka Mah (elmalı Köyü)",
        "posta_kodu": "51300"
    },
    {
        "mahalle_id": "59_3",
        "mahalle_adi": "Kayaardı Mah",
        "posta_kodu": "51300"
    },
    {
        "mahalle_id": "5_3",
        "mahalle_adi": "Kayalıpınar Mah (çayırlı Köyü)",
        "posta_kodu": "51300"
    },
    {
        "mahalle_id": "39_3",
        "mahalle_adi": "Kırkpınar Köyü",
        "posta_kodu": "51300"
    },
    {
        "mahalle_id": "40_3",
        "mahalle_adi": "Kızılören Köyü",
        "posta_kodu": "51300"
    },
    {
        "mahalle_id": "54_3",
        "mahalle_adi": "Kömürcü Köyü",
        "posta_kodu": "51300"
    },
    {
        "mahalle_id": "42_3",
        "mahalle_adi": "Küçükköy Köyü",
        "posta_kodu": "51300"
    },
    {
        "mahalle_id": "57_3",
        "mahalle_adi": "Kumluca Mah",
        "posta_kodu": "51300"
    },
    {
        "mahalle_id": "13_3",
        "mahalle_adi": "Menderes Mah (elmalı Köyü)",
        "posta_kodu": "51300"
    },
    {
        "mahalle_id": "3_3",
        "mahalle_adi": "Merkez Mah (çavdarlı Köyü)",
        "posta_kodu": "51300"
    },
    {
        "mahalle_id": "3_5",
        "mahalle_adi": "Milliyet Mah (alay Beldesi)",
        "posta_kodu": "51010"
    },
    {
        "mahalle_id": "3_1",
        "mahalle_adi": "Nar Mah",
        "posta_kodu": "51100"
    },
    {
        "mahalle_id": "55_3",
        "mahalle_adi": "Narköy Köyü",
        "posta_kodu": "51300"
    },
    {
        "mahalle_id": "2_7",
        "mahalle_adi": "Orta Mah (değirmenli Beldesi)",
        "posta_kodu": "51020"
    },
    {
        "mahalle_id": "21_3",
        "mahalle_adi": "Orta Mah (koyunlu Köyü)",
        "posta_kodu": "51300"
    },
    {
        "mahalle_id": "43_3",
        "mahalle_adi": "Özyurt Köyü",
        "posta_kodu": "51300"
    },
    {
        "mahalle_id": "44_3",
        "mahalle_adi": "Pınarcık Köyü",
        "posta_kodu": "51300"
    },
    {
        "mahalle_id": "29_3",
        "mahalle_adi": "Pınarcık Mah (kayırlı Köyü)",
        "posta_kodu": "51300"
    },
    {
        "mahalle_id": "5_1",
        "mahalle_adi": "Şahsüleyman Mah",
        "posta_kodu": "51100"
    },
    {
        "mahalle_id": "60_3",
        "mahalle_adi": "Sarıköprü Mah",
        "posta_kodu": "51300"
    },
    {
        "mahalle_id": "4_2",
        "mahalle_adi": "Şehitler Mah",
        "posta_kodu": "51200"
    },
    {
        "mahalle_id": "4_1",
        "mahalle_adi": "Selçuk Mah",
        "posta_kodu": "51100"
    },
    {
        "mahalle_id": "19_3",
        "mahalle_adi": "Serinevler Mah (içmeli Köyü)",
        "posta_kodu": "51300"
    },
    {
        "mahalle_id": "45_3",
        "mahalle_adi": "Taşlıca Köyü",
        "posta_kodu": "51300"
    },
    {
        "mahalle_id": "46_3",
        "mahalle_adi": "Tepeköy Köyü",
        "posta_kodu": "51300"
    },
    {
        "mahalle_id": "27_3",
        "mahalle_adi": "Terazi Mah (ovacık Köyü)",
        "posta_kodu": "51300"
    },
    {
        "mahalle_id": "56_3",
        "mahalle_adi": "Tırhan Köyü",
        "posta_kodu": "51300"
    },
    {
        "mahalle_id": "47_3",
        "mahalle_adi": "Uluağaç Köyü",
        "posta_kodu": "51300"
    },
    {
        "mahalle_id": "48_3",
        "mahalle_adi": "Yarhisar Köyü",
        "posta_kodu": "51300"
    },
    {
        "mahalle_id": "2_15",
        "mahalle_adi": "Yavuz Mah (orhanlı Beldesi)",
        "posta_kodu": "51280"
    },
    {
        "mahalle_id": "49_3",
        "mahalle_adi": "Yaylayolu Köyü",
        "posta_kodu": "51300"
    },
    {
        "mahalle_id": "2_10",
        "mahalle_adi": "Yeni Gümüş Mah (gümüşler Beldesi)",
        "posta_kodu": "51060"
    },
    {
        "mahalle_id": "3_4",
        "mahalle_adi": "Yeni Mah (aktaş Beldesi)",
        "posta_kodu": "51015"
    },
    {
        "mahalle_id": "6_3",
        "mahalle_adi": "Yeni Mah (çayırlı Köyü)",
        "posta_kodu": "51300"
    },
    {
        "mahalle_id": "4_9",
        "mahalle_adi": "Yeni Mah (edikli Beldesi)",
        "posta_kodu": "51040"
    },
    {
        "mahalle_id": "1_11",
        "mahalle_adi": "Yeni Mah (hacıabdullah Beldesi)",
        "posta_kodu": "51065"
    },
    {
        "mahalle_id": "16_3",
        "mahalle_adi": "Yeni Mah (hacıbeyli Köyü)",
        "posta_kodu": "51300"
    },
    {
        "mahalle_id": "2_16",
        "mahalle_adi": "Yeni Mah (sazlıca Beldesi)",
        "posta_kodu": "51310"
    },
    {
        "mahalle_id": "4_17",
        "mahalle_adi": "Yeni Mah (yeşilgölcük Beldesi)",
        "posta_kodu": "51070"
    },
    {
        "mahalle_id": "2_18",
        "mahalle_adi": "Yeni Mah (yıldıztepe Beldesi)",
        "posta_kodu": "51110"
    },
    {
        "mahalle_id": "3_8",
        "mahalle_adi": "Yenice Mah (dündarlı Beldesi)",
        "posta_kodu": "51050"
    },
    {
        "mahalle_id": "50_3",
        "mahalle_adi": "Yeşilburç Köyü",
        "posta_kodu": "51300"
    },
    {
        "mahalle_id": "41_3",
        "mahalle_adi": "Yeşilova Köyü",
        "posta_kodu": "51300"
    },
    {
        "mahalle_id": "5_2",
        "mahalle_adi": "Yukarı Kayabaşı Mah",
        "posta_kodu": "51200"
    },
    {
        "mahalle_id": "3_7",
        "mahalle_adi": "Yukarı Mah (değirmenli Beldesi)",
        "posta_kodu": "51020"
    },
    {
        "mahalle_id": "9_3",
        "mahalle_adi": "Yukarı Mah (dikilitaş Köyü)",
        "posta_kodu": "51300"
    },
    {
        "mahalle_id": "22_3",
        "mahalle_adi": "Yukarı Mah (koyunlu Köyü)",
        "posta_kodu": "51300"
    },
    {
        "mahalle_id": "3_16",
        "mahalle_adi": "Yukarı Mah (sazlıca Beldesi)",
        "posta_kodu": "51310"
    },
    {
        "mahalle_id": "5_17",
        "mahalle_adi": "Yukarı Mah (yeşilgölcük Beldesi)",
        "posta_kodu": "51070"
    },
    {
        "mahalle_id": "4_8",
        "mahalle_adi": "Zafer Mah (dündarlı Beldesi)",
        "posta_kodu": "51050"
    },
    {
        "mahalle_id": "3_12",
        "mahalle_adi": "Zafer Mah (karaatlı Beldesi)",
        "posta_kodu": "51075"
    }
]