[
    {
        "mahalle_id": "24_2",
        "mahalle_adi": "Ağaba Mah (muratboynu Köyü)",
        "posta_kodu": "24402"
    },
    {
        "mahalle_id": "92_2",
        "mahalle_adi": "Ağaçsaray Köyü",
        "posta_kodu": "24402"
    },
    {
        "mahalle_id": "93_2",
        "mahalle_adi": "Akbudak Köyü",
        "posta_kodu": "24402"
    },
    {
        "mahalle_id": "1_2",
        "mahalle_adi": "Akça Köyü",
        "posta_kodu": "24402"
    },
    {
        "mahalle_id": "54_2",
        "mahalle_adi": "Aksakal Mah (olukpınar Köyü)",
        "posta_kodu": "24402"
    },
    {
        "mahalle_id": "94_2",
        "mahalle_adi": "Aktaş Köyü",
        "posta_kodu": "24402"
    },
    {
        "mahalle_id": "32_2",
        "mahalle_adi": "Akyünlü Köyü",
        "posta_kodu": "24402"
    },
    {
        "mahalle_id": "84_2",
        "mahalle_adi": "Aligıcikgil Mah (karaca Köyü)",
        "posta_kodu": "24402"
    },
    {
        "mahalle_id": "31_2",
        "mahalle_adi": "Alp Köyü",
        "posta_kodu": "24402"
    },
    {
        "mahalle_id": "111_2",
        "mahalle_adi": "Antak Mah (kerer Köyü)",
        "posta_kodu": "24402"
    },
    {
        "mahalle_id": "71_2",
        "mahalle_adi": "Aşağı Mah (dikyamaç Köyü)",
        "posta_kodu": "24402"
    },
    {
        "mahalle_id": "102_2",
        "mahalle_adi": "Aşağı Mah (elmalı Köyü)",
        "posta_kodu": "24402"
    },
    {
        "mahalle_id": "19_2",
        "mahalle_adi": "Aşağı Mah (kömür Köyü)",
        "posta_kodu": "24402"
    },
    {
        "mahalle_id": "62_2",
        "mahalle_adi": "Aşağı Mah (yastıktepe Köyü)",
        "posta_kodu": "24402"
    },
    {
        "mahalle_id": "65_2",
        "mahalle_adi": "Aşağıavcılar Mah (bozoğlak Köyü)",
        "posta_kodu": "24402"
    },
    {
        "mahalle_id": "87_2",
        "mahalle_adi": "Aşağıavcılar Mah (kardere Köyü)",
        "posta_kodu": "24402"
    },
    {
        "mahalle_id": "4_1",
        "mahalle_adi": "Aşağıgedik Mah",
        "posta_kodu": "24400"
    },
    {
        "mahalle_id": "81_2",
        "mahalle_adi": "Ateşler Mah (karaca Köyü)",
        "posta_kodu": "24402"
    },
    {
        "mahalle_id": "2_2",
        "mahalle_adi": "Ayranpınar Köyü",
        "posta_kodu": "24402"
    },
    {
        "mahalle_id": "16_2",
        "mahalle_adi": "Bağlarbaşı Mah (koçkar Köyü)",
        "posta_kodu": "24402"
    },
    {
        "mahalle_id": "97_2",
        "mahalle_adi": "Bahçe Mah (cevizlik Köyü)",
        "posta_kodu": "24402"
    },
    {
        "mahalle_id": "127_2",
        "mahalle_adi": "Balkaya Mah (yahşiler Köyü)",
        "posta_kodu": "24402"
    },
    {
        "mahalle_id": "75_2",
        "mahalle_adi": "Ballı Kışla Mah (gediktepe Köyü)",
        "posta_kodu": "24402"
    },
    {
        "mahalle_id": "5_1",
        "mahalle_adi": "Beklimçay Mah",
        "posta_kodu": "24400"
    },
    {
        "mahalle_id": "74_2",
        "mahalle_adi": "Buzla Mah (gediktepe Köyü)",
        "posta_kodu": "24402"
    },
    {
        "mahalle_id": "117_2",
        "mahalle_adi": "Çakşır Mah (atma Köyü)",
        "posta_kodu": "24402"
    },
    {
        "mahalle_id": "5_2",
        "mahalle_adi": "Çalgı Köyü",
        "posta_kodu": "24402"
    },
    {
        "mahalle_id": "99_2",
        "mahalle_adi": "Çalıklar Köyü",
        "posta_kodu": "24402"
    },
    {
        "mahalle_id": "82_2",
        "mahalle_adi": "Çalolar Mah (karaca Köyü)",
        "posta_kodu": "24402"
    },
    {
        "mahalle_id": "100_2",
        "mahalle_adi": "Çamlıyayla Köyü",
        "posta_kodu": "24402"
    },
    {
        "mahalle_id": "1_1",
        "mahalle_adi": "Çarşı Mah",
        "posta_kodu": "24400"
    },
    {
        "mahalle_id": "66_2",
        "mahalle_adi": "Çay Mah (bozoğlak Köyü)",
        "posta_kodu": "24402"
    },
    {
        "mahalle_id": "68_2",
        "mahalle_adi": "Çay Mah (çiğdemli Köyü)",
        "posta_kodu": "24402"
    },
    {
        "mahalle_id": "72_2",
        "mahalle_adi": "Çay Mah (dikyamaç Köyü)",
        "posta_kodu": "24402"
    },
    {
        "mahalle_id": "13_2",
        "mahalle_adi": "Çay Mah (koçkar Köyü)",
        "posta_kodu": "24402"
    },
    {
        "mahalle_id": "23_2",
        "mahalle_adi": "Çay Mah (muratboynu Köyü)",
        "posta_kodu": "24402"
    },
    {
        "mahalle_id": "49_2",
        "mahalle_adi": "Cebesoy İstasyonu Mah (küplü Köyü)",
        "posta_kodu": "24402"
    },
    {
        "mahalle_id": "83_2",
        "mahalle_adi": "Cemolar Mah (karaca Köyü)",
        "posta_kodu": "24402"
    },
    {
        "mahalle_id": "98_2",
        "mahalle_adi": "Cevizli Mah (cevizlik Köyü)",
        "posta_kodu": "24402"
    },
    {
        "mahalle_id": "6_1",
        "mahalle_adi": "Cirgişin Mah",
        "posta_kodu": "24400"
    },
    {
        "mahalle_id": "6_2",
        "mahalle_adi": "Dedek Köyü",
        "posta_kodu": "24402"
    },
    {
        "mahalle_id": "101_2",
        "mahalle_adi": "Dedeoğlu Köyü",
        "posta_kodu": "24402"
    },
    {
        "mahalle_id": "39_2",
        "mahalle_adi": "Dere Köyü",
        "posta_kodu": "24402"
    },
    {
        "mahalle_id": "40_2",
        "mahalle_adi": "Doğan Köyü",
        "posta_kodu": "24402"
    },
    {
        "mahalle_id": "91_2",
        "mahalle_adi": "Doğanbeyli Köyü",
        "posta_kodu": "24402"
    },
    {
        "mahalle_id": "78_2",
        "mahalle_adi": "Dolmabahçe Mah (hakbilir Köyü)",
        "posta_kodu": "24402"
    },
    {
        "mahalle_id": "119_2",
        "mahalle_adi": "Doruca Köyü",
        "posta_kodu": "24402"
    },
    {
        "mahalle_id": "7_2",
        "mahalle_adi": "Dutlu Köyü",
        "posta_kodu": "24402"
    },
    {
        "mahalle_id": "90_2",
        "mahalle_adi": "Elmalı Mah (seringöze Köyü)",
        "posta_kodu": "24402"
    },
    {
        "mahalle_id": "128_2",
        "mahalle_adi": "Esentepe Mah (yahşiler Köyü)",
        "posta_kodu": "24402"
    },
    {
        "mahalle_id": "41_2",
        "mahalle_adi": "Esimli Köyü",
        "posta_kodu": "24402"
    },
    {
        "mahalle_id": "33_2",
        "mahalle_adi": "Eski Köy Mah (beşikli Köyü)",
        "posta_kodu": "24402"
    },
    {
        "mahalle_id": "8_2",
        "mahalle_adi": "Eskibağlar Köyü",
        "posta_kodu": "24402"
    },
    {
        "mahalle_id": "108_2",
        "mahalle_adi": "Gavuryurdu Mah (kedek Köyü)",
        "posta_kodu": "24402"
    },
    {
        "mahalle_id": "130_2",
        "mahalle_adi": "Gindira Mah (gölkaynak Köyü)",
        "posta_kodu": "24402"
    },
    {
        "mahalle_id": "2_1",
        "mahalle_adi": "Göğüsbağı Mah",
        "posta_kodu": "24400"
    },
    {
        "mahalle_id": "43_2",
        "mahalle_adi": "Gökdere Mah (gökkaya Köyü)",
        "posta_kodu": "24402"
    },
    {
        "mahalle_id": "50_2",
        "mahalle_adi": "Gölbaşı Mah (küplü Köyü)",
        "posta_kodu": "24402"
    },
    {
        "mahalle_id": "9_2",
        "mahalle_adi": "Gölkaynak Köyü",
        "posta_kodu": "24402"
    },
    {
        "mahalle_id": "76_2",
        "mahalle_adi": "Gülbahçe Köyü",
        "posta_kodu": "24402"
    },
    {
        "mahalle_id": "121_2",
        "mahalle_adi": "Güllübağ Mah (kayabaşı Köyü)",
        "posta_kodu": "24402"
    },
    {
        "mahalle_id": "80_2",
        "mahalle_adi": "Hacıkomu Mah (karaca Köyü)",
        "posta_kodu": "24402"
    },
    {
        "mahalle_id": "79_2",
        "mahalle_adi": "Hakbilir Köyü",
        "posta_kodu": "24402"
    },
    {
        "mahalle_id": "106_2",
        "mahalle_adi": "Ilgarlı Köyü",
        "posta_kodu": "24402"
    },
    {
        "mahalle_id": "44_2",
        "mahalle_adi": "İncedere Köyü",
        "posta_kodu": "24402"
    },
    {
        "mahalle_id": "77_2",
        "mahalle_adi": "İncesu Mah (hakbilir Köyü)",
        "posta_kodu": "24402"
    },
    {
        "mahalle_id": "22_2",
        "mahalle_adi": "Kalemis Mah (muratboynu Köyü)",
        "posta_kodu": "24402"
    },
    {
        "mahalle_id": "10_2",
        "mahalle_adi": "Karadağ Köyü",
        "posta_kodu": "24402"
    },
    {
        "mahalle_id": "85_2",
        "mahalle_adi": "Karamustafalar Mah (karaca Köyü)",
        "posta_kodu": "24402"
    },
    {
        "mahalle_id": "88_2",
        "mahalle_adi": "Kardere Köyü",
        "posta_kodu": "24402"
    },
    {
        "mahalle_id": "125_2",
        "mahalle_adi": "Kardeşler Mah (şahintepe Köyü)",
        "posta_kodu": "24402"
    },
    {
        "mahalle_id": "7_1",
        "mahalle_adi": "Karşıbağ Mah",
        "posta_kodu": "24400"
    },
    {
        "mahalle_id": "15_2",
        "mahalle_adi": "Karşıyaka Mah (koçkar Köyü)",
        "posta_kodu": "24402"
    },
    {
        "mahalle_id": "122_2",
        "mahalle_adi": "Kayabaşı Köyü",
        "posta_kodu": "24402"
    },
    {
        "mahalle_id": "45_2",
        "mahalle_adi": "Kazankaya Köyü",
        "posta_kodu": "24402"
    },
    {
        "mahalle_id": "107_2",
        "mahalle_adi": "Kedek Köyü",
        "posta_kodu": "24402"
    },
    {
        "mahalle_id": "11_2",
        "mahalle_adi": "Kemeryaka Köyü",
        "posta_kodu": "24402"
    },
    {
        "mahalle_id": "123_2",
        "mahalle_adi": "Kırıkdere Köyü",
        "posta_kodu": "24402"
    },
    {
        "mahalle_id": "118_2",
        "mahalle_adi": "Kızılmağara Mah (atma Köyü)",
        "posta_kodu": "24402"
    },
    {
        "mahalle_id": "14_2",
        "mahalle_adi": "Kızılpınar Mah (koçkar Köyü)",
        "posta_kodu": "24402"
    },
    {
        "mahalle_id": "60_2",
        "mahalle_adi": "Kızılyazı Mah (yastıktepe Köyü)",
        "posta_kodu": "24402"
    },
    {
        "mahalle_id": "46_2",
        "mahalle_adi": "Konuksever Köyü",
        "posta_kodu": "24402"
    },
    {
        "mahalle_id": "47_2",
        "mahalle_adi": "Koruyolu Köyü",
        "posta_kodu": "24402"
    },
    {
        "mahalle_id": "52_2",
        "mahalle_adi": "Köseler Mah (maksutuşağı Köyü)",
        "posta_kodu": "24402"
    },
    {
        "mahalle_id": "105_2",
        "mahalle_adi": "Kurt Bahçesi Mah (elmalı Köyü)",
        "posta_kodu": "24402"
    },
    {
        "mahalle_id": "29_2",
        "mahalle_adi": "Kuşlu Mah (taşbulak Köyü)",
        "posta_kodu": "24402"
    },
    {
        "mahalle_id": "112_2",
        "mahalle_adi": "Kutluova Köyü",
        "posta_kodu": "24402"
    },
    {
        "mahalle_id": "8_1",
        "mahalle_adi": "Mektepönü Mah",
        "posta_kodu": "24400"
    },
    {
        "mahalle_id": "116_2",
        "mahalle_adi": "Merkez Mah (atma Köyü)",
        "posta_kodu": "24402"
    },
    {
        "mahalle_id": "34_2",
        "mahalle_adi": "Merkez Mah (beşikli Köyü)",
        "posta_kodu": "24402"
    },
    {
        "mahalle_id": "3_2",
        "mahalle_adi": "Merkez Mah (boğaziçi Köyü)",
        "posta_kodu": "24402"
    },
    {
        "mahalle_id": "64_2",
        "mahalle_adi": "Merkez Mah (bozoğlak Köyü)",
        "posta_kodu": "24402"
    },
    {
        "mahalle_id": "35_2",
        "mahalle_adi": "Merkez Mah (çakırlar Köyü)",
        "posta_kodu": "24402"
    },
    {
        "mahalle_id": "96_2",
        "mahalle_adi": "Merkez Mah (cevizlik Köyü)",
        "posta_kodu": "24402"
    },
    {
        "mahalle_id": "67_2",
        "mahalle_adi": "Merkez Mah (çiğdemli Köyü)",
        "posta_kodu": "24402"
    },
    {
        "mahalle_id": "37_2",
        "mahalle_adi": "Merkez Mah (dere Köyü)",
        "posta_kodu": "24402"
    },
    {
        "mahalle_id": "70_2",
        "mahalle_adi": "Merkez Mah (dikyamaç Köyü)",
        "posta_kodu": "24402"
    },
    {
        "mahalle_id": "120_2",
        "mahalle_adi": "Merkez Mah (eriç Köyü)",
        "posta_kodu": "24402"
    },
    {
        "mahalle_id": "73_2",
        "mahalle_adi": "Merkez Mah (gediktepe Köyü)",
        "posta_kodu": "24402"
    },
    {
        "mahalle_id": "42_2",
        "mahalle_adi": "Merkez Mah (gökkaya Köyü)",
        "posta_kodu": "24402"
    },
    {
        "mahalle_id": "86_2",
        "mahalle_adi": "Merkez Mah (kardere Köyü)",
        "posta_kodu": "24402"
    },
    {
        "mahalle_id": "109_2",
        "mahalle_adi": "Merkez Mah (kerer Köyü)",
        "posta_kodu": "24402"
    },
    {
        "mahalle_id": "48_2",
        "mahalle_adi": "Merkez Mah (küplü Köyü)",
        "posta_kodu": "24402"
    },
    {
        "mahalle_id": "51_2",
        "mahalle_adi": "Merkez Mah (maksutuşağı Köyü)",
        "posta_kodu": "24402"
    },
    {
        "mahalle_id": "21_2",
        "mahalle_adi": "Merkez Mah (muratboynu Köyü)",
        "posta_kodu": "24402"
    },
    {
        "mahalle_id": "55_2",
        "mahalle_adi": "Merkez Mah (olukpınar Köyü)",
        "posta_kodu": "24402"
    },
    {
        "mahalle_id": "124_2",
        "mahalle_adi": "Merkez Mah (şahintepe Köyü)",
        "posta_kodu": "24402"
    },
    {
        "mahalle_id": "89_2",
        "mahalle_adi": "Merkez Mah (seringöze Köyü)",
        "posta_kodu": "24402"
    },
    {
        "mahalle_id": "28_2",
        "mahalle_adi": "Merkez Mah (taşbulak Köyü)",
        "posta_kodu": "24402"
    },
    {
        "mahalle_id": "126_2",
        "mahalle_adi": "Merkez Mah (yahşiler Köyü)",
        "posta_kodu": "24402"
    },
    {
        "mahalle_id": "20_2",
        "mahalle_adi": "Mermerli Köyü",
        "posta_kodu": "24402"
    },
    {
        "mahalle_id": "53_2",
        "mahalle_adi": "Mezra Köyü",
        "posta_kodu": "24402"
    },
    {
        "mahalle_id": "115_2",
        "mahalle_adi": "Oğuz Köyü",
        "posta_kodu": "24402"
    },
    {
        "mahalle_id": "18_2",
        "mahalle_adi": "Orta Mah (kömür Köyü)",
        "posta_kodu": "24402"
    },
    {
        "mahalle_id": "9_1",
        "mahalle_adi": "Ortagedik Mah",
        "posta_kodu": "24400"
    },
    {
        "mahalle_id": "110_2",
        "mahalle_adi": "Ötegeçe Mah (kerer Köyü)",
        "posta_kodu": "24402"
    },
    {
        "mahalle_id": "113_2",
        "mahalle_adi": "Özdamar Köyü",
        "posta_kodu": "24402"
    },
    {
        "mahalle_id": "25_2",
        "mahalle_adi": "Parmakkaya Köyü",
        "posta_kodu": "24402"
    },
    {
        "mahalle_id": "12_2",
        "mahalle_adi": "Pınarbaşı Mah (koçkar Köyü)",
        "posta_kodu": "24402"
    },
    {
        "mahalle_id": "3_1",
        "mahalle_adi": "Pörhenkbaşı Mah",
        "posta_kodu": "24400"
    },
    {
        "mahalle_id": "95_2",
        "mahalle_adi": "Samanlı Mah (aktaş Köyü)",
        "posta_kodu": "24402"
    },
    {
        "mahalle_id": "56_2",
        "mahalle_adi": "Sarıyazı Köyü",
        "posta_kodu": "24402"
    },
    {
        "mahalle_id": "57_2",
        "mahalle_adi": "Sürek Köyü",
        "posta_kodu": "24402"
    },
    {
        "mahalle_id": "27_2",
        "mahalle_adi": "Tan Köyü",
        "posta_kodu": "24402"
    },
    {
        "mahalle_id": "26_2",
        "mahalle_adi": "Tandırbaşı Köyü",
        "posta_kodu": "24402"
    },
    {
        "mahalle_id": "4_2",
        "mahalle_adi": "Tan'ın Komları Mah (boğaziçi Köyü)",
        "posta_kodu": "24402"
    },
    {
        "mahalle_id": "30_2",
        "mahalle_adi": "Tuzla Köyü",
        "posta_kodu": "24402"
    },
    {
        "mahalle_id": "58_2",
        "mahalle_adi": "Uluçınar Köyü",
        "posta_kodu": "24402"
    },
    {
        "mahalle_id": "59_2",
        "mahalle_adi": "Yağca Köyü",
        "posta_kodu": "24402"
    },
    {
        "mahalle_id": "114_2",
        "mahalle_adi": "Yardere Köyü",
        "posta_kodu": "24402"
    },
    {
        "mahalle_id": "69_2",
        "mahalle_adi": "Yazmalı Mah (dikyamaç Köyü)",
        "posta_kodu": "24402"
    },
    {
        "mahalle_id": "63_2",
        "mahalle_adi": "Yeniyerleşim Mah (yastıktepe Köyü)",
        "posta_kodu": "24402"
    },
    {
        "mahalle_id": "129_2",
        "mahalle_adi": "Yücebelen Köyü",
        "posta_kodu": "24402"
    },
    {
        "mahalle_id": "36_2",
        "mahalle_adi": "Yukarı Çakırlar Mah (çakırlar Köyü)",
        "posta_kodu": "24402"
    },
    {
        "mahalle_id": "10_1",
        "mahalle_adi": "Yukarı Mah",
        "posta_kodu": "24400"
    },
    {
        "mahalle_id": "103_2",
        "mahalle_adi": "Yukarı Mah (elmalı Köyü)",
        "posta_kodu": "24402"
    },
    {
        "mahalle_id": "17_2",
        "mahalle_adi": "Yukarı Mah (kömür Köyü)",
        "posta_kodu": "24402"
    },
    {
        "mahalle_id": "61_2",
        "mahalle_adi": "Yukarı Mah (yastıktepe Köyü)",
        "posta_kodu": "24402"
    },
    {
        "mahalle_id": "104_2",
        "mahalle_adi": "Yusuflar Mah (elmalı Köyü)",
        "posta_kodu": "24402"
    },
    {
        "mahalle_id": "38_2",
        "mahalle_adi": "Yuvacık Mah (dere Köyü)",
        "posta_kodu": "24402"
    }
]