[
    {
        "mahalle_id": "34_2",
        "mahalle_adi": "Ahlatlı Mah (köprübaşı Köyü)",
        "posta_kodu": "17602"
    },
    {
        "mahalle_id": "1_2",
        "mahalle_adi": "Akçakeçili Köyü",
        "posta_kodu": "17602"
    },
    {
        "mahalle_id": "54_2",
        "mahalle_adi": "Akçakeçili Mah (akçakeçili Köyü)",
        "posta_kodu": "17602"
    },
    {
        "mahalle_id": "2_2",
        "mahalle_adi": "Akköy Köyü",
        "posta_kodu": "17602"
    },
    {
        "mahalle_id": "3_2",
        "mahalle_adi": "Aladağ Köyü",
        "posta_kodu": "17602"
    },
    {
        "mahalle_id": "5_2",
        "mahalle_adi": "Alemşah Köyü",
        "posta_kodu": "17602"
    },
    {
        "mahalle_id": "53_2",
        "mahalle_adi": "Alemşah Mah (alemşah Köyü)",
        "posta_kodu": "17602"
    },
    {
        "mahalle_id": "19_2",
        "mahalle_adi": "Araplar Boğazı Mah (derbentbaşı Köyü)",
        "posta_kodu": "17602"
    },
    {
        "mahalle_id": "6_2",
        "mahalle_adi": "Arasanlı Köyü",
        "posta_kodu": "17602"
    },
    {
        "mahalle_id": "3_3",
        "mahalle_adi": "Atatürk Mah (mahmudiye Köyü)",
        "posta_kodu": "17610"
    },
    {
        "mahalle_id": "7_2",
        "mahalle_adi": "Bahçeli Köyü",
        "posta_kodu": "17602"
    },
    {
        "mahalle_id": "8_2",
        "mahalle_adi": "Balıklı Köyü",
        "posta_kodu": "17602"
    },
    {
        "mahalle_id": "51_2",
        "mahalle_adi": "Balıklı Mah (balıklı Köyü)",
        "posta_kodu": "17602"
    },
    {
        "mahalle_id": "9_2",
        "mahalle_adi": "Belen Köyü",
        "posta_kodu": "17602"
    },
    {
        "mahalle_id": "10_3",
        "mahalle_adi": "Beşike Eserevler Sitesi Mah (kumburun Köyü)",
        "posta_kodu": "17610"
    },
    {
        "mahalle_id": "5_3",
        "mahalle_adi": "Bozalan Köyü",
        "posta_kodu": "17610"
    },
    {
        "mahalle_id": "10_2",
        "mahalle_adi": "Bozeli Köyü",
        "posta_kodu": "17602"
    },
    {
        "mahalle_id": "56_2",
        "mahalle_adi": "Bozköy Köyü",
        "posta_kodu": "17602"
    },
    {
        "mahalle_id": "1_1",
        "mahalle_adi": "Camikebir Mah",
        "posta_kodu": "17600"
    },
    {
        "mahalle_id": "11_2",
        "mahalle_adi": "Çamköy Köyü",
        "posta_kodu": "17602"
    },
    {
        "mahalle_id": "12_2",
        "mahalle_adi": "Çamlıca Köyü",
        "posta_kodu": "17602"
    },
    {
        "mahalle_id": "6_3",
        "mahalle_adi": "Çamoba Köyü",
        "posta_kodu": "17610"
    },
    {
        "mahalle_id": "13_2",
        "mahalle_adi": "Çarıksız Köyü",
        "posta_kodu": "17602"
    },
    {
        "mahalle_id": "15_2",
        "mahalle_adi": "Çetmi Köyü",
        "posta_kodu": "17602"
    },
    {
        "mahalle_id": "16_2",
        "mahalle_adi": "Çınarköy Köyü",
        "posta_kodu": "17602"
    },
    {
        "mahalle_id": "2_1",
        "mahalle_adi": "Cumhuriyet Mah",
        "posta_kodu": "17600"
    },
    {
        "mahalle_id": "1_3",
        "mahalle_adi": "Cumhuriyet Mah (geyikli Beldesi)",
        "posta_kodu": "17610"
    },
    {
        "mahalle_id": "3_1",
        "mahalle_adi": "Danişment Mah",
        "posta_kodu": "17600"
    },
    {
        "mahalle_id": "20_2",
        "mahalle_adi": "Derbentbaşı Köyü",
        "posta_kodu": "17602"
    },
    {
        "mahalle_id": "4_1",
        "mahalle_adi": "Gazi Mah",
        "posta_kodu": "17600"
    },
    {
        "mahalle_id": "21_2",
        "mahalle_adi": "Gökçebayır Köyü",
        "posta_kodu": "17602"
    },
    {
        "mahalle_id": "22_2",
        "mahalle_adi": "Güllüce Köyü",
        "posta_kodu": "17602"
    },
    {
        "mahalle_id": "25_2",
        "mahalle_adi": "Hacı Eyüpler Mah (karagömlek Köyü)",
        "posta_kodu": "17602"
    },
    {
        "mahalle_id": "27_2",
        "mahalle_adi": "Hacı Garipler Mah (karagömlek Köyü)",
        "posta_kodu": "17602"
    },
    {
        "mahalle_id": "50_2",
        "mahalle_adi": "Hacı Hüseyinler Mah (yenioba Köyü)",
        "posta_kodu": "17602"
    },
    {
        "mahalle_id": "23_2",
        "mahalle_adi": "Hisaralan Köyü",
        "posta_kodu": "17602"
    },
    {
        "mahalle_id": "2_3",
        "mahalle_adi": "Hürriyet Mah (geyikli Beldesi)",
        "posta_kodu": "17610"
    },
    {
        "mahalle_id": "4_3",
        "mahalle_adi": "Hürriyet Mah (mahmudiye Köyü)",
        "posta_kodu": "17610"
    },
    {
        "mahalle_id": "9_3",
        "mahalle_adi": "İnlimanı Mah (kumburun Köyü)",
        "posta_kodu": "17610"
    },
    {
        "mahalle_id": "18_2",
        "mahalle_adi": "Kanarya Sırtı Mah (derbentbaşı Köyü)",
        "posta_kodu": "17602"
    },
    {
        "mahalle_id": "24_2",
        "mahalle_adi": "Karadağ Köyü",
        "posta_kodu": "17602"
    },
    {
        "mahalle_id": "28_2",
        "mahalle_adi": "Kayacık Köyü",
        "posta_kodu": "17602"
    },
    {
        "mahalle_id": "14_2",
        "mahalle_adi": "Kayalı Mah (çarıksız Köyü)",
        "posta_kodu": "17602"
    },
    {
        "mahalle_id": "29_2",
        "mahalle_adi": "Kemallı Köyü",
        "posta_kodu": "17602"
    },
    {
        "mahalle_id": "52_2",
        "mahalle_adi": "Kemallı Mah (kemallı Köyü)",
        "posta_kodu": "17602"
    },
    {
        "mahalle_id": "37_2",
        "mahalle_adi": "Kestanbol Kaplıcası Mah (körüktaşı Köyü)",
        "posta_kodu": "17602"
    },
    {
        "mahalle_id": "4_2",
        "mahalle_adi": "Kiremitoba Mah (aladağ Köyü)",
        "posta_kodu": "17602"
    },
    {
        "mahalle_id": "30_2",
        "mahalle_adi": "Kızılköy Köyü",
        "posta_kodu": "17602"
    },
    {
        "mahalle_id": "31_2",
        "mahalle_adi": "Kızıltepe Köyü",
        "posta_kodu": "17602"
    },
    {
        "mahalle_id": "33_2",
        "mahalle_adi": "Köprübaşı Köyü",
        "posta_kodu": "17602"
    },
    {
        "mahalle_id": "36_2",
        "mahalle_adi": "Körüktaşı Köyü",
        "posta_kodu": "17602"
    },
    {
        "mahalle_id": "38_2",
        "mahalle_adi": "Köseler Köyü",
        "posta_kodu": "17602"
    },
    {
        "mahalle_id": "7_3",
        "mahalle_adi": "Köy İçi Mah (dalyan Köyü)",
        "posta_kodu": "17610"
    },
    {
        "mahalle_id": "35_2",
        "mahalle_adi": "Kozova Mah (köprübaşı Köyü)",
        "posta_kodu": "17602"
    },
    {
        "mahalle_id": "8_3",
        "mahalle_adi": "Kumburun Köyü",
        "posta_kodu": "17610"
    },
    {
        "mahalle_id": "12_3",
        "mahalle_adi": "Mecidiye Köyü",
        "posta_kodu": "17610"
    },
    {
        "mahalle_id": "26_2",
        "mahalle_adi": "Orta Mah (karagömlek Köyü)",
        "posta_kodu": "17602"
    },
    {
        "mahalle_id": "39_2",
        "mahalle_adi": "Pazarköy Köyü",
        "posta_kodu": "17602"
    },
    {
        "mahalle_id": "13_3",
        "mahalle_adi": "Pınarbaşı Köyü",
        "posta_kodu": "17610"
    },
    {
        "mahalle_id": "41_2",
        "mahalle_adi": "Şapköy Köyü",
        "posta_kodu": "17602"
    },
    {
        "mahalle_id": "6_1",
        "mahalle_adi": "Sarısöğüt Mah",
        "posta_kodu": "17600"
    },
    {
        "mahalle_id": "40_2",
        "mahalle_adi": "Sarpdere Köyü",
        "posta_kodu": "17602"
    },
    {
        "mahalle_id": "5_1",
        "mahalle_adi": "Seferşah Mah",
        "posta_kodu": "17600"
    },
    {
        "mahalle_id": "17_2",
        "mahalle_adi": "Taş Oba Mah (derbentbaşı Köyü)",
        "posta_kodu": "17602"
    },
    {
        "mahalle_id": "11_3",
        "mahalle_adi": "Taşkapı Çamlık Mah (kumburun Köyü)",
        "posta_kodu": "17610"
    },
    {
        "mahalle_id": "42_2",
        "mahalle_adi": "Taştepe Köyü",
        "posta_kodu": "17602"
    },
    {
        "mahalle_id": "44_2",
        "mahalle_adi": "Tavaklı İskelesi Mah (tavaklı Köyü)",
        "posta_kodu": "17602"
    },
    {
        "mahalle_id": "43_2",
        "mahalle_adi": "Tavaklı Köyü",
        "posta_kodu": "17602"
    },
    {
        "mahalle_id": "45_2",
        "mahalle_adi": "Uluköy Köyü",
        "posta_kodu": "17602"
    },
    {
        "mahalle_id": "55_2",
        "mahalle_adi": "Uluköy Mah (uluköy Köyü)",
        "posta_kodu": "17602"
    },
    {
        "mahalle_id": "46_2",
        "mahalle_adi": "Üsküfçü Köyü",
        "posta_kodu": "17602"
    },
    {
        "mahalle_id": "14_3",
        "mahalle_adi": "Üvecik Köyü",
        "posta_kodu": "17610"
    },
    {
        "mahalle_id": "32_2",
        "mahalle_adi": "Yahyaçavuş Köyü",
        "posta_kodu": "17602"
    },
    {
        "mahalle_id": "47_2",
        "mahalle_adi": "Yavaşlar Köyü",
        "posta_kodu": "17602"
    },
    {
        "mahalle_id": "48_2",
        "mahalle_adi": "Yaylacık Köyü",
        "posta_kodu": "17602"
    },
    {
        "mahalle_id": "15_3",
        "mahalle_adi": "Yeniköy Köyü",
        "posta_kodu": "17610"
    },
    {
        "mahalle_id": "49_2",
        "mahalle_adi": "Yenioba Köyü",
        "posta_kodu": "17602"
    }
]