[
    {
        "mahalle_id": "25_3",
        "mahalle_adi": "Abbas Mah (kartaldere Köyü)",
        "posta_kodu": "49610"
    },
    {
        "mahalle_id": "1_2",
        "mahalle_adi": "Acarkent Köyü",
        "posta_kodu": "49602"
    },
    {
        "mahalle_id": "66_2",
        "mahalle_adi": "Ada Mevkii Mah (zorabat Köyü)",
        "posta_kodu": "49602"
    },
    {
        "mahalle_id": "2_2",
        "mahalle_adi": "Ağaçaltı Köyü",
        "posta_kodu": "49602"
    },
    {
        "mahalle_id": "4_2",
        "mahalle_adi": "Ağaçkorur Köyü",
        "posta_kodu": "49602"
    },
    {
        "mahalle_id": "96_2",
        "mahalle_adi": "Akballar Mah (kaygıntaş Köyü)",
        "posta_kodu": "49602"
    },
    {
        "mahalle_id": "69_2",
        "mahalle_adi": "Akçatepe Köyü",
        "posta_kodu": "49602"
    },
    {
        "mahalle_id": "2_3",
        "mahalle_adi": "Alabalık Köyü",
        "posta_kodu": "49610"
    },
    {
        "mahalle_id": "1_1",
        "mahalle_adi": "Alagöz Mah",
        "posta_kodu": "49600"
    },
    {
        "mahalle_id": "28_3",
        "mahalle_adi": "Ali Mah (köprücük Köyü)",
        "posta_kodu": "49610"
    },
    {
        "mahalle_id": "70_2",
        "mahalle_adi": "Alnıaçık Köyü",
        "posta_kodu": "49602"
    },
    {
        "mahalle_id": "3_3",
        "mahalle_adi": "Armutkaşı Köyü",
        "posta_kodu": "49610"
    },
    {
        "mahalle_id": "5_2",
        "mahalle_adi": "Aşağı Alagöz Köyü",
        "posta_kodu": "49602"
    },
    {
        "mahalle_id": "6_2",
        "mahalle_adi": "Aşağı Hacıbey Köyü",
        "posta_kodu": "49602"
    },
    {
        "mahalle_id": "28_2",
        "mahalle_adi": "Aşağı Kalecik Mah (haksever Köyü)",
        "posta_kodu": "49602"
    },
    {
        "mahalle_id": "7_2",
        "mahalle_adi": "Bağiçi Köyü",
        "posta_kodu": "49602"
    },
    {
        "mahalle_id": "2_1",
        "mahalle_adi": "Bahçelievler Mah",
        "posta_kodu": "49600"
    },
    {
        "mahalle_id": "8_2",
        "mahalle_adi": "Baltaş Köyü",
        "posta_kodu": "49602"
    },
    {
        "mahalle_id": "10_2",
        "mahalle_adi": "Başkent Köyü",
        "posta_kodu": "49602"
    },
    {
        "mahalle_id": "44_2",
        "mahalle_adi": "Bayram Mah (ocaklı Köyü)",
        "posta_kodu": "49602"
    },
    {
        "mahalle_id": "9_2",
        "mahalle_adi": "Benzer Mah (başkent Köyü)",
        "posta_kodu": "49602"
    },
    {
        "mahalle_id": "5_3",
        "mahalle_adi": "Beşikkaya Köyü",
        "posta_kodu": "49610"
    },
    {
        "mahalle_id": "6_3",
        "mahalle_adi": "Beşikkaya Yaylası Mah (beşikkaya Köyü)",
        "posta_kodu": "49610"
    },
    {
        "mahalle_id": "71_2",
        "mahalle_adi": "Boyalı Köyü",
        "posta_kodu": "49602"
    },
    {
        "mahalle_id": "11_2",
        "mahalle_adi": "Boylu Köyü",
        "posta_kodu": "49602"
    },
    {
        "mahalle_id": "12_2",
        "mahalle_adi": "Buzlugöze Köyü",
        "posta_kodu": "49602"
    },
    {
        "mahalle_id": "23_3",
        "mahalle_adi": "Çağlayan Mah (kartaldere Köyü)",
        "posta_kodu": "49610"
    },
    {
        "mahalle_id": "30_3",
        "mahalle_adi": "Çağlek Mah (küçüktepe Köyü)",
        "posta_kodu": "49610"
    },
    {
        "mahalle_id": "7_3",
        "mahalle_adi": "Çalıdere Köyü",
        "posta_kodu": "49610"
    },
    {
        "mahalle_id": "33_3",
        "mahalle_adi": "Çallıca Mah (taşlıyayla Köyü)",
        "posta_kodu": "49610"
    },
    {
        "mahalle_id": "15_2",
        "mahalle_adi": "Çaltılı Köyü",
        "posta_kodu": "49602"
    },
    {
        "mahalle_id": "90_2",
        "mahalle_adi": "Çavuşlu Mah (yeşilpınar Köyü)",
        "posta_kodu": "49602"
    },
    {
        "mahalle_id": "16_2",
        "mahalle_adi": "Çayçatı Köyü",
        "posta_kodu": "49602"
    },
    {
        "mahalle_id": "87_2",
        "mahalle_adi": "Çayırlı Mah (ünaldı Köyü)",
        "posta_kodu": "49602"
    },
    {
        "mahalle_id": "18_2",
        "mahalle_adi": "Çayıryolu Köyü",
        "posta_kodu": "49602"
    },
    {
        "mahalle_id": "1_3",
        "mahalle_adi": "Çaylar Köyü",
        "posta_kodu": "49610"
    },
    {
        "mahalle_id": "72_2",
        "mahalle_adi": "Çayönü Köyü",
        "posta_kodu": "49602"
    },
    {
        "mahalle_id": "43_2",
        "mahalle_adi": "Çelebi Mah (ocaklı Köyü)",
        "posta_kodu": "49602"
    },
    {
        "mahalle_id": "18_3",
        "mahalle_adi": "Çiçekli Mah (güzeldere Köyü)",
        "posta_kodu": "49610"
    },
    {
        "mahalle_id": "19_2",
        "mahalle_adi": "Çobandağı Köyü",
        "posta_kodu": "49602"
    },
    {
        "mahalle_id": "24_3",
        "mahalle_adi": "Çukurlu Mah (kartaldere Köyü)",
        "posta_kodu": "49610"
    },
    {
        "mahalle_id": "35_2",
        "mahalle_adi": "Çukurlu Mah (kayalıdere Köyü)",
        "posta_kodu": "49602"
    },
    {
        "mahalle_id": "9_3",
        "mahalle_adi": "Dağcılar Köyü",
        "posta_kodu": "49610"
    },
    {
        "mahalle_id": "21_2",
        "mahalle_adi": "Dağmahale Mah (dallıöz Köyü)",
        "posta_kodu": "49602"
    },
    {
        "mahalle_id": "20_2",
        "mahalle_adi": "Dallıöz Köyü",
        "posta_kodu": "49602"
    },
    {
        "mahalle_id": "73_2",
        "mahalle_adi": "Değerli Köyü",
        "posta_kodu": "49602"
    },
    {
        "mahalle_id": "95_2",
        "mahalle_adi": "Derince Köyü",
        "posta_kodu": "49602"
    },
    {
        "mahalle_id": "23_2",
        "mahalle_adi": "Diktepeler Köyü",
        "posta_kodu": "49602"
    },
    {
        "mahalle_id": "13_3",
        "mahalle_adi": "Doğanca Köyü",
        "posta_kodu": "49610"
    },
    {
        "mahalle_id": "19_3",
        "mahalle_adi": "Doğanca Mah (güzeldere Köyü)",
        "posta_kodu": "49610"
    },
    {
        "mahalle_id": "74_2",
        "mahalle_adi": "Dönertaş Köyü",
        "posta_kodu": "49602"
    },
    {
        "mahalle_id": "75_2",
        "mahalle_adi": "Durucabulak Köyü",
        "posta_kodu": "49602"
    },
    {
        "mahalle_id": "24_2",
        "mahalle_adi": "Dutözü Köyü",
        "posta_kodu": "49602"
    },
    {
        "mahalle_id": "76_2",
        "mahalle_adi": "Erdoğan Köyü",
        "posta_kodu": "49602"
    },
    {
        "mahalle_id": "8_3",
        "mahalle_adi": "Erenler Mah (çalıdere Köyü)",
        "posta_kodu": "49610"
    },
    {
        "mahalle_id": "15_3",
        "mahalle_adi": "Eryurdu Köyü",
        "posta_kodu": "49610"
    },
    {
        "mahalle_id": "78_2",
        "mahalle_adi": "Esenler Köyü",
        "posta_kodu": "49602"
    },
    {
        "mahalle_id": "79_2",
        "mahalle_adi": "Gelintaşı Köyü",
        "posta_kodu": "49602"
    },
    {
        "mahalle_id": "80_2",
        "mahalle_adi": "Göltepe Köyü",
        "posta_kodu": "49602"
    },
    {
        "mahalle_id": "16_3",
        "mahalle_adi": "Gölyayla Köyü",
        "posta_kodu": "49610"
    },
    {
        "mahalle_id": "25_2",
        "mahalle_adi": "Görgü Köyü",
        "posta_kodu": "49602"
    },
    {
        "mahalle_id": "17_2",
        "mahalle_adi": "Güllüce Mah (çayçatı Köyü)",
        "posta_kodu": "49602"
    },
    {
        "mahalle_id": "3_1",
        "mahalle_adi": "Gümgüm Mah",
        "posta_kodu": "49600"
    },
    {
        "mahalle_id": "17_3",
        "mahalle_adi": "Güzeldere Köyü",
        "posta_kodu": "49610"
    },
    {
        "mahalle_id": "20_3",
        "mahalle_adi": "Güzelkent Köyü",
        "posta_kodu": "49610"
    },
    {
        "mahalle_id": "64_2",
        "mahalle_adi": "Hacı Arif Mah (yukarı Hacıbey Köyü)",
        "posta_kodu": "49602"
    },
    {
        "mahalle_id": "29_2",
        "mahalle_adi": "Haksever Köyü",
        "posta_kodu": "49602"
    },
    {
        "mahalle_id": "4_1",
        "mahalle_adi": "Hürriyet Mah",
        "posta_kodu": "49600"
    },
    {
        "mahalle_id": "30_2",
        "mahalle_adi": "Hüseyinoğlu Köyü",
        "posta_kodu": "49602"
    },
    {
        "mahalle_id": "21_3",
        "mahalle_adi": "İçmeler Köyü",
        "posta_kodu": "49610"
    },
    {
        "mahalle_id": "31_2",
        "mahalle_adi": "İlbey Köyü",
        "posta_kodu": "49602"
    },
    {
        "mahalle_id": "5_1",
        "mahalle_adi": "İnönü Mah",
        "posta_kodu": "49600"
    },
    {
        "mahalle_id": "67_2",
        "mahalle_adi": "Kalecik Köyü",
        "posta_kodu": "49602"
    },
    {
        "mahalle_id": "52_2",
        "mahalle_adi": "Karaç Mah (seki Köyü)",
        "posta_kodu": "49602"
    },
    {
        "mahalle_id": "81_2",
        "mahalle_adi": "Karaköy Köyü",
        "posta_kodu": "49602"
    },
    {
        "mahalle_id": "32_2",
        "mahalle_adi": "Karameşe Köyü",
        "posta_kodu": "49602"
    },
    {
        "mahalle_id": "82_2",
        "mahalle_adi": "Karapınar Köyü",
        "posta_kodu": "49602"
    },
    {
        "mahalle_id": "45_2",
        "mahalle_adi": "Karataş Mah (ocaklı Köyü)",
        "posta_kodu": "49602"
    },
    {
        "mahalle_id": "22_3",
        "mahalle_adi": "Kartaldere Köyü",
        "posta_kodu": "49610"
    },
    {
        "mahalle_id": "33_2",
        "mahalle_adi": "Kayadelen Köyü",
        "posta_kodu": "49602"
    },
    {
        "mahalle_id": "34_2",
        "mahalle_adi": "Kayalıdere Köyü",
        "posta_kodu": "49602"
    },
    {
        "mahalle_id": "36_2",
        "mahalle_adi": "Kayalık Köyü",
        "posta_kodu": "49602"
    },
    {
        "mahalle_id": "83_2",
        "mahalle_adi": "Kayalıkale Köyü",
        "posta_kodu": "49602"
    },
    {
        "mahalle_id": "37_2",
        "mahalle_adi": "Kaygıntaş Köyü",
        "posta_kodu": "49602"
    },
    {
        "mahalle_id": "38_2",
        "mahalle_adi": "Kaynarca Köyü",
        "posta_kodu": "49602"
    },
    {
        "mahalle_id": "11_3",
        "mahalle_adi": "Kele Mah (dağcılar Köyü)",
        "posta_kodu": "49610"
    },
    {
        "mahalle_id": "39_2",
        "mahalle_adi": "Koçyatağı Köyü",
        "posta_kodu": "49602"
    },
    {
        "mahalle_id": "40_2",
        "mahalle_adi": "Kolan Köyü",
        "posta_kodu": "49602"
    },
    {
        "mahalle_id": "91_2",
        "mahalle_adi": "Konaklı Mah (yeşilpınar Köyü)",
        "posta_kodu": "49602"
    },
    {
        "mahalle_id": "26_3",
        "mahalle_adi": "Köprücük Köyü",
        "posta_kodu": "49610"
    },
    {
        "mahalle_id": "29_3",
        "mahalle_adi": "Küçüktepe Köyü",
        "posta_kodu": "49610"
    },
    {
        "mahalle_id": "6_1",
        "mahalle_adi": "Kültür Mah",
        "posta_kodu": "49600"
    },
    {
        "mahalle_id": "84_2",
        "mahalle_adi": "Kumlukıyı Köyü",
        "posta_kodu": "49602"
    },
    {
        "mahalle_id": "34_3",
        "mahalle_adi": "Kuşburnu Mah (taşlıyayla Köyü)",
        "posta_kodu": "49610"
    },
    {
        "mahalle_id": "85_2",
        "mahalle_adi": "Kuşluk Köyü",
        "posta_kodu": "49602"
    },
    {
        "mahalle_id": "41_2",
        "mahalle_adi": "Leylek Köyü",
        "posta_kodu": "49602"
    },
    {
        "mahalle_id": "42_2",
        "mahalle_adi": "Ocaklı Köyü",
        "posta_kodu": "49602"
    },
    {
        "mahalle_id": "46_2",
        "mahalle_adi": "Oğlakçı Köyü",
        "posta_kodu": "49602"
    },
    {
        "mahalle_id": "47_2",
        "mahalle_adi": "Ölçekli Köyü",
        "posta_kodu": "49602"
    },
    {
        "mahalle_id": "68_2",
        "mahalle_adi": "Omcalı Köyü",
        "posta_kodu": "49602"
    },
    {
        "mahalle_id": "93_2",
        "mahalle_adi": "Onbaşı Mah (yurttutan Köyü)",
        "posta_kodu": "49602"
    },
    {
        "mahalle_id": "31_3",
        "mahalle_adi": "Onpınar Köyü",
        "posta_kodu": "49610"
    },
    {
        "mahalle_id": "48_2",
        "mahalle_adi": "Özenç Köyü",
        "posta_kodu": "49602"
    },
    {
        "mahalle_id": "32_3",
        "mahalle_adi": "Özkonak Köyü",
        "posta_kodu": "49610"
    },
    {
        "mahalle_id": "10_3",
        "mahalle_adi": "Pınarlı Mah (dağcılar Köyü)",
        "posta_kodu": "49610"
    },
    {
        "mahalle_id": "49_2",
        "mahalle_adi": "Sağlıcak Köyü",
        "posta_kodu": "49602"
    },
    {
        "mahalle_id": "86_2",
        "mahalle_adi": "Sanlıca Köyü",
        "posta_kodu": "49602"
    },
    {
        "mahalle_id": "50_2",
        "mahalle_adi": "Sazlıca Köyü",
        "posta_kodu": "49602"
    },
    {
        "mahalle_id": "51_2",
        "mahalle_adi": "Seki Köyü",
        "posta_kodu": "49602"
    },
    {
        "mahalle_id": "53_2",
        "mahalle_adi": "Taşçı Köyü",
        "posta_kodu": "49602"
    },
    {
        "mahalle_id": "54_2",
        "mahalle_adi": "Taşdibek Köyü",
        "posta_kodu": "49602"
    },
    {
        "mahalle_id": "35_3",
        "mahalle_adi": "Taşlıyayla Köyü",
        "posta_kodu": "49610"
    },
    {
        "mahalle_id": "36_3",
        "mahalle_adi": "Teknedüzü Köyü",
        "posta_kodu": "49610"
    },
    {
        "mahalle_id": "55_2",
        "mahalle_adi": "Tepe Köyü",
        "posta_kodu": "49602"
    },
    {
        "mahalle_id": "12_3",
        "mahalle_adi": "Tescilsiz Aşağı Mezra Mah (dağcılar Köyü)",
        "posta_kodu": "49610"
    },
    {
        "mahalle_id": "22_2",
        "mahalle_adi": "Tescilsiz Bingöl Mah (dallıöz Köyü)",
        "posta_kodu": "49602"
    },
    {
        "mahalle_id": "56_2",
        "mahalle_adi": "Tescilsiz Doğdap Mah (tepe Köyü)",
        "posta_kodu": "49602"
    },
    {
        "mahalle_id": "14_3",
        "mahalle_adi": "Tescilsiz Kılıç Mah (eryurdu Köyü)",
        "posta_kodu": "49610"
    },
    {
        "mahalle_id": "37_3",
        "mahalle_adi": "Tescilsiz Midi Mah (teknedüzü Köyü)",
        "posta_kodu": "49610"
    },
    {
        "mahalle_id": "39_3",
        "mahalle_adi": "Tescilsiz Ozankent Mah (tuzlu Köyü)",
        "posta_kodu": "49610"
    },
    {
        "mahalle_id": "14_2",
        "mahalle_adi": "Tescilsiz Yıldızlar Mah (buzlugöze Köyü)",
        "posta_kodu": "49602"
    },
    {
        "mahalle_id": "13_2",
        "mahalle_adi": "Tescilsiz Ziyaret Mah (buzlugöze Köyü)",
        "posta_kodu": "49602"
    },
    {
        "mahalle_id": "94_2",
        "mahalle_adi": "Toklu Mah (yurttutan Köyü)",
        "posta_kodu": "49602"
    },
    {
        "mahalle_id": "38_3",
        "mahalle_adi": "Tuzlu Köyü",
        "posta_kodu": "49610"
    },
    {
        "mahalle_id": "40_3",
        "mahalle_adi": "Üçbulak Köyü",
        "posta_kodu": "49610"
    },
    {
        "mahalle_id": "57_2",
        "mahalle_adi": "Ulusırt Köyü",
        "posta_kodu": "49602"
    },
    {
        "mahalle_id": "88_2",
        "mahalle_adi": "Ünaldı Köyü",
        "posta_kodu": "49602"
    },
    {
        "mahalle_id": "27_3",
        "mahalle_adi": "Veli Mah (köprücük Köyü)",
        "posta_kodu": "49610"
    },
    {
        "mahalle_id": "3_2",
        "mahalle_adi": "Yamaç Mah (ağaçaltı Köyü)",
        "posta_kodu": "49602"
    },
    {
        "mahalle_id": "58_2",
        "mahalle_adi": "Yarlısu Köyü",
        "posta_kodu": "49602"
    },
    {
        "mahalle_id": "59_2",
        "mahalle_adi": "Yayıklı Köyü",
        "posta_kodu": "49602"
    },
    {
        "mahalle_id": "60_2",
        "mahalle_adi": "Yayla Köyü",
        "posta_kodu": "49602"
    },
    {
        "mahalle_id": "61_2",
        "mahalle_adi": "Yedikavak Köyü",
        "posta_kodu": "49602"
    },
    {
        "mahalle_id": "26_2",
        "mahalle_adi": "Yekmal Mah (görgü Köyü)",
        "posta_kodu": "49602"
    },
    {
        "mahalle_id": "7_1",
        "mahalle_adi": "Yeni Mah",
        "posta_kodu": "49600"
    },
    {
        "mahalle_id": "41_3",
        "mahalle_adi": "Yeşildal Köyü",
        "posta_kodu": "49610"
    },
    {
        "mahalle_id": "89_2",
        "mahalle_adi": "Yeşilpınar Köyü",
        "posta_kodu": "49602"
    },
    {
        "mahalle_id": "4_3",
        "mahalle_adi": "Yeşiltepe Mah (beşikkaya Köyü)",
        "posta_kodu": "49610"
    },
    {
        "mahalle_id": "62_2",
        "mahalle_adi": "Yılanlı Köyü",
        "posta_kodu": "49602"
    },
    {
        "mahalle_id": "63_2",
        "mahalle_adi": "Yukarı Hacıbey Köyü",
        "posta_kodu": "49602"
    },
    {
        "mahalle_id": "27_2",
        "mahalle_adi": "Yukarı Kalecik Mah (haksever Köyü)",
        "posta_kodu": "49602"
    },
    {
        "mahalle_id": "92_2",
        "mahalle_adi": "Yurttutan Köyü",
        "posta_kodu": "49602"
    },
    {
        "mahalle_id": "77_2",
        "mahalle_adi": "Yuvalı Mah (erdoğan Köyü)",
        "posta_kodu": "49602"
    },
    {
        "mahalle_id": "65_2",
        "mahalle_adi": "Zorabat Köyü",
        "posta_kodu": "49602"
    }
]