[
    {
        "mahalle_id": "74_2",
        "mahalle_adi": "Akbıyık Mah (gökçedüz Köyü)",
        "posta_kodu": "78502"
    },
    {
        "mahalle_id": "4_2",
        "mahalle_adi": "Akcapınar Mah (abdullar Köyü)",
        "posta_kodu": "78502"
    },
    {
        "mahalle_id": "124_2",
        "mahalle_adi": "Akhisar Mah (taşoğlu Köyü)",
        "posta_kodu": "78502"
    },
    {
        "mahalle_id": "25_2",
        "mahalle_adi": "Ali Bey Mah (belen Köyü)",
        "posta_kodu": "78502"
    },
    {
        "mahalle_id": "11_2",
        "mahalle_adi": "Alınca Köyü",
        "posta_kodu": "78502"
    },
    {
        "mahalle_id": "60_2",
        "mahalle_adi": "Alizayim Mah (dudaş Köyü)",
        "posta_kodu": "78502"
    },
    {
        "mahalle_id": "134_2",
        "mahalle_adi": "Alkısırak Mah (yığınot Köyü)",
        "posta_kodu": "78502"
    },
    {
        "mahalle_id": "16_2",
        "mahalle_adi": "Aşağı Asarcık Mah (ambarözü Köyü)",
        "posta_kodu": "78502"
    },
    {
        "mahalle_id": "12_2",
        "mahalle_adi": "Aşağı Mah (ambarözü Köyü)",
        "posta_kodu": "78502"
    },
    {
        "mahalle_id": "111_2",
        "mahalle_adi": "Aşağı Mah (soğanlı Köyü)",
        "posta_kodu": "78502"
    },
    {
        "mahalle_id": "5_2",
        "mahalle_adi": "Aydınlar Mah (ahmetler Köyü)",
        "posta_kodu": "78502"
    },
    {
        "mahalle_id": "130_2",
        "mahalle_adi": "Bakırcılar Mah (yeniören Köyü)",
        "posta_kodu": "78502"
    },
    {
        "mahalle_id": "137_2",
        "mahalle_adi": "Bakırcıoğlu Mah (ahmetler Köyü)",
        "posta_kodu": "78502"
    },
    {
        "mahalle_id": "85_2",
        "mahalle_adi": "Bediller Mah (imanlar Köyü)",
        "posta_kodu": "78502"
    },
    {
        "mahalle_id": "30_2",
        "mahalle_adi": "Beşirağa Mah (boduroğlu Köyü)",
        "posta_kodu": "78502"
    },
    {
        "mahalle_id": "42_2",
        "mahalle_adi": "Bicikler Mah (çukur Köyü)",
        "posta_kodu": "78502"
    },
    {
        "mahalle_id": "49_2",
        "mahalle_adi": "Çataklıoğlu Mah (dudaş Köyü)",
        "posta_kodu": "78502"
    },
    {
        "mahalle_id": "53_2",
        "mahalle_adi": "Çay Mah (dudaş Köyü)",
        "posta_kodu": "78502"
    },
    {
        "mahalle_id": "13_2",
        "mahalle_adi": "Cevre Mah (ambarözü Köyü)",
        "posta_kodu": "78502"
    },
    {
        "mahalle_id": "92_2",
        "mahalle_adi": "Cingiller Mah (kışla Köyü)",
        "posta_kodu": "78502"
    },
    {
        "mahalle_id": "6_2",
        "mahalle_adi": "Çolakoğlu Mah (ahmetler Köyü)",
        "posta_kodu": "78502"
    },
    {
        "mahalle_id": "23_2",
        "mahalle_adi": "Dabaz Ali Mah (belen Köyü)",
        "posta_kodu": "78502"
    },
    {
        "mahalle_id": "50_2",
        "mahalle_adi": "Dağdibi Mah (dudaş Köyü)",
        "posta_kodu": "78502"
    },
    {
        "mahalle_id": "116_2",
        "mahalle_adi": "Dere Mah (sülük Köyü)",
        "posta_kodu": "78502"
    },
    {
        "mahalle_id": "29_2",
        "mahalle_adi": "Deveci Mah (boduroğlu Köyü)",
        "posta_kodu": "78502"
    },
    {
        "mahalle_id": "58_2",
        "mahalle_adi": "Dodan Mah (dudaş Köyü)",
        "posta_kodu": "78502"
    },
    {
        "mahalle_id": "67_2",
        "mahalle_adi": "Dökük Mah (erkeç Köyü)",
        "posta_kodu": "78502"
    },
    {
        "mahalle_id": "82_2",
        "mahalle_adi": "Doruk Mah (hatipoğlu Köyü)",
        "posta_kodu": "78502"
    },
    {
        "mahalle_id": "44_2",
        "mahalle_adi": "Eğerciler Mah (çukur Köyü)",
        "posta_kodu": "78502"
    },
    {
        "mahalle_id": "18_2",
        "mahalle_adi": "Emirler Mah (avlağıkaya Köyü)",
        "posta_kodu": "78502"
    },
    {
        "mahalle_id": "123_2",
        "mahalle_adi": "Erdegöl Mah (taşoğlu Köyü)",
        "posta_kodu": "78502"
    },
    {
        "mahalle_id": "61_2",
        "mahalle_adi": "Esenler Mah (ekincik Köyü)",
        "posta_kodu": "78502"
    },
    {
        "mahalle_id": "68_2",
        "mahalle_adi": "Eyberler Mah (erkeç Köyü)",
        "posta_kodu": "78502"
    },
    {
        "mahalle_id": "84_2",
        "mahalle_adi": "Eyberler Mah (imanlar Köyü)",
        "posta_kodu": "78502"
    },
    {
        "mahalle_id": "10_2",
        "mahalle_adi": "Ganioğlu Mah (ahmetler Köyü)",
        "posta_kodu": "78502"
    },
    {
        "mahalle_id": "117_2",
        "mahalle_adi": "Göcek Mah (sülük Köyü)",
        "posta_kodu": "78502"
    },
    {
        "mahalle_id": "51_2",
        "mahalle_adi": "Gövez Mah (dudaş Köyü)",
        "posta_kodu": "78502"
    },
    {
        "mahalle_id": "1_2",
        "mahalle_adi": "Gülefler Mah (abdullar Köyü)",
        "posta_kodu": "78502"
    },
    {
        "mahalle_id": "125_2",
        "mahalle_adi": "Güneşler Mah (yaka Köyü)",
        "posta_kodu": "78502"
    },
    {
        "mahalle_id": "79_2",
        "mahalle_adi": "Güney Mah (güneysaz Köyü)",
        "posta_kodu": "78502"
    },
    {
        "mahalle_id": "81_2",
        "mahalle_adi": "Hatip Mah (hatipoğlu Köyü)",
        "posta_kodu": "78502"
    },
    {
        "mahalle_id": "104_2",
        "mahalle_adi": "Hatipoğlu Mah (pürçükören Köyü)",
        "posta_kodu": "78502"
    },
    {
        "mahalle_id": "34_2",
        "mahalle_adi": "Hatlar Mah (boyalı Köyü)",
        "posta_kodu": "78502"
    },
    {
        "mahalle_id": "98_2",
        "mahalle_adi": "Hatlar Mah (küçüksu Köyü)",
        "posta_kodu": "78502"
    },
    {
        "mahalle_id": "19_2",
        "mahalle_adi": "Hoca Mah (avlağıkaya Köyü)",
        "posta_kodu": "78502"
    },
    {
        "mahalle_id": "35_2",
        "mahalle_adi": "Hocaoğlu Köprüsü Mah (boyalı Köyü)",
        "posta_kodu": "78502"
    },
    {
        "mahalle_id": "131_2",
        "mahalle_adi": "İlyaslar Mah (yeniören Köyü)",
        "posta_kodu": "78502"
    },
    {
        "mahalle_id": "65_2",
        "mahalle_adi": "İnceoğlu Mah (ekincik Köyü)",
        "posta_kodu": "78502"
    },
    {
        "mahalle_id": "63_2",
        "mahalle_adi": "Kadı Mah (ekincik Köyü)",
        "posta_kodu": "78502"
    },
    {
        "mahalle_id": "91_2",
        "mahalle_adi": "Kahveci Mah (kışla Köyü)",
        "posta_kodu": "78502"
    },
    {
        "mahalle_id": "40_2",
        "mahalle_adi": "Karaağaç Mah (çatak Köyü)",
        "posta_kodu": "78502"
    },
    {
        "mahalle_id": "99_2",
        "mahalle_adi": "Karagöl Mah (küçüksu Köyü)",
        "posta_kodu": "78502"
    },
    {
        "mahalle_id": "102_2",
        "mahalle_adi": "Karakoyunlu Mah (pürçükören Köyü)",
        "posta_kodu": "78502"
    },
    {
        "mahalle_id": "89_2",
        "mahalle_adi": "Kargalı Mah (kavaklar Köyü)",
        "posta_kodu": "78502"
    },
    {
        "mahalle_id": "21_2",
        "mahalle_adi": "Karşı Mah (avlağıkaya Köyü)",
        "posta_kodu": "78502"
    },
    {
        "mahalle_id": "95_2",
        "mahalle_adi": "Karşı Mah (koltuk Köyü)",
        "posta_kodu": "78502"
    },
    {
        "mahalle_id": "54_2",
        "mahalle_adi": "Kayalar Mah (dudaş Köyü)",
        "posta_kodu": "78502"
    },
    {
        "mahalle_id": "72_2",
        "mahalle_adi": "Keçiler Mah (ganibeyler Köyü)",
        "posta_kodu": "78502"
    },
    {
        "mahalle_id": "32_2",
        "mahalle_adi": "Kızık Mah (boduroğlu Köyü)",
        "posta_kodu": "78502"
    },
    {
        "mahalle_id": "52_2",
        "mahalle_adi": "Kızılelma Mah (dudaş Köyü)",
        "posta_kodu": "78502"
    },
    {
        "mahalle_id": "36_2",
        "mahalle_adi": "Köseler Mah (boyalı Köyü)",
        "posta_kodu": "78502"
    },
    {
        "mahalle_id": "69_2",
        "mahalle_adi": "Kuzgun Mah (erkeç Köyü)",
        "posta_kodu": "78502"
    },
    {
        "mahalle_id": "115_2",
        "mahalle_adi": "Mehmetoğlu Mah (sülük Köyü)",
        "posta_kodu": "78502"
    },
    {
        "mahalle_id": "1_1",
        "mahalle_adi": "Merkez Mah",
        "posta_kodu": "78500"
    },
    {
        "mahalle_id": "3_2",
        "mahalle_adi": "Merkez Mah (abdullar Köyü)",
        "posta_kodu": "78502"
    },
    {
        "mahalle_id": "14_2",
        "mahalle_adi": "Merkez Mah (ambarözü Köyü)",
        "posta_kodu": "78502"
    },
    {
        "mahalle_id": "20_2",
        "mahalle_adi": "Merkez Mah (avlağıkaya Köyü)",
        "posta_kodu": "78502"
    },
    {
        "mahalle_id": "22_2",
        "mahalle_adi": "Merkez Mah (başboyunduruk Köyü)",
        "posta_kodu": "78502"
    },
    {
        "mahalle_id": "24_2",
        "mahalle_adi": "Merkez Mah (belen Köyü)",
        "posta_kodu": "78502"
    },
    {
        "mahalle_id": "26_2",
        "mahalle_adi": "Merkez Mah (beydili Köyü)",
        "posta_kodu": "78502"
    },
    {
        "mahalle_id": "28_2",
        "mahalle_adi": "Merkez Mah (beydini Köyü)",
        "posta_kodu": "78502"
    },
    {
        "mahalle_id": "31_2",
        "mahalle_adi": "Merkez Mah (boduroğlu Köyü)",
        "posta_kodu": "78502"
    },
    {
        "mahalle_id": "37_2",
        "mahalle_adi": "Merkez Mah (bölükören Köyü)",
        "posta_kodu": "78502"
    },
    {
        "mahalle_id": "33_2",
        "mahalle_adi": "Merkez Mah (boyalı Köyü)",
        "posta_kodu": "78502"
    },
    {
        "mahalle_id": "39_2",
        "mahalle_adi": "Merkez Mah (çatak Köyü)",
        "posta_kodu": "78502"
    },
    {
        "mahalle_id": "41_2",
        "mahalle_adi": "Merkez Mah (çukur Köyü)",
        "posta_kodu": "78502"
    },
    {
        "mahalle_id": "45_2",
        "mahalle_adi": "Merkez Mah (doğanlar Köyü)",
        "posta_kodu": "78502"
    },
    {
        "mahalle_id": "48_2",
        "mahalle_adi": "Merkez Mah (dökecek Köyü)",
        "posta_kodu": "78502"
    },
    {
        "mahalle_id": "70_2",
        "mahalle_adi": "Merkez Mah (erkeç Köyü)",
        "posta_kodu": "78502"
    },
    {
        "mahalle_id": "71_2",
        "mahalle_adi": "Merkez Mah (ganibeyler Köyü)",
        "posta_kodu": "78502"
    },
    {
        "mahalle_id": "73_2",
        "mahalle_adi": "Merkez Mah (gökçedüz Köyü)",
        "posta_kodu": "78502"
    },
    {
        "mahalle_id": "78_2",
        "mahalle_adi": "Merkez Mah (gümelik Köyü)",
        "posta_kodu": "78502"
    },
    {
        "mahalle_id": "87_2",
        "mahalle_adi": "Merkez Mah (imanlar Köyü)",
        "posta_kodu": "78502"
    },
    {
        "mahalle_id": "88_2",
        "mahalle_adi": "Merkez Mah (kavaklar Köyü)",
        "posta_kodu": "78502"
    },
    {
        "mahalle_id": "93_2",
        "mahalle_adi": "Merkez Mah (kışla Köyü)",
        "posta_kodu": "78502"
    },
    {
        "mahalle_id": "94_2",
        "mahalle_adi": "Merkez Mah (koltuk Köyü)",
        "posta_kodu": "78502"
    },
    {
        "mahalle_id": "97_2",
        "mahalle_adi": "Merkez Mah (küçüksu Köyü)",
        "posta_kodu": "78502"
    },
    {
        "mahalle_id": "101_2",
        "mahalle_adi": "Merkez Mah (pürçükören Köyü)",
        "posta_kodu": "78502"
    },
    {
        "mahalle_id": "119_2",
        "mahalle_adi": "Merkez Mah (şamlar Köyü)",
        "posta_kodu": "78502"
    },
    {
        "mahalle_id": "105_2",
        "mahalle_adi": "Merkez Mah (sarılar Köyü)",
        "posta_kodu": "78502"
    },
    {
        "mahalle_id": "108_2",
        "mahalle_adi": "Merkez Mah (sofuoğlu Köyü)",
        "posta_kodu": "78502"
    },
    {
        "mahalle_id": "112_2",
        "mahalle_adi": "Merkez Mah (soğanlı Köyü)",
        "posta_kodu": "78502"
    },
    {
        "mahalle_id": "114_2",
        "mahalle_adi": "Merkez Mah (sülük Köyü)",
        "posta_kodu": "78502"
    },
    {
        "mahalle_id": "121_2",
        "mahalle_adi": "Merkez Mah (taşoğlu Köyü)",
        "posta_kodu": "78502"
    },
    {
        "mahalle_id": "127_2",
        "mahalle_adi": "Merkez Mah (yaka Köyü)",
        "posta_kodu": "78502"
    },
    {
        "mahalle_id": "129_2",
        "mahalle_adi": "Merkez Mah (yaylacılar Köyü)",
        "posta_kodu": "78502"
    },
    {
        "mahalle_id": "132_2",
        "mahalle_adi": "Merkez Mah (yeniören Köyü)",
        "posta_kodu": "78502"
    },
    {
        "mahalle_id": "59_2",
        "mahalle_adi": "Mıcık Mah (dudaş Köyü)",
        "posta_kodu": "78502"
    },
    {
        "mahalle_id": "128_2",
        "mahalle_adi": "Muradoğlu Mah (yaka Köyü)",
        "posta_kodu": "78502"
    },
    {
        "mahalle_id": "7_2",
        "mahalle_adi": "Musatlar Mah (ahmetler Köyü)",
        "posta_kodu": "78502"
    },
    {
        "mahalle_id": "43_2",
        "mahalle_adi": "Mustafa Ağa Mah (çukur Köyü)",
        "posta_kodu": "78502"
    },
    {
        "mahalle_id": "86_2",
        "mahalle_adi": "Ömerler Mah (imanlar Köyü)",
        "posta_kodu": "78502"
    },
    {
        "mahalle_id": "83_2",
        "mahalle_adi": "Orta Mah (hatipoğlu Köyü)",
        "posta_kodu": "78502"
    },
    {
        "mahalle_id": "120_2",
        "mahalle_adi": "Orta Mah (şamlar Köyü)",
        "posta_kodu": "78502"
    },
    {
        "mahalle_id": "38_2",
        "mahalle_adi": "Ortaca Mah (bölükören Köyü)",
        "posta_kodu": "78502"
    },
    {
        "mahalle_id": "133_2",
        "mahalle_adi": "Osmancık Mah (yeniören Köyü)",
        "posta_kodu": "78502"
    },
    {
        "mahalle_id": "55_2",
        "mahalle_adi": "Öte Gövez Mah (dudaş Köyü)",
        "posta_kodu": "78502"
    },
    {
        "mahalle_id": "90_2",
        "mahalle_adi": "Pazaryeri Mah (kışla Köyü)",
        "posta_kodu": "78502"
    },
    {
        "mahalle_id": "62_2",
        "mahalle_adi": "Pehlivanoğlu Mah (ekincik Köyü)",
        "posta_kodu": "78502"
    },
    {
        "mahalle_id": "100_2",
        "mahalle_adi": "Pelitçik Köyü",
        "posta_kodu": "78502"
    },
    {
        "mahalle_id": "47_2",
        "mahalle_adi": "Sağıroğlu Mah (dökecek Köyü)",
        "posta_kodu": "78502"
    },
    {
        "mahalle_id": "2_2",
        "mahalle_adi": "Saitler Mah (abdullar Köyü)",
        "posta_kodu": "78502"
    },
    {
        "mahalle_id": "66_2",
        "mahalle_adi": "Şamlı Mah (erkeç Köyü)",
        "posta_kodu": "78502"
    },
    {
        "mahalle_id": "109_2",
        "mahalle_adi": "Sarıoğlu Mah (sofuoğlu Köyü)",
        "posta_kodu": "78502"
    },
    {
        "mahalle_id": "118_2",
        "mahalle_adi": "Şaylar Mah (şamlar Köyü)",
        "posta_kodu": "78502"
    },
    {
        "mahalle_id": "80_2",
        "mahalle_adi": "Saz Mah (güneysaz Köyü)",
        "posta_kodu": "78502"
    },
    {
        "mahalle_id": "75_2",
        "mahalle_adi": "Sindire Mah (gümelik Köyü)",
        "posta_kodu": "78502"
    },
    {
        "mahalle_id": "8_2",
        "mahalle_adi": "Sofular Mah (ahmetler Köyü)",
        "posta_kodu": "78502"
    },
    {
        "mahalle_id": "113_2",
        "mahalle_adi": "Söğütçü Mah (sülük Köyü)",
        "posta_kodu": "78502"
    },
    {
        "mahalle_id": "106_2",
        "mahalle_adi": "Sonya Mah (sarılar Köyü)",
        "posta_kodu": "78502"
    },
    {
        "mahalle_id": "96_2",
        "mahalle_adi": "Süller Mah (küçüksu Köyü)",
        "posta_kodu": "78502"
    },
    {
        "mahalle_id": "76_2",
        "mahalle_adi": "Sütcü Mah (gümelik Köyü)",
        "posta_kodu": "78502"
    },
    {
        "mahalle_id": "103_2",
        "mahalle_adi": "Tepe Mah (pürçükören Köyü)",
        "posta_kodu": "78502"
    },
    {
        "mahalle_id": "126_2",
        "mahalle_adi": "Terzi Mah (yaka Köyü)",
        "posta_kodu": "78502"
    },
    {
        "mahalle_id": "77_2",
        "mahalle_adi": "Toklar Mah (gümelik Köyü)",
        "posta_kodu": "78502"
    },
    {
        "mahalle_id": "110_2",
        "mahalle_adi": "Üzümcük Mah (soğanlı Köyü)",
        "posta_kodu": "78502"
    },
    {
        "mahalle_id": "17_2",
        "mahalle_adi": "Yahyalar Mah (ambarözü Köyü)",
        "posta_kodu": "78502"
    },
    {
        "mahalle_id": "64_2",
        "mahalle_adi": "Yayalar Mah (ekincik Köyü)",
        "posta_kodu": "78502"
    },
    {
        "mahalle_id": "27_2",
        "mahalle_adi": "Yayaoğlu Mah (beydili Köyü)",
        "posta_kodu": "78502"
    },
    {
        "mahalle_id": "122_2",
        "mahalle_adi": "Yayaoğlu Mah (taşoğlu Köyü)",
        "posta_kodu": "78502"
    },
    {
        "mahalle_id": "46_2",
        "mahalle_adi": "Yiğitler Mah (doğanlar Köyü)",
        "posta_kodu": "78502"
    },
    {
        "mahalle_id": "15_2",
        "mahalle_adi": "Yukarı Asarcık Mah (ambarözü Köyü)",
        "posta_kodu": "78502"
    },
    {
        "mahalle_id": "56_2",
        "mahalle_adi": "Yukarı Kayalar Mah (dudaş Köyü)",
        "posta_kodu": "78502"
    },
    {
        "mahalle_id": "9_2",
        "mahalle_adi": "Yukarı Mah (ahmetler Köyü)",
        "posta_kodu": "78502"
    },
    {
        "mahalle_id": "135_2",
        "mahalle_adi": "Yukarı Mah (yığınot Köyü)",
        "posta_kodu": "78502"
    },
    {
        "mahalle_id": "107_2",
        "mahalle_adi": "Yunuslar Mah (sarılar Köyü)",
        "posta_kodu": "78502"
    },
    {
        "mahalle_id": "136_2",
        "mahalle_adi": "Yürekören Köyü",
        "posta_kodu": "78502"
    },
    {
        "mahalle_id": "57_2",
        "mahalle_adi": "Yuvalar Mah (dudaş Köyü)",
        "posta_kodu": "78502"
    }
]