[
    {
        "mahalle_id": "73_2",
        "mahalle_adi": "Akıncılar Mah (dikyamaç Köyü)",
        "posta_kodu": "08290"
    },
    {
        "mahalle_id": "50_2",
        "mahalle_adi": "Altılar Mah (üçler Köyü)",
        "posta_kodu": "08290"
    },
    {
        "mahalle_id": "1_1",
        "mahalle_adi": "Aşağı Hacılar Mah",
        "posta_kodu": "08200"
    },
    {
        "mahalle_id": "13_2",
        "mahalle_adi": "Aşağı Mah (dereüstü Köyü)",
        "posta_kodu": "08290"
    },
    {
        "mahalle_id": "28_2",
        "mahalle_adi": "Aşağı Mah (konaklı Köyü)",
        "posta_kodu": "08290"
    },
    {
        "mahalle_id": "66_2",
        "mahalle_adi": "Aşağı Merkez Mah (başköy Köyü)",
        "posta_kodu": "08290"
    },
    {
        "mahalle_id": "47_2",
        "mahalle_adi": "Aşağı Üçler Mah (üçler Köyü)",
        "posta_kodu": "08290"
    },
    {
        "mahalle_id": "1_2",
        "mahalle_adi": "Aşağışahinler Köyü",
        "posta_kodu": "08290"
    },
    {
        "mahalle_id": "31_2",
        "mahalle_adi": "Aslanlar Mah (sırtoba Köyü)",
        "posta_kodu": "08290"
    },
    {
        "mahalle_id": "55_2",
        "mahalle_adi": "Aydoğdu Mah (yukarışahinler Köyü)",
        "posta_kodu": "08290"
    },
    {
        "mahalle_id": "20_2",
        "mahalle_adi": "Berzene Mah (kavak Köyü)",
        "posta_kodu": "08290"
    },
    {
        "mahalle_id": "84_2",
        "mahalle_adi": "Bıyıklıoğlu Mah (küçükköy Köyü)",
        "posta_kodu": "08290"
    },
    {
        "mahalle_id": "2_1",
        "mahalle_adi": "Boğaziçi Mah",
        "posta_kodu": "08200"
    },
    {
        "mahalle_id": "72_2",
        "mahalle_adi": "Boyuncuk Köyü",
        "posta_kodu": "08290"
    },
    {
        "mahalle_id": "7_2",
        "mahalle_adi": "Büyük Mah (derecik Köyü)",
        "posta_kodu": "08290"
    },
    {
        "mahalle_id": "71_2",
        "mahalle_adi": "Çamlıca Mah (başköy Köyü)",
        "posta_kodu": "08290"
    },
    {
        "mahalle_id": "77_2",
        "mahalle_adi": "Cenevizler Mah (dülgerli Köyü)",
        "posta_kodu": "08290"
    },
    {
        "mahalle_id": "3_1",
        "mahalle_adi": "Cumhuriyet Mah",
        "posta_kodu": "08200"
    },
    {
        "mahalle_id": "38_2",
        "mahalle_adi": "Değirmendere Mah (ulukent Köyü)",
        "posta_kodu": "08290"
    },
    {
        "mahalle_id": "83_2",
        "mahalle_adi": "Demirciler Mah (dülgerli Köyü)",
        "posta_kodu": "08290"
    },
    {
        "mahalle_id": "45_2",
        "mahalle_adi": "Dere İçi Mah (üçırmak Köyü)",
        "posta_kodu": "08290"
    },
    {
        "mahalle_id": "57_2",
        "mahalle_adi": "Dereiçi 1 Mah (yukarışahinler Köyü)",
        "posta_kodu": "08290"
    },
    {
        "mahalle_id": "58_2",
        "mahalle_adi": "Dereiçi 2 Mah (yukarışahinler Köyü)",
        "posta_kodu": "08290"
    },
    {
        "mahalle_id": "41_2",
        "mahalle_adi": "Eskuat Mah (üçırmak Köyü)",
        "posta_kodu": "08290"
    },
    {
        "mahalle_id": "79_2",
        "mahalle_adi": "Eskuvat Mah (dülgerli Köyü)",
        "posta_kodu": "08290"
    },
    {
        "mahalle_id": "85_2",
        "mahalle_adi": "Güllavat Mah (küçükköy Köyü)",
        "posta_kodu": "08290"
    },
    {
        "mahalle_id": "2_2",
        "mahalle_adi": "Gültepe Mah (balıklı Köyü)",
        "posta_kodu": "08290"
    },
    {
        "mahalle_id": "12_2",
        "mahalle_adi": "Günaydın Mah (dereüstü Köyü)",
        "posta_kodu": "08290"
    },
    {
        "mahalle_id": "54_2",
        "mahalle_adi": "Gündoğdu Mah (yukarışahinler Köyü)",
        "posta_kodu": "08290"
    },
    {
        "mahalle_id": "15_2",
        "mahalle_adi": "Güneşli Köyü",
        "posta_kodu": "08290"
    },
    {
        "mahalle_id": "4_2",
        "mahalle_adi": "Güneyce Mah (balıklı Köyü)",
        "posta_kodu": "08290"
    },
    {
        "mahalle_id": "16_2",
        "mahalle_adi": "Güngören Köyü",
        "posta_kodu": "08290"
    },
    {
        "mahalle_id": "17_2",
        "mahalle_adi": "Gürgencik Köyü",
        "posta_kodu": "08290"
    },
    {
        "mahalle_id": "89_2",
        "mahalle_adi": "Hacılar Mah (soğucak Köyü)",
        "posta_kodu": "08290"
    },
    {
        "mahalle_id": "44_2",
        "mahalle_adi": "Hatinoğlu Mah (üçırmak Köyü)",
        "posta_kodu": "08290"
    },
    {
        "mahalle_id": "9_2",
        "mahalle_adi": "Hürriyet Mah (derecik Köyü)",
        "posta_kodu": "08290"
    },
    {
        "mahalle_id": "64_2",
        "mahalle_adi": "Isınali Mah (arılı Köyü)",
        "posta_kodu": "08290"
    },
    {
        "mahalle_id": "8_2",
        "mahalle_adi": "İsmail Çağ Mah (derecik Köyü)",
        "posta_kodu": "08290"
    },
    {
        "mahalle_id": "4_1",
        "mahalle_adi": "Kale Mah",
        "posta_kodu": "08200"
    },
    {
        "mahalle_id": "63_2",
        "mahalle_adi": "Kamilet Mah (arılı Köyü)",
        "posta_kodu": "08290"
    },
    {
        "mahalle_id": "87_2",
        "mahalle_adi": "Kamilet Mah (küçükköy Köyü)",
        "posta_kodu": "08290"
    },
    {
        "mahalle_id": "24_2",
        "mahalle_adi": "Kemerköprü Köyü",
        "posta_kodu": "08290"
    },
    {
        "mahalle_id": "25_2",
        "mahalle_adi": "Kestanealan Köyü",
        "posta_kodu": "08290"
    },
    {
        "mahalle_id": "26_2",
        "mahalle_adi": "Kireçlik Köyü",
        "posta_kodu": "08290"
    },
    {
        "mahalle_id": "22_2",
        "mahalle_adi": "Köroğlu Büyüklü Mah (kavak Köyü)",
        "posta_kodu": "08290"
    },
    {
        "mahalle_id": "35_2",
        "mahalle_adi": "Köseoğlu Mah (tepeyurt Köyü)",
        "posta_kodu": "08290"
    },
    {
        "mahalle_id": "62_2",
        "mahalle_adi": "Köyiçi Mah (arılı Köyü)",
        "posta_kodu": "08290"
    },
    {
        "mahalle_id": "91_2",
        "mahalle_adi": "Köyiçi Mah (soğucak Köyü)",
        "posta_kodu": "08290"
    },
    {
        "mahalle_id": "3_2",
        "mahalle_adi": "Kozluca Mah (balıklı Köyü)",
        "posta_kodu": "08290"
    },
    {
        "mahalle_id": "5_2",
        "mahalle_adi": "Küçük Mah (derecik Köyü)",
        "posta_kodu": "08290"
    },
    {
        "mahalle_id": "48_2",
        "mahalle_adi": "Kurtuluş Mah (üçler Köyü)",
        "posta_kodu": "08290"
    },
    {
        "mahalle_id": "92_2",
        "mahalle_adi": "Kusleta Mah (soğucak Köyü)",
        "posta_kodu": "08290"
    },
    {
        "mahalle_id": "42_2",
        "mahalle_adi": "Kuzey Mah (üçırmak Köyü)",
        "posta_kodu": "08290"
    },
    {
        "mahalle_id": "70_2",
        "mahalle_adi": "Mastaka Mah (başköy Köyü)",
        "posta_kodu": "08290"
    },
    {
        "mahalle_id": "6_2",
        "mahalle_adi": "Merkez Mah (derecik Köyü)",
        "posta_kodu": "08290"
    },
    {
        "mahalle_id": "74_2",
        "mahalle_adi": "Merkez Mah (dikyamaç Köyü)",
        "posta_kodu": "08290"
    },
    {
        "mahalle_id": "19_2",
        "mahalle_adi": "Merkez Mah (kavak Köyü)",
        "posta_kodu": "08290"
    },
    {
        "mahalle_id": "27_2",
        "mahalle_adi": "Merkez Mah (konaklı Köyü)",
        "posta_kodu": "08290"
    },
    {
        "mahalle_id": "61_2",
        "mahalle_adi": "Merkez Mah (ortacalar Köyü)",
        "posta_kodu": "08290"
    },
    {
        "mahalle_id": "30_2",
        "mahalle_adi": "Merkez Mah (sırtoba Köyü)",
        "posta_kodu": "08290"
    },
    {
        "mahalle_id": "34_2",
        "mahalle_adi": "Merkez Mah (tepeyurt Köyü)",
        "posta_kodu": "08290"
    },
    {
        "mahalle_id": "40_2",
        "mahalle_adi": "Merkez Mah (üçırmak Köyü)",
        "posta_kodu": "08290"
    },
    {
        "mahalle_id": "49_2",
        "mahalle_adi": "Merkez Mah (üçler Köyü)",
        "posta_kodu": "08290"
    },
    {
        "mahalle_id": "51_2",
        "mahalle_adi": "Merkez Mah (yolgeçen Köyü)",
        "posta_kodu": "08290"
    },
    {
        "mahalle_id": "69_2",
        "mahalle_adi": "Mezra Mah (başköy Köyü)",
        "posta_kodu": "08290"
    },
    {
        "mahalle_id": "76_2",
        "mahalle_adi": "Mezra Mah (dikyamaç Köyü)",
        "posta_kodu": "08290"
    },
    {
        "mahalle_id": "59_2",
        "mahalle_adi": "Mezra Mah (ortacalar Köyü)",
        "posta_kodu": "08290"
    },
    {
        "mahalle_id": "5_1",
        "mahalle_adi": "Musazade Mah",
        "posta_kodu": "08200"
    },
    {
        "mahalle_id": "88_2",
        "mahalle_adi": "Naplat Mah (soğucak Köyü)",
        "posta_kodu": "08290"
    },
    {
        "mahalle_id": "53_2",
        "mahalle_adi": "Nopinare Mah (yolgeçen Köyü)",
        "posta_kodu": "08290"
    },
    {
        "mahalle_id": "82_2",
        "mahalle_adi": "Omjore Mah (dülgerli Köyü)",
        "posta_kodu": "08290"
    },
    {
        "mahalle_id": "65_2",
        "mahalle_adi": "Örnek Mah (arılı Köyü)",
        "posta_kodu": "08290"
    },
    {
        "mahalle_id": "11_2",
        "mahalle_adi": "Orta Mah (dereüstü Köyü)",
        "posta_kodu": "08290"
    },
    {
        "mahalle_id": "18_2",
        "mahalle_adi": "Orta Mah (kavak Köyü)",
        "posta_kodu": "08290"
    },
    {
        "mahalle_id": "86_2",
        "mahalle_adi": "Orta Mah (küçükköy Köyü)",
        "posta_kodu": "08290"
    },
    {
        "mahalle_id": "43_2",
        "mahalle_adi": "Orta Mah (üçırmak Köyü)",
        "posta_kodu": "08290"
    },
    {
        "mahalle_id": "60_2",
        "mahalle_adi": "Oymalı Mah (ortacalar Köyü)",
        "posta_kodu": "08290"
    },
    {
        "mahalle_id": "78_2",
        "mahalle_adi": "Peperdiha Mah (dülgerli Köyü)",
        "posta_kodu": "08290"
    },
    {
        "mahalle_id": "80_2",
        "mahalle_adi": "Şahinler Mah (dülgerli Köyü)",
        "posta_kodu": "08290"
    },
    {
        "mahalle_id": "14_2",
        "mahalle_adi": "Sarıbaş Mah (dereüstü Köyü)",
        "posta_kodu": "08290"
    },
    {
        "mahalle_id": "33_2",
        "mahalle_adi": "Şenköy Köyü",
        "posta_kodu": "08290"
    },
    {
        "mahalle_id": "75_2",
        "mahalle_adi": "Soğuksu Mah (dikyamaç Köyü)",
        "posta_kodu": "08290"
    },
    {
        "mahalle_id": "81_2",
        "mahalle_adi": "Sucuna Mah (dülgerli Köyü)",
        "posta_kodu": "08290"
    },
    {
        "mahalle_id": "32_2",
        "mahalle_adi": "Taşlık Mah (sırtoba Köyü)",
        "posta_kodu": "08290"
    },
    {
        "mahalle_id": "68_2",
        "mahalle_adi": "Taşpınar Mah (başköy Köyü)",
        "posta_kodu": "08290"
    },
    {
        "mahalle_id": "21_2",
        "mahalle_adi": "Türkmene Mah (kavak Köyü)",
        "posta_kodu": "08290"
    },
    {
        "mahalle_id": "52_2",
        "mahalle_adi": "Türkmene Mah (yolgeçen Köyü)",
        "posta_kodu": "08290"
    },
    {
        "mahalle_id": "36_2",
        "mahalle_adi": "Ulaş Köyü",
        "posta_kodu": "08290"
    },
    {
        "mahalle_id": "7_1",
        "mahalle_adi": "Yemişlik Mah",
        "posta_kodu": "08200"
    },
    {
        "mahalle_id": "90_2",
        "mahalle_adi": "Yeni Mah (soğucak Köyü)",
        "posta_kodu": "08290"
    },
    {
        "mahalle_id": "56_2",
        "mahalle_adi": "Yeniyol Mah (yukarışahinler Köyü)",
        "posta_kodu": "08290"
    },
    {
        "mahalle_id": "39_2",
        "mahalle_adi": "Yeşillik Mah (ulukent Köyü)",
        "posta_kodu": "08290"
    },
    {
        "mahalle_id": "93_2",
        "mahalle_adi": "Yıldızlı Köyü",
        "posta_kodu": "08290"
    },
    {
        "mahalle_id": "46_2",
        "mahalle_adi": "Yılmazlar Mah (üçler Köyü)",
        "posta_kodu": "08290"
    },
    {
        "mahalle_id": "6_1",
        "mahalle_adi": "Yukarı Hacılar Mah",
        "posta_kodu": "08200"
    },
    {
        "mahalle_id": "10_2",
        "mahalle_adi": "Yukarı Mah (dereüstü Köyü)",
        "posta_kodu": "08290"
    },
    {
        "mahalle_id": "23_2",
        "mahalle_adi": "Yukarı Mah (kavak Köyü)",
        "posta_kodu": "08290"
    },
    {
        "mahalle_id": "29_2",
        "mahalle_adi": "Yukarı Mah (konaklı Köyü)",
        "posta_kodu": "08290"
    },
    {
        "mahalle_id": "67_2",
        "mahalle_adi": "Yukarı Merkez Mah (başköy Köyü)",
        "posta_kodu": "08290"
    },
    {
        "mahalle_id": "37_2",
        "mahalle_adi": "Yukarı Ulukent Mah (ulukent Köyü)",
        "posta_kodu": "08290"
    }
]