[
    {
        "mahalle_id": "77_2",
        "mahalle_adi": "Akbaba Mah (ekinciler Köyü)",
        "posta_kodu": "29832"
    },
    {
        "mahalle_id": "186_2",
        "mahalle_adi": "Akköy Mah (üçtaş Köyü)",
        "posta_kodu": "29832"
    },
    {
        "mahalle_id": "189_2",
        "mahalle_adi": "Alacainek Mah (üçtaş Köyü)",
        "posta_kodu": "29832"
    },
    {
        "mahalle_id": "43_2",
        "mahalle_adi": "Alan Mah (bağlama Köyü)",
        "posta_kodu": "29832"
    },
    {
        "mahalle_id": "84_2",
        "mahalle_adi": "Alan Mah (elciğez Köyü)",
        "posta_kodu": "29832"
    },
    {
        "mahalle_id": "4_2",
        "mahalle_adi": "Alan Mah (yeşilköy Köyü)",
        "posta_kodu": "29832"
    },
    {
        "mahalle_id": "110_2",
        "mahalle_adi": "Alan Yayla Mah (gürgenli Köyü)",
        "posta_kodu": "29832"
    },
    {
        "mahalle_id": "88_2",
        "mahalle_adi": "Alantarla Mah (elmalı Köyü)",
        "posta_kodu": "29832"
    },
    {
        "mahalle_id": "70_2",
        "mahalle_adi": "Alda Düzü Mah (demirciler Köyü)",
        "posta_kodu": "29832"
    },
    {
        "mahalle_id": "6_2",
        "mahalle_adi": "Alınca Mah (yeşilköy Köyü)",
        "posta_kodu": "29832"
    },
    {
        "mahalle_id": "156_2",
        "mahalle_adi": "Alt Mah (şendere Köyü)",
        "posta_kodu": "29832"
    },
    {
        "mahalle_id": "187_2",
        "mahalle_adi": "Anbarlı Mah (üçtaş Köyü)",
        "posta_kodu": "29832"
    },
    {
        "mahalle_id": "195_2",
        "mahalle_adi": "Apsa Mah (yaylalı Köyü)",
        "posta_kodu": "29832"
    },
    {
        "mahalle_id": "167_2",
        "mahalle_adi": "Aralıcak Mah (taşlıca Köyü)",
        "posta_kodu": "29832"
    },
    {
        "mahalle_id": "219_2",
        "mahalle_adi": "Armutalanı Mah (sapmaz Köyü)",
        "posta_kodu": "29832"
    },
    {
        "mahalle_id": "131_2",
        "mahalle_adi": "Aşağı Alan Mah (kızılot Köyü)",
        "posta_kodu": "29832"
    },
    {
        "mahalle_id": "130_2",
        "mahalle_adi": "Aşağı Mah (kızılot Köyü)",
        "posta_kodu": "29832"
    },
    {
        "mahalle_id": "148_2",
        "mahalle_adi": "Aşağı Mah (söğüteli Köyü)",
        "posta_kodu": "29832"
    },
    {
        "mahalle_id": "193_2",
        "mahalle_adi": "Aşağı Mah (yaylalı Köyü)",
        "posta_kodu": "29832"
    },
    {
        "mahalle_id": "1_1",
        "mahalle_adi": "Aşağı Uluköy Mah",
        "posta_kodu": "29830"
    },
    {
        "mahalle_id": "216_2",
        "mahalle_adi": "Avleka Mah (konacık Köyü)",
        "posta_kodu": "29832"
    },
    {
        "mahalle_id": "41_2",
        "mahalle_adi": "Ayazmane Mah (aşağıkaradere Köyü)",
        "posta_kodu": "29832"
    },
    {
        "mahalle_id": "10_2",
        "mahalle_adi": "Aygeriş Mah (yeşilköy Köyü)",
        "posta_kodu": "29832"
    },
    {
        "mahalle_id": "93_2",
        "mahalle_adi": "Aykutlu Mah (gündoğdu Köyü)",
        "posta_kodu": "29832"
    },
    {
        "mahalle_id": "34_2",
        "mahalle_adi": "Baliçukur Mah (araköy Köyü)",
        "posta_kodu": "29832"
    },
    {
        "mahalle_id": "144_2",
        "mahalle_adi": "Balıklı Mah (sarıbaba Köyü)",
        "posta_kodu": "29832"
    },
    {
        "mahalle_id": "149_2",
        "mahalle_adi": "Baş Mah (söğüteli Köyü)",
        "posta_kodu": "29832"
    },
    {
        "mahalle_id": "191_2",
        "mahalle_adi": "Baş Mah (yaylalı Köyü)",
        "posta_kodu": "29832"
    },
    {
        "mahalle_id": "82_2",
        "mahalle_adi": "Başövet Mah (elciğez Köyü)",
        "posta_kodu": "29832"
    },
    {
        "mahalle_id": "217_2",
        "mahalle_adi": "Bayrakalanı Mah (konacık Köyü)",
        "posta_kodu": "29832"
    },
    {
        "mahalle_id": "52_2",
        "mahalle_adi": "Beşiraltı Mah (beşirköy Köyü)",
        "posta_kodu": "29832"
    },
    {
        "mahalle_id": "11_2",
        "mahalle_adi": "Büyük Çeğel Mah (yeşilköy Köyü)",
        "posta_kodu": "29832"
    },
    {
        "mahalle_id": "19_2",
        "mahalle_adi": "Büyük Köyceğiz Mah (yeşilköy Köyü)",
        "posta_kodu": "29832"
    },
    {
        "mahalle_id": "96_2",
        "mahalle_adi": "Çakmakkaya Mah (gündoğdu Köyü)",
        "posta_kodu": "29832"
    },
    {
        "mahalle_id": "9_2",
        "mahalle_adi": "Çalalanı Mah (yeşilköy Köyü)",
        "posta_kodu": "29832"
    },
    {
        "mahalle_id": "1_2",
        "mahalle_adi": "Çamat Mah (yeşilköy Köyü)",
        "posta_kodu": "29832"
    },
    {
        "mahalle_id": "50_2",
        "mahalle_adi": "Cami Mah (beşirköy Köyü)",
        "posta_kodu": "29832"
    },
    {
        "mahalle_id": "98_2",
        "mahalle_adi": "Cami Mah (günyüzü Köyü)",
        "posta_kodu": "29832"
    },
    {
        "mahalle_id": "192_2",
        "mahalle_adi": "Cami Mah (yaylalı Köyü)",
        "posta_kodu": "29832"
    },
    {
        "mahalle_id": "2_1",
        "mahalle_adi": "Cami Yanı Mah",
        "posta_kodu": "29830"
    },
    {
        "mahalle_id": "26_2",
        "mahalle_adi": "Camii Mah (akçal Köyü)",
        "posta_kodu": "29832"
    },
    {
        "mahalle_id": "65_2",
        "mahalle_adi": "Camii Mah (damlı Köyü)",
        "posta_kodu": "29832"
    },
    {
        "mahalle_id": "112_2",
        "mahalle_adi": "Camii Mah (gürgenli Köyü)",
        "posta_kodu": "29832"
    },
    {
        "mahalle_id": "121_2",
        "mahalle_adi": "Camii Mah (kızılcadam Köyü)",
        "posta_kodu": "29832"
    },
    {
        "mahalle_id": "143_2",
        "mahalle_adi": "Camii Mah (sarıbaba Köyü)",
        "posta_kodu": "29832"
    },
    {
        "mahalle_id": "80_2",
        "mahalle_adi": "Camii Yanı Mah (elciğez Köyü)",
        "posta_kodu": "29832"
    },
    {
        "mahalle_id": "208_2",
        "mahalle_adi": "Camönü Mah (yukarıkaradere Köyü)",
        "posta_kodu": "29832"
    },
    {
        "mahalle_id": "15_2",
        "mahalle_adi": "Çardak Alanı Mah (yeşilköy Köyü)",
        "posta_kodu": "29832"
    },
    {
        "mahalle_id": "160_2",
        "mahalle_adi": "Çardakyanı Mah (taşlıca Köyü)",
        "posta_kodu": "29832"
    },
    {
        "mahalle_id": "68_2",
        "mahalle_adi": "Çarşı Mah (demirciler Köyü)",
        "posta_kodu": "29832"
    },
    {
        "mahalle_id": "91_2",
        "mahalle_adi": "Çatak Mah (göndere Köyü)",
        "posta_kodu": "29832"
    },
    {
        "mahalle_id": "163_2",
        "mahalle_adi": "Çatalkaya Mah (taşlıca Köyü)",
        "posta_kodu": "29832"
    },
    {
        "mahalle_id": "81_2",
        "mahalle_adi": "Çavuş Kıran Mah (elciğez Köyü)",
        "posta_kodu": "29832"
    },
    {
        "mahalle_id": "2_3",
        "mahalle_adi": "Cayra Mah (özkürtün Beldesi)",
        "posta_kodu": "29810"
    },
    {
        "mahalle_id": "174_2",
        "mahalle_adi": "Çetlice-cinkayası Mah (taşlıca Köyü)",
        "posta_kodu": "29832"
    },
    {
        "mahalle_id": "14_2",
        "mahalle_adi": "Çıkrıkdüzü Mah (yeşilköy Köyü)",
        "posta_kodu": "29832"
    },
    {
        "mahalle_id": "108_2",
        "mahalle_adi": "Çokma Mah (gürgenli Köyü)",
        "posta_kodu": "29832"
    },
    {
        "mahalle_id": "60_2",
        "mahalle_adi": "Çöplüce Mah (çayırçukur Köyü)",
        "posta_kodu": "29832"
    },
    {
        "mahalle_id": "54_2",
        "mahalle_adi": "Çoruhlu Mah (beytarla Köyü)",
        "posta_kodu": "29832"
    },
    {
        "mahalle_id": "161_2",
        "mahalle_adi": "Dağtarla-karaağaç-kökbükü Mah (taşlıca Köyü)",
        "posta_kodu": "29832"
    },
    {
        "mahalle_id": "140_2",
        "mahalle_adi": "Delmece Mah (sapmaz Köyü)",
        "posta_kodu": "29832"
    },
    {
        "mahalle_id": "142_2",
        "mahalle_adi": "Dere Mah (sarıbaba Köyü)",
        "posta_kodu": "29832"
    },
    {
        "mahalle_id": "194_2",
        "mahalle_adi": "Dere Mah (yaylalı Köyü)",
        "posta_kodu": "29832"
    },
    {
        "mahalle_id": "181_2",
        "mahalle_adi": "Dere Oba Mah (tilkicek Köyü)",
        "posta_kodu": "29832"
    },
    {
        "mahalle_id": "159_2",
        "mahalle_adi": "Deregözü Mah (taşlıca Köyü)",
        "posta_kodu": "29832"
    },
    {
        "mahalle_id": "197_2",
        "mahalle_adi": "Derindere Mah (yaylalı Köyü)",
        "posta_kodu": "29832"
    },
    {
        "mahalle_id": "31_2",
        "mahalle_adi": "Doğuba Mah (araköy Köyü)",
        "posta_kodu": "29832"
    },
    {
        "mahalle_id": "40_2",
        "mahalle_adi": "Düz Mah (aşağıkaradere Köyü)",
        "posta_kodu": "29832"
    },
    {
        "mahalle_id": "99_2",
        "mahalle_adi": "Düz Mah (günyüzü Köyü)",
        "posta_kodu": "29832"
    },
    {
        "mahalle_id": "27_2",
        "mahalle_adi": "Düz Yayla Mah (akçal Köyü)",
        "posta_kodu": "29832"
    },
    {
        "mahalle_id": "56_2",
        "mahalle_adi": "Düzlüce Mah (çayırçukur Köyü)",
        "posta_kodu": "29832"
    },
    {
        "mahalle_id": "205_2",
        "mahalle_adi": "Eğrikar Mah (yukarıkaradere Köyü)",
        "posta_kodu": "29832"
    },
    {
        "mahalle_id": "25_2",
        "mahalle_adi": "Eminli Mah (akçal Köyü)",
        "posta_kodu": "29832"
    },
    {
        "mahalle_id": "166_2",
        "mahalle_adi": "Engözü Mah (taşlıca Köyü)",
        "posta_kodu": "29832"
    },
    {
        "mahalle_id": "47_2",
        "mahalle_adi": "Ericek Mah (beşirköy Köyü)",
        "posta_kodu": "29832"
    },
    {
        "mahalle_id": "204_2",
        "mahalle_adi": "Erik Deresi Mah (yukarıkaradere Köyü)",
        "posta_kodu": "29832"
    },
    {
        "mahalle_id": "173_2",
        "mahalle_adi": "Eselüce-kurumaden-körükalanı-göndere Mah (taşlıca Köyü)",
        "posta_kodu": "29832"
    },
    {
        "mahalle_id": "33_2",
        "mahalle_adi": "Eskiyurt Mah (araköy Köyü)",
        "posta_kodu": "29832"
    },
    {
        "mahalle_id": "83_2",
        "mahalle_adi": "Fındıcak Mah (elciğez Köyü)",
        "posta_kodu": "29832"
    },
    {
        "mahalle_id": "76_2",
        "mahalle_adi": "Gevüklü Mah (ekinciler Köyü)",
        "posta_kodu": "29832"
    },
    {
        "mahalle_id": "151_2",
        "mahalle_adi": "Göcü Mereği Mah (şendere Köyü)",
        "posta_kodu": "29832"
    },
    {
        "mahalle_id": "7_2",
        "mahalle_adi": "Gölceğiz Mah (yeşilköy Köyü)",
        "posta_kodu": "29832"
    },
    {
        "mahalle_id": "202_2",
        "mahalle_adi": "Gölönü Mah (yaylalı Köyü)",
        "posta_kodu": "29832"
    },
    {
        "mahalle_id": "120_2",
        "mahalle_adi": "Güllüşah Mah (kızılcadam Köyü)",
        "posta_kodu": "29832"
    },
    {
        "mahalle_id": "49_2",
        "mahalle_adi": "Güney Mah (beşirköy Köyü)",
        "posta_kodu": "29832"
    },
    {
        "mahalle_id": "5_2",
        "mahalle_adi": "Güvende Mah (yeşilköy Köyü)",
        "posta_kodu": "29832"
    },
    {
        "mahalle_id": "137_2",
        "mahalle_adi": "Hacılı Mah (sapmaz Köyü)",
        "posta_kodu": "29832"
    },
    {
        "mahalle_id": "2_2",
        "mahalle_adi": "Halil Bey Mah (yeşilköy Köyü)",
        "posta_kodu": "29832"
    },
    {
        "mahalle_id": "117_2",
        "mahalle_adi": "Hapandüzü Mah (kırgeriş Köyü)",
        "posta_kodu": "29832"
    },
    {
        "mahalle_id": "107_2",
        "mahalle_adi": "Harmancık Mah (gürgenli Köyü)",
        "posta_kodu": "29832"
    },
    {
        "mahalle_id": "138_2",
        "mahalle_adi": "Hayatderesi Mah (sapmaz Köyü)",
        "posta_kodu": "29832"
    },
    {
        "mahalle_id": "127_2",
        "mahalle_adi": "Hayin Dere Mah (kızılot Köyü)",
        "posta_kodu": "29832"
    },
    {
        "mahalle_id": "124_2",
        "mahalle_adi": "Herekli Mah (kızılcadam Köyü)",
        "posta_kodu": "29832"
    },
    {
        "mahalle_id": "215_2",
        "mahalle_adi": "Hocali Mah (konacık Köyü)",
        "posta_kodu": "29832"
    },
    {
        "mahalle_id": "212_2",
        "mahalle_adi": "Horoz Mah (konacık Köyü)",
        "posta_kodu": "29832"
    },
    {
        "mahalle_id": "13_2",
        "mahalle_adi": "İbrahim Alanı Mah (yeşilköy Köyü)",
        "posta_kodu": "29832"
    },
    {
        "mahalle_id": "164_2",
        "mahalle_adi": "İkibaca Mah (taşlıca Köyü)",
        "posta_kodu": "29832"
    },
    {
        "mahalle_id": "184_2",
        "mahalle_adi": "İmat Kıranı Mah (üçtaş Köyü)",
        "posta_kodu": "29832"
    },
    {
        "mahalle_id": "145_2",
        "mahalle_adi": "Imukyurt Mah (sarıbaba Köyü)",
        "posta_kodu": "29832"
    },
    {
        "mahalle_id": "185_2",
        "mahalle_adi": "İncelidüz Mah (üçtaş Köyü)",
        "posta_kodu": "29832"
    },
    {
        "mahalle_id": "57_2",
        "mahalle_adi": "İsmirli Mah (çayırçukur Köyü)",
        "posta_kodu": "29832"
    },
    {
        "mahalle_id": "153_2",
        "mahalle_adi": "Kabadüz Mah (şendere Köyü)",
        "posta_kodu": "29832"
    },
    {
        "mahalle_id": "102_2",
        "mahalle_adi": "Kabayalak Mah (günyüzü Köyü)",
        "posta_kodu": "29832"
    },
    {
        "mahalle_id": "172_2",
        "mahalle_adi": "Kabayalak Mah (taşlıca Köyü)",
        "posta_kodu": "29832"
    },
    {
        "mahalle_id": "79_2",
        "mahalle_adi": "Kakıllı Mah (elciğez Köyü)",
        "posta_kodu": "29832"
    },
    {
        "mahalle_id": "67_2",
        "mahalle_adi": "Kaledüzü Mah (demirciler Köyü)",
        "posta_kodu": "29832"
    },
    {
        "mahalle_id": "30_2",
        "mahalle_adi": "Kanyaş Mah (aktaş Köyü)",
        "posta_kodu": "29832"
    },
    {
        "mahalle_id": "39_2",
        "mahalle_adi": "Karaağaç Mah (aşağıkaradere Köyü)",
        "posta_kodu": "29832"
    },
    {
        "mahalle_id": "106_2",
        "mahalle_adi": "Karaağaç Mah (günyüzü Köyü)",
        "posta_kodu": "29832"
    },
    {
        "mahalle_id": "209_2",
        "mahalle_adi": "Karaboya Mah (yukarıkaradere Köyü)",
        "posta_kodu": "29832"
    },
    {
        "mahalle_id": "1_3",
        "mahalle_adi": "Karaçukur Mah (özkürtün Beldesi)",
        "posta_kodu": "29810"
    },
    {
        "mahalle_id": "220_2",
        "mahalle_adi": "Karaçukur Mah (sapmaz Köyü)",
        "posta_kodu": "29832"
    },
    {
        "mahalle_id": "105_2",
        "mahalle_adi": "Karahamzalı Mah (günyüzü Köyü)",
        "posta_kodu": "29832"
    },
    {
        "mahalle_id": "122_2",
        "mahalle_adi": "Karallı Mah (kızılcadam Köyü)",
        "posta_kodu": "29832"
    },
    {
        "mahalle_id": "64_2",
        "mahalle_adi": "Karşı Mah (damlı Köyü)",
        "posta_kodu": "29832"
    },
    {
        "mahalle_id": "129_2",
        "mahalle_adi": "Karşı Mah (kızılot Köyü)",
        "posta_kodu": "29832"
    },
    {
        "mahalle_id": "178_2",
        "mahalle_adi": "Karşı Mah (tilkicek Köyü)",
        "posta_kodu": "29832"
    },
    {
        "mahalle_id": "32_2",
        "mahalle_adi": "Karşıkı Mah (araköy Köyü)",
        "posta_kodu": "29832"
    },
    {
        "mahalle_id": "61_2",
        "mahalle_adi": "Kavastamyanı Mah (çayırçukur Köyü)",
        "posta_kodu": "29832"
    },
    {
        "mahalle_id": "168_2",
        "mahalle_adi": "Kavraz Mah (taşlıca Köyü)",
        "posta_kodu": "29832"
    },
    {
        "mahalle_id": "78_2",
        "mahalle_adi": "Kayalgil Mah (elciğez Köyü)",
        "posta_kodu": "29832"
    },
    {
        "mahalle_id": "21_2",
        "mahalle_adi": "Keleşoğlu Mah (yeşilköy Köyü)",
        "posta_kodu": "29832"
    },
    {
        "mahalle_id": "51_2",
        "mahalle_adi": "Kepez Mah (beşirköy Köyü)",
        "posta_kodu": "29832"
    },
    {
        "mahalle_id": "3_2",
        "mahalle_adi": "Kıran Çeğel Mah (yeşilköy Köyü)",
        "posta_kodu": "29832"
    },
    {
        "mahalle_id": "71_2",
        "mahalle_adi": "Kıran Mah (demirciler Köyü)",
        "posta_kodu": "29832"
    },
    {
        "mahalle_id": "58_2",
        "mahalle_adi": "Kirazalanı Mah (çayırçukur Köyü)",
        "posta_kodu": "29832"
    },
    {
        "mahalle_id": "206_2",
        "mahalle_adi": "Kırıcak Mah (yukarıkaradere Köyü)",
        "posta_kodu": "29832"
    },
    {
        "mahalle_id": "155_2",
        "mahalle_adi": "Kırık Mah (şendere Köyü)",
        "posta_kodu": "29832"
    },
    {
        "mahalle_id": "17_2",
        "mahalle_adi": "Kiselice Mah (yeşilköy Köyü)",
        "posta_kodu": "29832"
    },
    {
        "mahalle_id": "170_2",
        "mahalle_adi": "Kızılali Alt Mah (taşlıca Köyü)",
        "posta_kodu": "29832"
    },
    {
        "mahalle_id": "169_2",
        "mahalle_adi": "Kızılali Üst Mah (taşlıca Köyü)",
        "posta_kodu": "29832"
    },
    {
        "mahalle_id": "162_2",
        "mahalle_adi": "Kızılçukur Mah (taşlıca Köyü)",
        "posta_kodu": "29832"
    },
    {
        "mahalle_id": "86_2",
        "mahalle_adi": "Kızıllık Mah (elmalı Köyü)",
        "posta_kodu": "29832"
    },
    {
        "mahalle_id": "44_2",
        "mahalle_adi": "Kızıltaş Mah (bağlama Köyü)",
        "posta_kodu": "29832"
    },
    {
        "mahalle_id": "45_2",
        "mahalle_adi": "Kökeç Mah (bağlama Köyü)",
        "posta_kodu": "29832"
    },
    {
        "mahalle_id": "55_2",
        "mahalle_adi": "Komanyurt Mah (beytarla Köyü)",
        "posta_kodu": "29832"
    },
    {
        "mahalle_id": "135_2",
        "mahalle_adi": "Köprübaşı Mah (sapmaz Köyü)",
        "posta_kodu": "29832"
    },
    {
        "mahalle_id": "171_2",
        "mahalle_adi": "Köro-deliklitaş-yaylacık Mah (taşlıca Köyü)",
        "posta_kodu": "29832"
    },
    {
        "mahalle_id": "218_2",
        "mahalle_adi": "Köroğ Mah (konacık Köyü)",
        "posta_kodu": "29832"
    },
    {
        "mahalle_id": "3_1",
        "mahalle_adi": "Köyiçi Mah",
        "posta_kodu": "29830"
    },
    {
        "mahalle_id": "18_2",
        "mahalle_adi": "Küçük Köyceğiz Mah (yeşilköy Köyü)",
        "posta_kodu": "29832"
    },
    {
        "mahalle_id": "16_2",
        "mahalle_adi": "Küçükdere Mah (yeşilköy Köyü)",
        "posta_kodu": "29832"
    },
    {
        "mahalle_id": "46_2",
        "mahalle_adi": "Kurukıran Mah (bağlama Köyü)",
        "posta_kodu": "29832"
    },
    {
        "mahalle_id": "180_2",
        "mahalle_adi": "Kuş Alanı Mah (tilkicek Köyü)",
        "posta_kodu": "29832"
    },
    {
        "mahalle_id": "104_2",
        "mahalle_adi": "Kuşlağanağzı Mah (günyüzü Köyü)",
        "posta_kodu": "29832"
    },
    {
        "mahalle_id": "214_2",
        "mahalle_adi": "Kutlu Mah (konacık Köyü)",
        "posta_kodu": "29832"
    },
    {
        "mahalle_id": "12_2",
        "mahalle_adi": "Kütüklüyurt Mah (yeşilköy Köyü)",
        "posta_kodu": "29832"
    },
    {
        "mahalle_id": "119_2",
        "mahalle_adi": "Kuz Mah (kırgeriş Köyü)",
        "posta_kodu": "29832"
    },
    {
        "mahalle_id": "123_2",
        "mahalle_adi": "Kuz Mah (kızılcadam Köyü)",
        "posta_kodu": "29832"
    },
    {
        "mahalle_id": "62_2",
        "mahalle_adi": "Kuzugölü Mah (çayırçukur Köyü)",
        "posta_kodu": "29832"
    },
    {
        "mahalle_id": "152_2",
        "mahalle_adi": "Kuzugölü Mah (şendere Köyü)",
        "posta_kodu": "29832"
    },
    {
        "mahalle_id": "24_2",
        "mahalle_adi": "Langas Mah (akçal Köyü)",
        "posta_kodu": "29832"
    },
    {
        "mahalle_id": "179_2",
        "mahalle_adi": "Mallıca Mah (tilkicek Köyü)",
        "posta_kodu": "29832"
    },
    {
        "mahalle_id": "22_2",
        "mahalle_adi": "Masul Yurdu Mah (yeşilköy Köyü)",
        "posta_kodu": "29832"
    },
    {
        "mahalle_id": "6_1",
        "mahalle_adi": "Melikli Mah",
        "posta_kodu": "29830"
    },
    {
        "mahalle_id": "73_2",
        "mahalle_adi": "Melikli Mah (demirciler Köyü)",
        "posta_kodu": "29832"
    },
    {
        "mahalle_id": "92_2",
        "mahalle_adi": "Memişli Mah (gündoğdu Köyü)",
        "posta_kodu": "29832"
    },
    {
        "mahalle_id": "118_2",
        "mahalle_adi": "Merekdere Mah (kırgeriş Köyü)",
        "posta_kodu": "29832"
    },
    {
        "mahalle_id": "28_2",
        "mahalle_adi": "Merkez Mah (aktaş Köyü)",
        "posta_kodu": "29832"
    },
    {
        "mahalle_id": "35_2",
        "mahalle_adi": "Merkez Mah (arpacık Köyü)",
        "posta_kodu": "29832"
    },
    {
        "mahalle_id": "42_2",
        "mahalle_adi": "Merkez Mah (bağlama Köyü)",
        "posta_kodu": "29832"
    },
    {
        "mahalle_id": "53_2",
        "mahalle_adi": "Merkez Mah (beytarla Köyü)",
        "posta_kodu": "29832"
    },
    {
        "mahalle_id": "74_2",
        "mahalle_adi": "Merkez Mah (eğrigüney Köyü)",
        "posta_kodu": "29832"
    },
    {
        "mahalle_id": "75_2",
        "mahalle_adi": "Merkez Mah (ekinciler Köyü)",
        "posta_kodu": "29832"
    },
    {
        "mahalle_id": "85_2",
        "mahalle_adi": "Merkez Mah (elmalı Köyü)",
        "posta_kodu": "29832"
    },
    {
        "mahalle_id": "89_2",
        "mahalle_adi": "Merkez Mah (göndere Köyü)",
        "posta_kodu": "29832"
    },
    {
        "mahalle_id": "113_2",
        "mahalle_adi": "Merkez Mah (gürgenli Köyü)",
        "posta_kodu": "29832"
    },
    {
        "mahalle_id": "210_2",
        "mahalle_adi": "Merkez Mah (konacık Köyü)",
        "posta_kodu": "29832"
    },
    {
        "mahalle_id": "133_2",
        "mahalle_adi": "Merkez Mah (kuşluk Köyü)",
        "posta_kodu": "29832"
    },
    {
        "mahalle_id": "134_2",
        "mahalle_adi": "Merkez Mah (sapmaz Köyü)",
        "posta_kodu": "29832"
    },
    {
        "mahalle_id": "150_2",
        "mahalle_adi": "Merkez Mah (şendere Köyü)",
        "posta_kodu": "29832"
    },
    {
        "mahalle_id": "158_2",
        "mahalle_adi": "Merkez Mah (taşlıca Köyü)",
        "posta_kodu": "29832"
    },
    {
        "mahalle_id": "182_2",
        "mahalle_adi": "Merkez Mah (üçtaş Köyü)",
        "posta_kodu": "29832"
    },
    {
        "mahalle_id": "203_2",
        "mahalle_adi": "Merkez Mah (yukarıkaradere Köyü)",
        "posta_kodu": "29832"
    },
    {
        "mahalle_id": "116_2",
        "mahalle_adi": "Mindizli Mah (kırgeriş Köyü)",
        "posta_kodu": "29832"
    },
    {
        "mahalle_id": "114_2",
        "mahalle_adi": "Mursal Mah (gürgenli Köyü)",
        "posta_kodu": "29832"
    },
    {
        "mahalle_id": "183_2",
        "mahalle_adi": "Mürütlü Mah (üçtaş Köyü)",
        "posta_kodu": "29832"
    },
    {
        "mahalle_id": "111_2",
        "mahalle_adi": "Nasrettin Yaylası Mah (gürgenli Köyü)",
        "posta_kodu": "29832"
    },
    {
        "mahalle_id": "141_2",
        "mahalle_adi": "Ocak Mah (sarıbaba Köyü)",
        "posta_kodu": "29832"
    },
    {
        "mahalle_id": "23_2",
        "mahalle_adi": "Öksüz Mah (akçal Köyü)",
        "posta_kodu": "29832"
    },
    {
        "mahalle_id": "48_2",
        "mahalle_adi": "Öksüzlü Mah (beşirköy Köyü)",
        "posta_kodu": "29832"
    },
    {
        "mahalle_id": "103_2",
        "mahalle_adi": "Okulyanı Mah (günyüzü Köyü)",
        "posta_kodu": "29832"
    },
    {
        "mahalle_id": "72_2",
        "mahalle_adi": "Orta Mah (demirciler Köyü)",
        "posta_kodu": "29832"
    },
    {
        "mahalle_id": "115_2",
        "mahalle_adi": "Orta Mah (kırgeriş Köyü)",
        "posta_kodu": "29832"
    },
    {
        "mahalle_id": "126_2",
        "mahalle_adi": "Orta Mah (kızılot Köyü)",
        "posta_kodu": "29832"
    },
    {
        "mahalle_id": "147_2",
        "mahalle_adi": "Orta Mah (söğüteli Köyü)",
        "posta_kodu": "29832"
    },
    {
        "mahalle_id": "4_1",
        "mahalle_adi": "Ortaköy Mah",
        "posta_kodu": "29830"
    },
    {
        "mahalle_id": "8_2",
        "mahalle_adi": "Patıryurdu Mah (yeşilköy Köyü)",
        "posta_kodu": "29832"
    },
    {
        "mahalle_id": "109_2",
        "mahalle_adi": "Pınar Gözü Mah (gürgenli Köyü)",
        "posta_kodu": "29832"
    },
    {
        "mahalle_id": "157_2",
        "mahalle_adi": "Pınarbaşı Mah (şendere Köyü)",
        "posta_kodu": "29832"
    },
    {
        "mahalle_id": "196_2",
        "mahalle_adi": "Ramazanyurdu Mah (yaylalı Köyü)",
        "posta_kodu": "29832"
    },
    {
        "mahalle_id": "38_2",
        "mahalle_adi": "Sarıç Mah (aşağıkaradere Köyü)",
        "posta_kodu": "29832"
    },
    {
        "mahalle_id": "190_2",
        "mahalle_adi": "Sarıtaş Mah (üçtaş Köyü)",
        "posta_kodu": "29832"
    },
    {
        "mahalle_id": "97_2",
        "mahalle_adi": "Sazlıbük Mah (günyüzü Köyü)",
        "posta_kodu": "29832"
    },
    {
        "mahalle_id": "95_2",
        "mahalle_adi": "Sevincek Mah (gündoğdu Köyü)",
        "posta_kodu": "29832"
    },
    {
        "mahalle_id": "100_2",
        "mahalle_adi": "Sicimli Mah (günyüzü Köyü)",
        "posta_kodu": "29832"
    },
    {
        "mahalle_id": "69_2",
        "mahalle_adi": "Sobatlı Mah (demirciler Köyü)",
        "posta_kodu": "29832"
    },
    {
        "mahalle_id": "87_2",
        "mahalle_adi": "Soğuk Oluk Mah (elmalı Köyü)",
        "posta_kodu": "29832"
    },
    {
        "mahalle_id": "175_2",
        "mahalle_adi": "Suluca Mah (taşlıca Köyü)",
        "posta_kodu": "29832"
    },
    {
        "mahalle_id": "165_2",
        "mahalle_adi": "Suluçayır Mah (taşlıca Köyü)",
        "posta_kodu": "29832"
    },
    {
        "mahalle_id": "3_3",
        "mahalle_adi": "Süme Mah (özkürtün Beldesi)",
        "posta_kodu": "29810"
    },
    {
        "mahalle_id": "139_2",
        "mahalle_adi": "Taşbaşı Mah (sapmaz Köyü)",
        "posta_kodu": "29832"
    },
    {
        "mahalle_id": "146_2",
        "mahalle_adi": "Taşboğazı Mah (sarıbaba Köyü)",
        "posta_kodu": "29832"
    },
    {
        "mahalle_id": "63_2",
        "mahalle_adi": "Taşdibi Mah (çayırçukur Köyü)",
        "posta_kodu": "29832"
    },
    {
        "mahalle_id": "201_2",
        "mahalle_adi": "Taşdibi Mah (yaylalı Köyü)",
        "posta_kodu": "29832"
    },
    {
        "mahalle_id": "207_2",
        "mahalle_adi": "Teknecük Mah (yukarıkaradere Köyü)",
        "posta_kodu": "29832"
    },
    {
        "mahalle_id": "128_2",
        "mahalle_adi": "Tepeköy Mah (kızılot Köyü)",
        "posta_kodu": "29832"
    },
    {
        "mahalle_id": "176_2",
        "mahalle_adi": "Tohtamur Mah (taşlıca Köyü)",
        "posta_kodu": "29832"
    },
    {
        "mahalle_id": "90_2",
        "mahalle_adi": "Tüfekçili Mah (göndere Köyü)",
        "posta_kodu": "29832"
    },
    {
        "mahalle_id": "198_2",
        "mahalle_adi": "Türkmen Mah (yaylalı Köyü)",
        "posta_kodu": "29832"
    },
    {
        "mahalle_id": "59_2",
        "mahalle_adi": "Tutluca Mah (çayırçukur Köyü)",
        "posta_kodu": "29832"
    },
    {
        "mahalle_id": "66_2",
        "mahalle_adi": "Üst Mah (demirciler Köyü)",
        "posta_kodu": "29832"
    },
    {
        "mahalle_id": "94_2",
        "mahalle_adi": "Üst Mah (gündoğdu Köyü)",
        "posta_kodu": "29832"
    },
    {
        "mahalle_id": "177_2",
        "mahalle_adi": "Üst Mah (tilkicek Köyü)",
        "posta_kodu": "29832"
    },
    {
        "mahalle_id": "154_2",
        "mahalle_adi": "Ütük Mah (şendere Köyü)",
        "posta_kodu": "29832"
    },
    {
        "mahalle_id": "29_2",
        "mahalle_adi": "Yaraş Mah (aktaş Köyü)",
        "posta_kodu": "29832"
    },
    {
        "mahalle_id": "101_2",
        "mahalle_adi": "Yayla Mah (günyüzü Köyü)",
        "posta_kodu": "29832"
    },
    {
        "mahalle_id": "213_2",
        "mahalle_adi": "Yazıcı Oğulları Mah (konacık Köyü)",
        "posta_kodu": "29832"
    },
    {
        "mahalle_id": "211_2",
        "mahalle_adi": "Yehenceli Mah (konacık Köyü)",
        "posta_kodu": "29832"
    },
    {
        "mahalle_id": "20_2",
        "mahalle_adi": "Yelbeleği Mah (yeşilköy Köyü)",
        "posta_kodu": "29832"
    },
    {
        "mahalle_id": "188_2",
        "mahalle_adi": "Yemişen Mah (üçtaş Köyü)",
        "posta_kodu": "29832"
    },
    {
        "mahalle_id": "36_2",
        "mahalle_adi": "Yeni Mah (arpacık Köyü)",
        "posta_kodu": "29832"
    },
    {
        "mahalle_id": "136_2",
        "mahalle_adi": "Yeniçeri Mah (sapmaz Köyü)",
        "posta_kodu": "29832"
    },
    {
        "mahalle_id": "199_2",
        "mahalle_adi": "Yılanlı Mah (yaylalı Köyü)",
        "posta_kodu": "29832"
    },
    {
        "mahalle_id": "125_2",
        "mahalle_adi": "Yoncalık Mah (kızılcadam Köyü)",
        "posta_kodu": "29832"
    },
    {
        "mahalle_id": "132_2",
        "mahalle_adi": "Yukarı Alan Mah (kızılot Köyü)",
        "posta_kodu": "29832"
    },
    {
        "mahalle_id": "5_1",
        "mahalle_adi": "Yukarı Uluköy Mah",
        "posta_kodu": "29830"
    },
    {
        "mahalle_id": "37_2",
        "mahalle_adi": "Yukarı-orta-karşı Mah (aşağıkaradere Köyü)",
        "posta_kodu": "29832"
    },
    {
        "mahalle_id": "200_2",
        "mahalle_adi": "Yürümez Mah (yaylalı Köyü)",
        "posta_kodu": "29832"
    }
]