[
    {
        "mahalle_id": "1_5",
        "mahalle_adi": "Abdullah Paşa Mah",
        "posta_kodu": "23270"
    },
    {
        "mahalle_id": "4_8",
        "mahalle_adi": "Acıpayam Mah (acıpayam Köyü)",
        "posta_kodu": "23350"
    },
    {
        "mahalle_id": "10_10",
        "mahalle_adi": "Ağılcık Mah (çalıca Köyü)",
        "posta_kodu": "23150"
    },
    {
        "mahalle_id": "1_10",
        "mahalle_adi": "Akçakale Mah (akçakale Köyü)",
        "posta_kodu": "23150"
    },
    {
        "mahalle_id": "1_14",
        "mahalle_adi": "Akmezra Sahil Önü Mah (yurtbaşı Beldesi)",
        "posta_kodu": "23190"
    },
    {
        "mahalle_id": "1_3",
        "mahalle_adi": "Akpınar Mah",
        "posta_kodu": "23100"
    },
    {
        "mahalle_id": "1_2",
        "mahalle_adi": "Aksaray Mah",
        "posta_kodu": "23050"
    },
    {
        "mahalle_id": "2_2",
        "mahalle_adi": "Ala Yaprak Mah",
        "posta_kodu": "23050"
    },
    {
        "mahalle_id": "85_8",
        "mahalle_adi": "Alaca Mah (merkez Mah) (alaca Köyü)",
        "posta_kodu": "23350"
    },
    {
        "mahalle_id": "18_9",
        "mahalle_adi": "Alamutsitesi Mah (gölardı Köyü)",
        "posta_kodu": "23250"
    },
    {
        "mahalle_id": "40_8",
        "mahalle_adi": "Alatarla Mah (alatarla Köyü)",
        "posta_kodu": "23350"
    },
    {
        "mahalle_id": "42_10",
        "mahalle_adi": "Ali Çavuş Mah (öksüzuşağı Köyü)",
        "posta_kodu": "23150"
    },
    {
        "mahalle_id": "3_11",
        "mahalle_adi": "Alibey Mah (aydıncık Köyü)",
        "posta_kodu": "23370"
    },
    {
        "mahalle_id": "24_9",
        "mahalle_adi": "Alikaya Mah (karasaz Köyü)",
        "posta_kodu": "23250"
    },
    {
        "mahalle_id": "86_8",
        "mahalle_adi": "Alpagut Mah (merkez Mah) (alpağut Köyü)",
        "posta_kodu": "23350"
    },
    {
        "mahalle_id": "44_8",
        "mahalle_adi": "Altınkuşak Köyü",
        "posta_kodu": "23350"
    },
    {
        "mahalle_id": "41_8",
        "mahalle_adi": "Altınkuşak Mah (altınkuşak Köyü)",
        "posta_kodu": "23350"
    },
    {
        "mahalle_id": "87_8",
        "mahalle_adi": "Arındık Mah (merkez Mah) (arındık Köyü)",
        "posta_kodu": "23350"
    },
    {
        "mahalle_id": "110_8",
        "mahalle_adi": "Aşağı Beyleruşağı Mah (sünköy Köyü)",
        "posta_kodu": "23350"
    },
    {
        "mahalle_id": "80_8",
        "mahalle_adi": "Aşağıbağ Mah (şeyhhacı Köyü)",
        "posta_kodu": "23350"
    },
    {
        "mahalle_id": "129_8",
        "mahalle_adi": "Aşağıdemirtaş Mah",
        "posta_kodu": "23350"
    },
    {
        "mahalle_id": "2_8",
        "mahalle_adi": "Asagııçme Mah (içme Köyü)",
        "posta_kodu": "23350"
    },
    {
        "mahalle_id": "4_1",
        "mahalle_adi": "Ataşehir Mah",
        "posta_kodu": "23040"
    },
    {
        "mahalle_id": "88_8",
        "mahalle_adi": "Avcılı Mah (merkez Mah) (avcılı Köyü)",
        "posta_kodu": "23350"
    },
    {
        "mahalle_id": "1_11",
        "mahalle_adi": "Aydıncık Mah (aydıncık Köyü)",
        "posta_kodu": "23370"
    },
    {
        "mahalle_id": "45_8",
        "mahalle_adi": "Aydınlar Mah (aydınlar Köyü)",
        "posta_kodu": "23350"
    },
    {
        "mahalle_id": "44_10",
        "mahalle_adi": "Aydınlar Mah (öksüzuşağı Köyü)",
        "posta_kodu": "23150"
    },
    {
        "mahalle_id": "27_10",
        "mahalle_adi": "Ayranlı Mah (karaali Köyü)",
        "posta_kodu": "23150"
    },
    {
        "mahalle_id": "115_8",
        "mahalle_adi": "Azozgen Mah (üçağaç Köyü)",
        "posta_kodu": "23350"
    },
    {
        "mahalle_id": "5_8",
        "mahalle_adi": "Badempınarı Mah (badempınarı Köyü)",
        "posta_kodu": "23350"
    },
    {
        "mahalle_id": "6_8",
        "mahalle_adi": "Bağdere Mah (bağdere Köyü)",
        "posta_kodu": "23350"
    },
    {
        "mahalle_id": "68_8",
        "mahalle_adi": "Bağlar Mah (korucu Köyü)",
        "posta_kodu": "23350"
    },
    {
        "mahalle_id": "2_14",
        "mahalle_adi": "Bağlar Mah (yurtbaşı Beldesi)",
        "posta_kodu": "23190"
    },
    {
        "mahalle_id": "7_8",
        "mahalle_adi": "Bağlarca Mah (bağlarca Köyü)",
        "posta_kodu": "23350"
    },
    {
        "mahalle_id": "10_12",
        "mahalle_adi": "Bahçekapı Mah (akçakiraz Beldesi)",
        "posta_kodu": "23090"
    },
    {
        "mahalle_id": "57_10",
        "mahalle_adi": "Bakidere Mah (gülpınar Köyü)",
        "posta_kodu": "23150"
    },
    {
        "mahalle_id": "46_8",
        "mahalle_adi": "Balıbey Mah (balıbey Köyü)",
        "posta_kodu": "23350"
    },
    {
        "mahalle_id": "8_8",
        "mahalle_adi": "Ballıca Mah (ballıca Köyü)",
        "posta_kodu": "23350"
    },
    {
        "mahalle_id": "89_8",
        "mahalle_adi": "Balpınarı Mah (merkez Mah) (balpınar Köyü)",
        "posta_kodu": "23350"
    },
    {
        "mahalle_id": "109_8",
        "mahalle_adi": "Bektaş Mah (sünköy Köyü)",
        "posta_kodu": "23350"
    },
    {
        "mahalle_id": "53_8",
        "mahalle_adi": "Beşevler Mah (fatmalı Köyü)",
        "posta_kodu": "23350"
    },
    {
        "mahalle_id": "92_8",
        "mahalle_adi": "Beşik Mah (merkez Mah) (beşikköy Köyü)",
        "posta_kodu": "23350"
    },
    {
        "mahalle_id": "5_11",
        "mahalle_adi": "Beşoluk Mah (beşoluk Köyü)",
        "posta_kodu": "23370"
    },
    {
        "mahalle_id": "7_11",
        "mahalle_adi": "Beydalı Mah (beydalı Köyü)",
        "posta_kodu": "23370"
    },
    {
        "mahalle_id": "8_11",
        "mahalle_adi": "Beydoğmuş Mah (beydoğmuş Köyü)",
        "posta_kodu": "23370"
    },
    {
        "mahalle_id": "2_10",
        "mahalle_adi": "Bölüklü Mah (bölüklü Köyü)",
        "posta_kodu": "23150"
    },
    {
        "mahalle_id": "122_8",
        "mahalle_adi": "Budaklı Mah (sultanuşağı Köyü)",
        "posta_kodu": "23350"
    },
    {
        "mahalle_id": "6_11",
        "mahalle_adi": "Bük Mah (beşoluk Köyü)",
        "posta_kodu": "23370"
    },
    {
        "mahalle_id": "78_8",
        "mahalle_adi": "Bük Mah (yolüstü Köyü)",
        "posta_kodu": "23350"
    },
    {
        "mahalle_id": "7_10",
        "mahalle_adi": "Bulutlu Mah (bulutlu Köyü)",
        "posta_kodu": "23150"
    },
    {
        "mahalle_id": "123_8",
        "mahalle_adi": "Cadde Boyu Mah (sultanuşağı Köyü)",
        "posta_kodu": "23350"
    },
    {
        "mahalle_id": "9_9",
        "mahalle_adi": "Çağlar Mah (çağlar Köyü)",
        "posta_kodu": "23250"
    },
    {
        "mahalle_id": "4_11",
        "mahalle_adi": "Çakıl Mah (aydıncık Köyü)",
        "posta_kodu": "23370"
    },
    {
        "mahalle_id": "14_11",
        "mahalle_adi": "Çakmaközü Mah (erbildi Köyü)",
        "posta_kodu": "23370"
    },
    {
        "mahalle_id": "8_10",
        "mahalle_adi": "Çalıca Mah (çalıca Köyü)",
        "posta_kodu": "23150"
    },
    {
        "mahalle_id": "50_10",
        "mahalle_adi": "Cami Mah (sakabaşı Köyü)",
        "posta_kodu": "23150"
    },
    {
        "mahalle_id": "12_10",
        "mahalle_adi": "Cansızlar Mah (çalıca Köyü)",
        "posta_kodu": "23150"
    },
    {
        "mahalle_id": "2_3",
        "mahalle_adi": "Çarşı Mah",
        "posta_kodu": "23100"
    },
    {
        "mahalle_id": "1_7",
        "mahalle_adi": "Çatal Çeşme Mah",
        "posta_kodu": "23300"
    },
    {
        "mahalle_id": "11_11",
        "mahalle_adi": "Çatalharman Mah (çatalharman Köyü)",
        "posta_kodu": "23370"
    },
    {
        "mahalle_id": "9_10",
        "mahalle_adi": "Çavuş Mah (çalıca Köyü)",
        "posta_kodu": "23150"
    },
    {
        "mahalle_id": "9_2",
        "mahalle_adi": "Çaydaçıra Mah",
        "posta_kodu": "23050"
    },
    {
        "mahalle_id": "18_10",
        "mahalle_adi": "Çayırlar Mah (gökçe Köyü)",
        "posta_kodu": "23150"
    },
    {
        "mahalle_id": "4_9",
        "mahalle_adi": "Cevizdere Mah (cevizdere Köyü)",
        "posta_kodu": "23250"
    },
    {
        "mahalle_id": "81_8",
        "mahalle_adi": "Cevizlik Mah (şeyhhacı Köyü)",
        "posta_kodu": "23350"
    },
    {
        "mahalle_id": "94_8",
        "mahalle_adi": "Cipköy Mah (merkez Mah) (cipköy Köyü)",
        "posta_kodu": "23350"
    },
    {
        "mahalle_id": "117_8",
        "mahalle_adi": "Çırak Mah (üçağaç Köyü)",
        "posta_kodu": "23350"
    },
    {
        "mahalle_id": "16_11",
        "mahalle_adi": "Çırçır Mah (gümüşbağlar Köyü)",
        "posta_kodu": "23370"
    },
    {
        "mahalle_id": "45_10",
        "mahalle_adi": "Çolaklar Mah (öksüzuşağı Köyü)",
        "posta_kodu": "23150"
    },
    {
        "mahalle_id": "25_11",
        "mahalle_adi": "Çolaklı Mah (kurtdere Köyü)",
        "posta_kodu": "23370"
    },
    {
        "mahalle_id": "34_11",
        "mahalle_adi": "Çömlek Mah (meşeli Köyü)",
        "posta_kodu": "23370"
    },
    {
        "mahalle_id": "95_8",
        "mahalle_adi": "Çöteli Mah (merkez Mah) (çöteli Köyü)",
        "posta_kodu": "23350"
    },
    {
        "mahalle_id": "75_10",
        "mahalle_adi": "Cuma Mah (gözpınar Köyü)",
        "posta_kodu": "23150"
    },
    {
        "mahalle_id": "2_5",
        "mahalle_adi": "Cumhuriyet Mah",
        "posta_kodu": "23270"
    },
    {
        "mahalle_id": "20_10",
        "mahalle_adi": "Cumhuriyet Mah (gölköy Köyü)",
        "posta_kodu": "23150"
    },
    {
        "mahalle_id": "1_13",
        "mahalle_adi": "Cumhuriyet Mah (yazıkonak Beldesi)",
        "posta_kodu": "23180"
    },
    {
        "mahalle_id": "3_14",
        "mahalle_adi": "Cumhuriyet Mah (yurtbaşı Beldesi)",
        "posta_kodu": "23190"
    },
    {
        "mahalle_id": "47_8",
        "mahalle_adi": "Dallıca Mah (dallıca Köyü)",
        "posta_kodu": "23350"
    },
    {
        "mahalle_id": "49_8",
        "mahalle_adi": "Dambüyük Mah (dambüyük Köyü)",
        "posta_kodu": "23350"
    },
    {
        "mahalle_id": "58_10",
        "mahalle_adi": "Danalı Mah (gülpınar Köyü)",
        "posta_kodu": "23150"
    },
    {
        "mahalle_id": "9_8",
        "mahalle_adi": "Dedepınarı Mah (dedepınarı Köyü)",
        "posta_kodu": "23350"
    },
    {
        "mahalle_id": "83_8",
        "mahalle_adi": "Değirmendere Mah (şeyhhacı Köyü)",
        "posta_kodu": "23350"
    },
    {
        "mahalle_id": "59_8",
        "mahalle_adi": "Değirmenönü Mah (değirmenönü Köyü)",
        "posta_kodu": "23350"
    },
    {
        "mahalle_id": "10_9",
        "mahalle_adi": "Dereboğazı Mah (merkez Mah) (dereboğazı Köyü)",
        "posta_kodu": "23250"
    },
    {
        "mahalle_id": "62_10",
        "mahalle_adi": "Dikili Mah (sütlüce Köyü)",
        "posta_kodu": "23150"
    },
    {
        "mahalle_id": "11_9",
        "mahalle_adi": "Doğankuş Mah (merkez Mah) (doğankuş Köyü)",
        "posta_kodu": "23250"
    },
    {
        "mahalle_id": "1_6",
        "mahalle_adi": "Doğu Kent Mah",
        "posta_kodu": "23280"
    },
    {
        "mahalle_id": "33_10",
        "mahalle_adi": "Doloca Mah (koçharmanı Köyü)",
        "posta_kodu": "23150"
    },
    {
        "mahalle_id": "13_10",
        "mahalle_adi": "Durupınar Mah (durupınar Köyü)",
        "posta_kodu": "23150"
    },
    {
        "mahalle_id": "18_11",
        "mahalle_adi": "Düzler-gülmez Mah (gümüşbağlar Köyü)",
        "posta_kodu": "23370"
    },
    {
        "mahalle_id": "21_11",
        "mahalle_adi": "Ebil Mah (kaplıkaya Köyü)",
        "posta_kodu": "23370"
    },
    {
        "mahalle_id": "26_11",
        "mahalle_adi": "Ekinli Mah (kurtdere Köyü)",
        "posta_kodu": "23370"
    },
    {
        "mahalle_id": "12_9",
        "mahalle_adi": "Elmapınarı Mah (merkez Mah) (elmapınarı Köyü)",
        "posta_kodu": "23250"
    },
    {
        "mahalle_id": "64_10",
        "mahalle_adi": "Emiruşağı Mah (sütlüce Köyü)",
        "posta_kodu": "23150"
    },
    {
        "mahalle_id": "13_11",
        "mahalle_adi": "Erbildi Mah (erbildi Köyü)",
        "posta_kodu": "23370"
    },
    {
        "mahalle_id": "1_4",
        "mahalle_adi": "Esen Tepe Mah",
        "posta_kodu": "23200"
    },
    {
        "mahalle_id": "51_8",
        "mahalle_adi": "Esenkent Mah (esenkent Köyü)",
        "posta_kodu": "23350"
    },
    {
        "mahalle_id": "26_9",
        "mahalle_adi": "Eyüp Bağları Mah (yenikapı Köyü)",
        "posta_kodu": "23250"
    },
    {
        "mahalle_id": "2_13",
        "mahalle_adi": "Fatih Mah (yazıkonak Beldesi)",
        "posta_kodu": "23180"
    },
    {
        "mahalle_id": "52_8",
        "mahalle_adi": "Fatmalı Mah (fatmalı Köyü)",
        "posta_kodu": "23350"
    },
    {
        "mahalle_id": "2_4",
        "mahalle_adi": "Fevzi Çakmak Mah",
        "posta_kodu": "23200"
    },
    {
        "mahalle_id": "62_8",
        "mahalle_adi": "Gedikyolu Mah (gedikyolu Köyü)",
        "posta_kodu": "23350"
    },
    {
        "mahalle_id": "14_10",
        "mahalle_adi": "Gökçe Mah (gökçe Köyü)",
        "posta_kodu": "23150"
    },
    {
        "mahalle_id": "13_9",
        "mahalle_adi": "Gölardı Mah (merkez Mah) (gölardı Köyü)",
        "posta_kodu": "23250"
    },
    {
        "mahalle_id": "16_9",
        "mahalle_adi": "Gölardısitesi-1 Mah (gölardı Köyü)",
        "posta_kodu": "23250"
    },
    {
        "mahalle_id": "17_9",
        "mahalle_adi": "Gölardısitesi-2 Mah (gölardı Köyü)",
        "posta_kodu": "23250"
    },
    {
        "mahalle_id": "6_9",
        "mahalle_adi": "Gölkenarı Mah (cevizdere Köyü)",
        "posta_kodu": "23250"
    },
    {
        "mahalle_id": "19_10",
        "mahalle_adi": "Gölköy Mah (gölköy Köyü)",
        "posta_kodu": "23150"
    },
    {
        "mahalle_id": "3_2",
        "mahalle_adi": "Göllü Bağ Mah",
        "posta_kodu": "23050"
    },
    {
        "mahalle_id": "10_8",
        "mahalle_adi": "Gözebaşı Mah (gözebaşı Köyü)",
        "posta_kodu": "23350"
    },
    {
        "mahalle_id": "21_10",
        "mahalle_adi": "Gözpınar Mah (gözpınar Köyü)",
        "posta_kodu": "23150"
    },
    {
        "mahalle_id": "3_10",
        "mahalle_adi": "Güleç Mah (bölüklü Köyü)",
        "posta_kodu": "23150"
    },
    {
        "mahalle_id": "30_10",
        "mahalle_adi": "Gülmahmut Mah (kelmahmut Köyü)",
        "posta_kodu": "23150"
    },
    {
        "mahalle_id": "4_14",
        "mahalle_adi": "Gülpınar Mah (yurtbaşı Beldesi)",
        "posta_kodu": "23190"
    },
    {
        "mahalle_id": "4_2",
        "mahalle_adi": "Gümüş Kavak Mah",
        "posta_kodu": "23050"
    },
    {
        "mahalle_id": "15_11",
        "mahalle_adi": "Gümüşbağlar Mah (gümüşbağlar Köyü)",
        "posta_kodu": "23370"
    },
    {
        "mahalle_id": "23_10",
        "mahalle_adi": "Günaçtı Köyü",
        "posta_kodu": "23150"
    },
    {
        "mahalle_id": "22_10",
        "mahalle_adi": "Günaçtı Mah (günaçtı Köyü)",
        "posta_kodu": "23150"
    },
    {
        "mahalle_id": "24_10",
        "mahalle_adi": "Günbağı Mah (günbağı Köyü)",
        "posta_kodu": "23150"
    },
    {
        "mahalle_id": "19_11",
        "mahalle_adi": "Güneyçayırı Mah (güneyçayırı Köyü)",
        "posta_kodu": "23370"
    },
    {
        "mahalle_id": "5_1",
        "mahalle_adi": "Güneykent Mah",
        "posta_kodu": "23040"
    },
    {
        "mahalle_id": "1_9",
        "mahalle_adi": "Güntaşı Mah (mollakendi Beldesi)",
        "posta_kodu": "23250"
    },
    {
        "mahalle_id": "39_8",
        "mahalle_adi": "Gürdal Mah (hıdırbaba Köyü)",
        "posta_kodu": "23350"
    },
    {
        "mahalle_id": "12_8",
        "mahalle_adi": "Güzelyalı Mah (güzelyalı Köyü)",
        "posta_kodu": "23350"
    },
    {
        "mahalle_id": "5_10",
        "mahalle_adi": "Hacı Ali Mah (bölüklü Köyü)",
        "posta_kodu": "23150"
    },
    {
        "mahalle_id": "47_10",
        "mahalle_adi": "Hacı Efendi Mah (öksüzuşağı Köyü)",
        "posta_kodu": "23150"
    },
    {
        "mahalle_id": "64_8",
        "mahalle_adi": "Hacı Mah (koçkale Köyü)",
        "posta_kodu": "23350"
    },
    {
        "mahalle_id": "15_9",
        "mahalle_adi": "Hacıali Mah (gölardı Köyü)",
        "posta_kodu": "23250"
    },
    {
        "mahalle_id": "9_11",
        "mahalle_adi": "Hacıhasan Mah (beydoğmuş Köyü)",
        "posta_kodu": "23370"
    },
    {
        "mahalle_id": "37_8",
        "mahalle_adi": "Hacıömer Mah (yukarıdemirtaş Köyü)",
        "posta_kodu": "23350"
    },
    {
        "mahalle_id": "54_8",
        "mahalle_adi": "Hal Mah (hal Köyü)",
        "posta_kodu": "23350"
    },
    {
        "mahalle_id": "74_8",
        "mahalle_adi": "Halil Ağa Mah (sarıkamış Köyü)",
        "posta_kodu": "23350"
    },
    {
        "mahalle_id": "38_10",
        "mahalle_adi": "Halilağa Mah (küllük Köyü)",
        "posta_kodu": "23150"
    },
    {
        "mahalle_id": "33_11",
        "mahalle_adi": "Han Mah (meşeli Köyü)",
        "posta_kodu": "23370"
    },
    {
        "mahalle_id": "1_8",
        "mahalle_adi": "Hankendi Mah",
        "posta_kodu": "23350"
    },
    {
        "mahalle_id": "11_10",
        "mahalle_adi": "Haraba Cami Mah (çalıca Köyü)",
        "posta_kodu": "23150"
    },
    {
        "mahalle_id": "34_10",
        "mahalle_adi": "Harikalan Mah (koçharmanı Köyü)",
        "posta_kodu": "23150"
    },
    {
        "mahalle_id": "97_8",
        "mahalle_adi": "Harmantepe Mah (merkez Mah) (harmantepe Köyü)",
        "posta_kodu": "23350"
    },
    {
        "mahalle_id": "2_7",
        "mahalle_adi": "Harput Mah",
        "posta_kodu": "23300"
    },
    {
        "mahalle_id": "8_2",
        "mahalle_adi": "Hayvan Ürünleri Osb Mah",
        "posta_kodu": "23050"
    },
    {
        "mahalle_id": "126_8",
        "mahalle_adi": "Hazar Gölü Mah (içme Köyü)",
        "posta_kodu": "23350"
    },
    {
        "mahalle_id": "1_1",
        "mahalle_adi": "Hicret Mah",
        "posta_kodu": "23040"
    },
    {
        "mahalle_id": "38_8",
        "mahalle_adi": "Hıdırbaba Mah (merkez Mah) (hıdırbaba Köyü)",
        "posta_kodu": "23350"
    },
    {
        "mahalle_id": "30_11",
        "mahalle_adi": "Hıdolar Mah (kurtdere Köyü)",
        "posta_kodu": "23370"
    },
    {
        "mahalle_id": "3_5",
        "mahalle_adi": "Hilalkent Mah",
        "posta_kodu": "23270"
    },
    {
        "mahalle_id": "14_8",
        "mahalle_adi": "Hoşköy Mah (hoşköy Köyü)",
        "posta_kodu": "23350"
    },
    {
        "mahalle_id": "1_12",
        "mahalle_adi": "Hürriyet Mah (akçakiraz Beldesi)",
        "posta_kodu": "23090"
    },
    {
        "mahalle_id": "3_4",
        "mahalle_adi": "İcadiye Mah",
        "posta_kodu": "23200"
    },
    {
        "mahalle_id": "22_9",
        "mahalle_adi": "İkitepe Mah (merkez Mah) (ikitepe Köyü)",
        "posta_kodu": "23250"
    },
    {
        "mahalle_id": "51_10",
        "mahalle_adi": "İlyas Mah (sakabaşı Köyü)",
        "posta_kodu": "23150"
    },
    {
        "mahalle_id": "25_10",
        "mahalle_adi": "Işıkyolu Mah (ışıkyolu Köyü)",
        "posta_kodu": "23150"
    },
    {
        "mahalle_id": "67_8",
        "mahalle_adi": "İstasiyon Mah (korucu Köyü)",
        "posta_kodu": "23350"
    },
    {
        "mahalle_id": "4_4",
        "mahalle_adi": "İzzet Paşa Mah",
        "posta_kodu": "23200"
    },
    {
        "mahalle_id": "28_11",
        "mahalle_adi": "Kabakçılar Mah (kurtdere Köyü)",
        "posta_kodu": "23370"
    },
    {
        "mahalle_id": "82_8",
        "mahalle_adi": "Kadıderesi Mah (şeyhhacı Köyü)",
        "posta_kodu": "23350"
    },
    {
        "mahalle_id": "98_8",
        "mahalle_adi": "Kalkantepe Mah (merkez Mah) (kalkantepe Köyü)",
        "posta_kodu": "23350"
    },
    {
        "mahalle_id": "20_11",
        "mahalle_adi": "Kaplıkaya Mah (kaplıkaya Köyü)",
        "posta_kodu": "23370"
    },
    {
        "mahalle_id": "29_10",
        "mahalle_adi": "Karaali Köyü",
        "posta_kodu": "23150"
    },
    {
        "mahalle_id": "26_10",
        "mahalle_adi": "Karaali Mah (karaali Köyü)",
        "posta_kodu": "23150"
    },
    {
        "mahalle_id": "99_8",
        "mahalle_adi": "Karaçavuş Mah (merkez Mah) (karaçavuş Köyü)",
        "posta_kodu": "23350"
    },
    {
        "mahalle_id": "36_8",
        "mahalle_adi": "Karagöl Mah (yukarıdemirtaş Köyü)",
        "posta_kodu": "23350"
    },
    {
        "mahalle_id": "30_8",
        "mahalle_adi": "Karaman Mah (tohumlu Köyü)",
        "posta_kodu": "23350"
    },
    {
        "mahalle_id": "23_9",
        "mahalle_adi": "Karasaz Mah (merkez Mah) (karasaz Köyü)",
        "posta_kodu": "23250"
    },
    {
        "mahalle_id": "23_11",
        "mahalle_adi": "Karataş Mah (karataş Köyü)",
        "posta_kodu": "23370"
    },
    {
        "mahalle_id": "3_9",
        "mahalle_adi": "Karşıbağ Mah (mollakendi Beldesi)",
        "posta_kodu": "23250"
    },
    {
        "mahalle_id": "3_7",
        "mahalle_adi": "Karşıyaka Mah",
        "posta_kodu": "23300"
    },
    {
        "mahalle_id": "75_8",
        "mahalle_adi": "Kaşıkçılar Mah (sarıkamış Köyü)",
        "posta_kodu": "23350"
    },
    {
        "mahalle_id": "101_8",
        "mahalle_adi": "Kavakpınar Mah (merkez Mah) (kavakpınar Köyü)",
        "posta_kodu": "23350"
    },
    {
        "mahalle_id": "15_8",
        "mahalle_adi": "Kavaktepe Mah (kavaktepe Köyü)",
        "posta_kodu": "23350"
    },
    {
        "mahalle_id": "91_8",
        "mahalle_adi": "Kayalar Mah (balpınar Köyü)",
        "posta_kodu": "23350"
    },
    {
        "mahalle_id": "102_8",
        "mahalle_adi": "Kepektaş Mah (merkez Mah) (kepektaş Köyü)",
        "posta_kodu": "23350"
    },
    {
        "mahalle_id": "63_10",
        "mahalle_adi": "Kıluşağı Mah (sütlüce Köyü)",
        "posta_kodu": "23150"
    },
    {
        "mahalle_id": "2_12",
        "mahalle_adi": "Kıraç Mah (akçakiraz Beldesi)",
        "posta_kodu": "23090"
    },
    {
        "mahalle_id": "16_8",
        "mahalle_adi": "Kıraç Mah (kıraçköy Köyü)",
        "posta_kodu": "23350"
    },
    {
        "mahalle_id": "18_8",
        "mahalle_adi": "Kireçli Mah (kıraçköy Köyü)",
        "posta_kodu": "23350"
    },
    {
        "mahalle_id": "4_7",
        "mahalle_adi": "Kırklar Mah",
        "posta_kodu": "23300"
    },
    {
        "mahalle_id": "5_2",
        "mahalle_adi": "Kızılay Mah",
        "posta_kodu": "23050"
    },
    {
        "mahalle_id": "108_8",
        "mahalle_adi": "Koçabağı Mah (sünköy Köyü)",
        "posta_kodu": "23350"
    },
    {
        "mahalle_id": "31_10",
        "mahalle_adi": "Koçharmanı Mah (koçharmanı Köyü)",
        "posta_kodu": "23150"
    },
    {
        "mahalle_id": "63_8",
        "mahalle_adi": "Koçkale Mah (koçkale Köyü)",
        "posta_kodu": "23350"
    },
    {
        "mahalle_id": "27_11",
        "mahalle_adi": "Kölemehmet Mah (kurtdere Köyü)",
        "posta_kodu": "23370"
    },
    {
        "mahalle_id": "71_8",
        "mahalle_adi": "Kom Mah (kuşhane Köyü)",
        "posta_kodu": "23350"
    },
    {
        "mahalle_id": "39_10",
        "mahalle_adi": "Konacık Mah (küllük Köyü)",
        "posta_kodu": "23150"
    },
    {
        "mahalle_id": "48_8",
        "mahalle_adi": "Konak Mah (dallıca Köyü)",
        "posta_kodu": "23350"
    },
    {
        "mahalle_id": "3_13",
        "mahalle_adi": "Konak Mah (yazıkonak Beldesi)",
        "posta_kodu": "23180"
    },
    {
        "mahalle_id": "65_8",
        "mahalle_adi": "Konakalmaz Mah (konakalmaz Köyü)",
        "posta_kodu": "23350"
    },
    {
        "mahalle_id": "31_11",
        "mahalle_adi": "Koparoğlu Mah (kurtdere Köyü)",
        "posta_kodu": "23370"
    },
    {
        "mahalle_id": "35_10",
        "mahalle_adi": "Koparuşağı Mah (koparuşağı Köyü)",
        "posta_kodu": "23150"
    },
    {
        "mahalle_id": "24_11",
        "mahalle_adi": "Körpe Mah (körpe Köyü)",
        "posta_kodu": "23370"
    },
    {
        "mahalle_id": "66_8",
        "mahalle_adi": "Korucu Mah (korucu Köyü)",
        "posta_kodu": "23350"
    },
    {
        "mahalle_id": "55_8",
        "mahalle_adi": "Koruk Mah (koruköy Köyü)",
        "posta_kodu": "23350"
    },
    {
        "mahalle_id": "90_8",
        "mahalle_adi": "Korular Mah (balpınar Köyü)",
        "posta_kodu": "23350"
    },
    {
        "mahalle_id": "103_8",
        "mahalle_adi": "Kozluk Mah (merkez Mah) (kozluk Köyü)",
        "posta_kodu": "23350"
    },
    {
        "mahalle_id": "36_10",
        "mahalle_adi": "Küllük Mah (küllük Köyü)",
        "posta_kodu": "23150"
    },
    {
        "mahalle_id": "3_3",
        "mahalle_adi": "Kültür Mah",
        "posta_kodu": "23100"
    },
    {
        "mahalle_id": "3_12",
        "mahalle_adi": "Kültür Mah (akçakiraz Beldesi)",
        "posta_kodu": "23090"
    },
    {
        "mahalle_id": "17_11",
        "mahalle_adi": "Kümeevler Mah (gümüşbağlar Köyü)",
        "posta_kodu": "23370"
    },
    {
        "mahalle_id": "69_8",
        "mahalle_adi": "Kumla Mah (kumla Köyü)",
        "posta_kodu": "23350"
    },
    {
        "mahalle_id": "24_8",
        "mahalle_adi": "Kumlukbağları Mah (sarıyakup Köyü)",
        "posta_kodu": "23350"
    },
    {
        "mahalle_id": "29_11",
        "mahalle_adi": "Kurtoğlu Mah (kurtdere Köyü)",
        "posta_kodu": "23370"
    },
    {
        "mahalle_id": "116_8",
        "mahalle_adi": "Kuruçay Mah (üçağaç Köyü)",
        "posta_kodu": "23350"
    },
    {
        "mahalle_id": "5_9",
        "mahalle_adi": "Kuşcu Mah (cevizdere Köyü)",
        "posta_kodu": "23250"
    },
    {
        "mahalle_id": "70_8",
        "mahalle_adi": "Kuşhane Mah (kuşhane Köyü)",
        "posta_kodu": "23350"
    },
    {
        "mahalle_id": "46_10",
        "mahalle_adi": "Kütuşağı Mah (öksüzuşağı Köyü)",
        "posta_kodu": "23150"
    },
    {
        "mahalle_id": "19_8",
        "mahalle_adi": "Kuyulu Mah (kuyulu Köyü)",
        "posta_kodu": "23350"
    },
    {
        "mahalle_id": "113_8",
        "mahalle_adi": "Mağara Mah (üçağaç Köyü)",
        "posta_kodu": "23350"
    },
    {
        "mahalle_id": "28_10",
        "mahalle_adi": "Mahmutlu Mah (karaali Köyü)",
        "posta_kodu": "23150"
    },
    {
        "mahalle_id": "106_8",
        "mahalle_adi": "Mansurşağı Mah (sünköy Köyü)",
        "posta_kodu": "23350"
    },
    {
        "mahalle_id": "61_8",
        "mahalle_adi": "Mastar Mah (değirmenönü Köyü)",
        "posta_kodu": "23350"
    },
    {
        "mahalle_id": "127_8",
        "mahalle_adi": "Mastar Mah (içme Köyü)",
        "posta_kodu": "23350"
    },
    {
        "mahalle_id": "37_10",
        "mahalle_adi": "Meduşağı Mah (küllük Köyü)",
        "posta_kodu": "23150"
    },
    {
        "mahalle_id": "57_8",
        "mahalle_adi": "Merkez Mah (muratçık Köyü)",
        "posta_kodu": "23350"
    },
    {
        "mahalle_id": "84_8",
        "mahalle_adi": "Merkez Mah (poyraz Köyü)",
        "posta_kodu": "23350"
    },
    {
        "mahalle_id": "4_13",
        "mahalle_adi": "Merkez Mah (yazıkonak Beldesi)",
        "posta_kodu": "23180"
    },
    {
        "mahalle_id": "124_8",
        "mahalle_adi": "Merkez Mah (yürekli Köyü)",
        "posta_kodu": "23350"
    },
    {
        "mahalle_id": "32_11",
        "mahalle_adi": "Meşeli Mah (meşeli Köyü)",
        "posta_kodu": "23370"
    },
    {
        "mahalle_id": "121_8",
        "mahalle_adi": "Mollahasan Mah (sultanuşağı Köyü)",
        "posta_kodu": "23350"
    },
    {
        "mahalle_id": "2_9",
        "mahalle_adi": "Mollakendi Mah (mollakendi Beldesi)",
        "posta_kodu": "23250"
    },
    {
        "mahalle_id": "17_8",
        "mahalle_adi": "Munzuroğlu Mah (kıraçköy Köyü)",
        "posta_kodu": "23350"
    },
    {
        "mahalle_id": "5_7",
        "mahalle_adi": "Mustafa Paşa Mah",
        "posta_kodu": "23300"
    },
    {
        "mahalle_id": "13_8",
        "mahalle_adi": "Muzuroğlu Mah (güzelyalı Köyü)",
        "posta_kodu": "23350"
    },
    {
        "mahalle_id": "4_3",
        "mahalle_adi": "Nail Bey Mah",
        "posta_kodu": "23100"
    },
    {
        "mahalle_id": "20_8",
        "mahalle_adi": "Nuralı Mah (nuralı Köyü)",
        "posta_kodu": "23350"
    },
    {
        "mahalle_id": "35_11",
        "mahalle_adi": "Obuz Mah (obuz Köyü)",
        "posta_kodu": "23370"
    },
    {
        "mahalle_id": "61_10",
        "mahalle_adi": "Oğulcuk Mah (sütlüce Köyü)",
        "posta_kodu": "23150"
    },
    {
        "mahalle_id": "2_1",
        "mahalle_adi": "Olgunlar Mah",
        "posta_kodu": "23040"
    },
    {
        "mahalle_id": "43_10",
        "mahalle_adi": "Oluklu Mah (öksüzuşağı Köyü)",
        "posta_kodu": "23150"
    },
    {
        "mahalle_id": "96_8",
        "mahalle_adi": "Örehan Mah (çöteli Köyü)",
        "posta_kodu": "23350"
    },
    {
        "mahalle_id": "21_8",
        "mahalle_adi": "Örençay Mah (örençay Köyü)",
        "posta_kodu": "23350"
    },
    {
        "mahalle_id": "7_14",
        "mahalle_adi": "Org. Eşref Bitlis Mah (yurtbaşı Beldesi)",
        "posta_kodu": "23190"
    },
    {
        "mahalle_id": "40_10",
        "mahalle_adi": "Ortaçalı Mah (ortaçalı Köyü)",
        "posta_kodu": "23150"
    },
    {
        "mahalle_id": "56_8",
        "mahalle_adi": "Ortahan Mah (koruköy Köyü)",
        "posta_kodu": "23350"
    },
    {
        "mahalle_id": "36_11",
        "mahalle_adi": "Oymaağaç Mah (oymaağaç Köyü)",
        "posta_kodu": "23370"
    },
    {
        "mahalle_id": "60_8",
        "mahalle_adi": "Öztürk Mah (değirmenönü Köyü)",
        "posta_kodu": "23350"
    },
    {
        "mahalle_id": "4_12",
        "mahalle_adi": "Paşalar Mah (akçakiraz Beldesi)",
        "posta_kodu": "23090"
    },
    {
        "mahalle_id": "104_8",
        "mahalle_adi": "Pelteköy Mah (merkez Mah) (pelteköy Köyü)",
        "posta_kodu": "23350"
    },
    {
        "mahalle_id": "12_11",
        "mahalle_adi": "Pinoğlu Mah (çatalharman Köyü)",
        "posta_kodu": "23370"
    },
    {
        "mahalle_id": "58_8",
        "mahalle_adi": "Pirinçci Mah (pirinççi Köyü)",
        "posta_kodu": "23350"
    },
    {
        "mahalle_id": "4_10",
        "mahalle_adi": "Resul Kerim Mah (bölüklü Köyü)",
        "posta_kodu": "23150"
    },
    {
        "mahalle_id": "5_4",
        "mahalle_adi": "Rızaiye Mah",
        "posta_kodu": "23200"
    },
    {
        "mahalle_id": "5_3",
        "mahalle_adi": "Rüstem Paşa Mah",
        "posta_kodu": "23100"
    },
    {
        "mahalle_id": "67_10",
        "mahalle_adi": "Şabanlı Mah (şabanlı Köyü)",
        "posta_kodu": "23150"
    },
    {
        "mahalle_id": "6_4",
        "mahalle_adi": "Safran Mah",
        "posta_kodu": "23200"
    },
    {
        "mahalle_id": "68_10",
        "mahalle_adi": "Şahaplı Mah (şahaplı Köyü)",
        "posta_kodu": "23150"
    },
    {
        "mahalle_id": "130_8",
        "mahalle_adi": "Şahinkaya Mah",
        "posta_kodu": "23350"
    },
    {
        "mahalle_id": "49_10",
        "mahalle_adi": "Sakabaşı Mah (sakabaşı Köyü)",
        "posta_kodu": "23150"
    },
    {
        "mahalle_id": "6_7",
        "mahalle_adi": "Salı Baba Mah",
        "posta_kodu": "23300"
    },
    {
        "mahalle_id": "37_11",
        "mahalle_adi": "Salkaya Mah (salkaya Köyü)",
        "posta_kodu": "23370"
    },
    {
        "mahalle_id": "7_7",
        "mahalle_adi": "Sanayi Mah",
        "posta_kodu": "23300"
    },
    {
        "mahalle_id": "5_13",
        "mahalle_adi": "Sanayi Mah (yazıkonak Beldesi)",
        "posta_kodu": "23180"
    },
    {
        "mahalle_id": "5_14",
        "mahalle_adi": "Sanayi Mah (yurtbaşı Beldesi)",
        "posta_kodu": "23190"
    },
    {
        "mahalle_id": "7_13",
        "mahalle_adi": "Sanayiosb Mah (yazıkonak Beldesi)",
        "posta_kodu": "23180"
    },
    {
        "mahalle_id": "53_10",
        "mahalle_adi": "Sancaklı Mah (sancaklı Köyü)",
        "posta_kodu": "23150"
    },
    {
        "mahalle_id": "6_3",
        "mahalle_adi": "Sarayatik Mah",
        "posta_kodu": "23100"
    },
    {
        "mahalle_id": "39_11",
        "mahalle_adi": "Sarıbük Mah (sarıbük Köyü)",
        "posta_kodu": "23370"
    },
    {
        "mahalle_id": "14_9",
        "mahalle_adi": "Sarıcan Mah (gölardı Köyü)",
        "posta_kodu": "23250"
    },
    {
        "mahalle_id": "22_8",
        "mahalle_adi": "Sarıçubuk Mah (sarıçubuk Köyü)",
        "posta_kodu": "23350"
    },
    {
        "mahalle_id": "54_10",
        "mahalle_adi": "Sarıgül Mah (sarıgül Köyü)",
        "posta_kodu": "23150"
    },
    {
        "mahalle_id": "73_8",
        "mahalle_adi": "Sarıkamış Mah (sarıkamış Köyü)",
        "posta_kodu": "23350"
    },
    {
        "mahalle_id": "55_10",
        "mahalle_adi": "Sarılı Mah (sarılı Köyü)",
        "posta_kodu": "23150"
    },
    {
        "mahalle_id": "56_10",
        "mahalle_adi": "Sarıtosun Mah (gülpınar Köyü)",
        "posta_kodu": "23150"
    },
    {
        "mahalle_id": "23_8",
        "mahalle_adi": "Sarıyakup Mah (sarıyakup Köyü)",
        "posta_kodu": "23350"
    },
    {
        "mahalle_id": "74_10",
        "mahalle_adi": "Sarıyumak Mah (bulutlu Köyü)",
        "posta_kodu": "23150"
    },
    {
        "mahalle_id": "125_8",
        "mahalle_adi": "Şavaklı Mah (yürekli Köyü)",
        "posta_kodu": "23350"
    },
    {
        "mahalle_id": "32_10",
        "mahalle_adi": "Savuşağı Mah (koçharmanı Köyü)",
        "posta_kodu": "23150"
    },
    {
        "mahalle_id": "25_8",
        "mahalle_adi": "Sedeftepe Mah (sedeftepe Köyü)",
        "posta_kodu": "23350"
    },
    {
        "mahalle_id": "41_10",
        "mahalle_adi": "Şehit Saffet Akbaş Mah (öksüzuşağı Köyü)",
        "posta_kodu": "23150"
    },
    {
        "mahalle_id": "76_8",
        "mahalle_adi": "Şehsuvar Mah (şehsuvar Köyü)",
        "posta_kodu": "23350"
    },
    {
        "mahalle_id": "10_11",
        "mahalle_adi": "Seki Mah (beydoğmuş Köyü)",
        "posta_kodu": "23370"
    },
    {
        "mahalle_id": "42_8",
        "mahalle_adi": "Şemsiveren Mah (altınkuşak Köyü)",
        "posta_kodu": "23350"
    },
    {
        "mahalle_id": "40_11",
        "mahalle_adi": "Serince Mah (serince Köyü)",
        "posta_kodu": "23370"
    },
    {
        "mahalle_id": "20_9",
        "mahalle_adi": "Seringölsitesi Mah (gölardı Köyü)",
        "posta_kodu": "23250"
    },
    {
        "mahalle_id": "21_9",
        "mahalle_adi": "Sevsak Mah (gölardı Köyü)",
        "posta_kodu": "23250"
    },
    {
        "mahalle_id": "52_10",
        "mahalle_adi": "Şiğolar Mah (sakabaşı Köyü)",
        "posta_kodu": "23150"
    },
    {
        "mahalle_id": "114_8",
        "mahalle_adi": "Şıkan Mah (üçağaç Köyü)",
        "posta_kodu": "23350"
    },
    {
        "mahalle_id": "59_10",
        "mahalle_adi": "Sinan Mah (sinanköy Köyü)",
        "posta_kodu": "23150"
    },
    {
        "mahalle_id": "7_9",
        "mahalle_adi": "Soğukpınar Mah (cevizdere Köyü)",
        "posta_kodu": "23250"
    },
    {
        "mahalle_id": "100_8",
        "mahalle_adi": "Solhunpınar Mah (karaçavuş Köyü)",
        "posta_kodu": "23350"
    },
    {
        "mahalle_id": "29_8",
        "mahalle_adi": "Şoş Mah (tohumlu Köyü)",
        "posta_kodu": "23350"
    },
    {
        "mahalle_id": "6_2",
        "mahalle_adi": "Sugözü Mah",
        "posta_kodu": "23050"
    },
    {
        "mahalle_id": "8_9",
        "mahalle_adi": "Sulaf Mah (cevizdere Köyü)",
        "posta_kodu": "23250"
    },
    {
        "mahalle_id": "120_8",
        "mahalle_adi": "Süleyman Mah (sultanuşağı Köyü)",
        "posta_kodu": "23350"
    },
    {
        "mahalle_id": "119_8",
        "mahalle_adi": "Sultanuşağı Köyü",
        "posta_kodu": "23350"
    },
    {
        "mahalle_id": "105_8",
        "mahalle_adi": "Sünköy Mah (merkez Mah) (sünköy Köyü)",
        "posta_kodu": "23350"
    },
    {
        "mahalle_id": "3_1",
        "mahalle_adi": "Sürsürü Mah",
        "posta_kodu": "23040"
    },
    {
        "mahalle_id": "66_10",
        "mahalle_adi": "Sütlüce Köyü",
        "posta_kodu": "23150"
    },
    {
        "mahalle_id": "60_10",
        "mahalle_adi": "Sütlüce Mah (sütlüce Köyü)",
        "posta_kodu": "23150"
    },
    {
        "mahalle_id": "26_8",
        "mahalle_adi": "Tadım Mah (tadım Köyü)",
        "posta_kodu": "23350"
    },
    {
        "mahalle_id": "2_11",
        "mahalle_adi": "Tanrıvermiş Mah (aydıncık Köyü)",
        "posta_kodu": "23370"
    },
    {
        "mahalle_id": "50_8",
        "mahalle_adi": "Tapanlı Mah (dambüyük Köyü)",
        "posta_kodu": "23350"
    },
    {
        "mahalle_id": "128_8",
        "mahalle_adi": "Teknova Osb Mah (teknova Osb Köyü)",
        "posta_kodu": "23350"
    },
    {
        "mahalle_id": "69_10",
        "mahalle_adi": "Temürköy Mah (temürköy Köyü)",
        "posta_kodu": "23150"
    },
    {
        "mahalle_id": "19_9",
        "mahalle_adi": "Tepebaşısitesi Mah (gölardı Köyü)",
        "posta_kodu": "23250"
    },
    {
        "mahalle_id": "27_8",
        "mahalle_adi": "Tepeköy Mah (tepeköy Köyü)",
        "posta_kodu": "23350"
    },
    {
        "mahalle_id": "28_8",
        "mahalle_adi": "Tohumlu Mah (tohumlu Köyü)",
        "posta_kodu": "23350"
    },
    {
        "mahalle_id": "22_11",
        "mahalle_adi": "Toraman Mah (kaplıkaya Köyü)",
        "posta_kodu": "23370"
    },
    {
        "mahalle_id": "112_8",
        "mahalle_adi": "Üçağaç Mah (merkez Mah) (üçağaç Köyü)",
        "posta_kodu": "23350"
    },
    {
        "mahalle_id": "43_8",
        "mahalle_adi": "Üçtepe Mah (altınkuşak Köyü)",
        "posta_kodu": "23350"
    },
    {
        "mahalle_id": "8_7",
        "mahalle_adi": "Ulu Kent Mah",
        "posta_kodu": "23300"
    },
    {
        "mahalle_id": "7_4",
        "mahalle_adi": "Üniversite Mah",
        "posta_kodu": "23200"
    },
    {
        "mahalle_id": "31_8",
        "mahalle_adi": "Ürünveren Mah (ürünveren Köyü)",
        "posta_kodu": "23350"
    },
    {
        "mahalle_id": "111_8",
        "mahalle_adi": "Uzuntarla Mah (merkez Mah) (uzuntarla Köyü)",
        "posta_kodu": "23350"
    },
    {
        "mahalle_id": "72_8",
        "mahalle_adi": "Vartinik Mah (kuşhane Köyü)",
        "posta_kodu": "23350"
    },
    {
        "mahalle_id": "33_8",
        "mahalle_adi": "Venk Mah (yalnız Köyü)",
        "posta_kodu": "23350"
    },
    {
        "mahalle_id": "3_8",
        "mahalle_adi": "Y.içme Mah (içme Köyü)",
        "posta_kodu": "23350"
    },
    {
        "mahalle_id": "6_10",
        "mahalle_adi": "Yağızlar Mah (bölüklü Köyü)",
        "posta_kodu": "23150"
    },
    {
        "mahalle_id": "70_10",
        "mahalle_adi": "Yalındamlar Mah (yalındamlar Köyü)",
        "posta_kodu": "23150"
    },
    {
        "mahalle_id": "32_8",
        "mahalle_adi": "Yalnız Mah (yalnız Köyü)",
        "posta_kodu": "23350"
    },
    {
        "mahalle_id": "71_10",
        "mahalle_adi": "Yazıpınarı Mah (yazıpınarı Köyü)",
        "posta_kodu": "23150"
    },
    {
        "mahalle_id": "15_10",
        "mahalle_adi": "Yedievler Mah (gökçe Köyü)",
        "posta_kodu": "23150"
    },
    {
        "mahalle_id": "34_8",
        "mahalle_adi": "Yedigöze Mah (yedigöze Köyü)",
        "posta_kodu": "23350"
    },
    {
        "mahalle_id": "131_8",
        "mahalle_adi": "Yemişlik Mah",
        "posta_kodu": "23350"
    },
    {
        "mahalle_id": "6_13",
        "mahalle_adi": "Yeni Bağlar Mah (yazıkonak Beldesi)",
        "posta_kodu": "23180"
    },
    {
        "mahalle_id": "8_4",
        "mahalle_adi": "Yeni Mah",
        "posta_kodu": "23200"
    },
    {
        "mahalle_id": "6_14",
        "mahalle_adi": "Yeni Mah (yurtbaşı Beldesi)",
        "posta_kodu": "23190"
    },
    {
        "mahalle_id": "5_12",
        "mahalle_adi": "Yenice Mah (akçakiraz Beldesi)",
        "posta_kodu": "23090"
    },
    {
        "mahalle_id": "25_9",
        "mahalle_adi": "Yenikapı Mah (merkez Mah) (yenikapı Köyü)",
        "posta_kodu": "23250"
    },
    {
        "mahalle_id": "72_10",
        "mahalle_adi": "Yenikonak Mah (yenikonak Köyü)",
        "posta_kodu": "23150"
    },
    {
        "mahalle_id": "16_10",
        "mahalle_adi": "Yenikonutlar Mah (gökçe Köyü)",
        "posta_kodu": "23150"
    },
    {
        "mahalle_id": "65_10",
        "mahalle_adi": "Yenimah Mah (sütlüce Köyü)",
        "posta_kodu": "23150"
    },
    {
        "mahalle_id": "6_12",
        "mahalle_adi": "Yeşilkuşak Mah (akçakiraz Beldesi)",
        "posta_kodu": "23090"
    },
    {
        "mahalle_id": "7_12",
        "mahalle_adi": "Yeşilyurt Mah (akçakiraz Beldesi)",
        "posta_kodu": "23090"
    },
    {
        "mahalle_id": "11_8",
        "mahalle_adi": "Yeşilyurt Mah (gözebaşı Köyü)",
        "posta_kodu": "23350"
    },
    {
        "mahalle_id": "38_11",
        "mahalle_adi": "Yılangeçiren Mah (salkaya Köyü)",
        "posta_kodu": "23370"
    },
    {
        "mahalle_id": "7_2",
        "mahalle_adi": "Yıldız Bağları Mah",
        "posta_kodu": "23050"
    },
    {
        "mahalle_id": "17_10",
        "mahalle_adi": "Yıldız Mah (gökçe Köyü)",
        "posta_kodu": "23150"
    },
    {
        "mahalle_id": "73_10",
        "mahalle_adi": "Yolçatı Mah (yolçatı Köyü)",
        "posta_kodu": "23150"
    },
    {
        "mahalle_id": "77_8",
        "mahalle_adi": "Yolüstü Mah (yolüstü Köyü)",
        "posta_kodu": "23350"
    },
    {
        "mahalle_id": "107_8",
        "mahalle_adi": "Yukarı Beyleruşağı Mah (sünköy Köyü)",
        "posta_kodu": "23350"
    },
    {
        "mahalle_id": "79_8",
        "mahalle_adi": "Yukarıbağ Mah (şeyhhacı Köyü)",
        "posta_kodu": "23350"
    },
    {
        "mahalle_id": "118_8",
        "mahalle_adi": "Yukarıçakmak Mah (merkez Mah) (yukarıçakmak Köyü)",
        "posta_kodu": "23350"
    },
    {
        "mahalle_id": "35_8",
        "mahalle_adi": "Yukarıdemirtaş Mah (yukarıdemirtaş Köyü)",
        "posta_kodu": "23350"
    },
    {
        "mahalle_id": "27_9",
        "mahalle_adi": "Yünlüce Mah (merkez Mah) (yünlüce Köyü)",
        "posta_kodu": "23250"
    },
    {
        "mahalle_id": "93_8",
        "mahalle_adi": "Yusuf Mah (beşikköy Köyü)",
        "posta_kodu": "23350"
    },
    {
        "mahalle_id": "8_12",
        "mahalle_adi": "Yüzbaşı Mah (akçakiraz Beldesi)",
        "posta_kodu": "23090"
    },
    {
        "mahalle_id": "9_12",
        "mahalle_adi": "Zafer Mah (akçakiraz Beldesi)",
        "posta_kodu": "23090"
    },
    {
        "mahalle_id": "48_10",
        "mahalle_adi": "Zeynikler Mah (öksüzuşağı Köyü)",
        "posta_kodu": "23150"
    }
]