[
    {
        "mahalle_id": "17_1",
        "mahalle_adi": "7 Mart Mah",
        "posta_kodu": "80750"
    },
    {
        "mahalle_id": "76_3",
        "mahalle_adi": "Acaroba Mah (kızyusuflu Köyü)",
        "posta_kodu": "80752"
    },
    {
        "mahalle_id": "99_3",
        "mahalle_adi": "Ağılkaya Mah (mezretli Köyü)",
        "posta_kodu": "80752"
    },
    {
        "mahalle_id": "27_3",
        "mahalle_adi": "Ağlıca Mah (değirmendere Köyü)",
        "posta_kodu": "80752"
    },
    {
        "mahalle_id": "12_3",
        "mahalle_adi": "Ahmetfakılar Mah (aydınlar Köyü)",
        "posta_kodu": "80752"
    },
    {
        "mahalle_id": "186_3",
        "mahalle_adi": "Ahmetsavrun Mah (kiremitli Köyü)",
        "posta_kodu": "80752"
    },
    {
        "mahalle_id": "192_3",
        "mahalle_adi": "Akarca Mah (yenigün Köyü)",
        "posta_kodu": "80752"
    },
    {
        "mahalle_id": "49_3",
        "mahalle_adi": "Akgedik Mah (kayasuyu Köyü)",
        "posta_kodu": "80752"
    },
    {
        "mahalle_id": "149_3",
        "mahalle_adi": "Akkızlar Mah (hardallık Köyü)",
        "posta_kodu": "80752"
    },
    {
        "mahalle_id": "145_3",
        "mahalle_adi": "Akköprü Köyü",
        "posta_kodu": "80752"
    },
    {
        "mahalle_id": "2_3",
        "mahalle_adi": "Akova Köyü",
        "posta_kodu": "80752"
    },
    {
        "mahalle_id": "82_3",
        "mahalle_adi": "Akpınar Mah (koçlu Köyü)",
        "posta_kodu": "80752"
    },
    {
        "mahalle_id": "20_3",
        "mahalle_adi": "Alabeyli Mah (çiğcik Köyü)",
        "posta_kodu": "80752"
    },
    {
        "mahalle_id": "59_3",
        "mahalle_adi": "Aliortaklı Mah (kesim Köyü)",
        "posta_kodu": "80752"
    },
    {
        "mahalle_id": "88_3",
        "mahalle_adi": "Alisayit Çiftliği Mah (mecidiye Köyü)",
        "posta_kodu": "80752"
    },
    {
        "mahalle_id": "62_3",
        "mahalle_adi": "Aliveliler Mah (kesim Köyü)",
        "posta_kodu": "80752"
    },
    {
        "mahalle_id": "97_3",
        "mahalle_adi": "Altunerler Mah (mezretli Köyü)",
        "posta_kodu": "80752"
    },
    {
        "mahalle_id": "3_3",
        "mahalle_adi": "Anberinarkı Köyü",
        "posta_kodu": "80752"
    },
    {
        "mahalle_id": "152_3",
        "mahalle_adi": "Aras Mah (kösepınarı Köyü)",
        "posta_kodu": "80752"
    },
    {
        "mahalle_id": "183_3",
        "mahalle_adi": "Arslantaş Mah (karatepe Köyü)",
        "posta_kodu": "80752"
    },
    {
        "mahalle_id": "51_3",
        "mahalle_adi": "Aşağı Köşkerli Tüysüzler Mah (kayasuyu Köyü)",
        "posta_kodu": "80752"
    },
    {
        "mahalle_id": "172_3",
        "mahalle_adi": "Aşağıbozkuyu Köyü",
        "posta_kodu": "80752"
    },
    {
        "mahalle_id": "4_3",
        "mahalle_adi": "Aşağıçayanlı Köyü",
        "posta_kodu": "80752"
    },
    {
        "mahalle_id": "60_3",
        "mahalle_adi": "Atasanlı Mah (kesim Köyü)",
        "posta_kodu": "80752"
    },
    {
        "mahalle_id": "174_3",
        "mahalle_adi": "Ayvacık Mah (değirmendere Köyü)",
        "posta_kodu": "80752"
    },
    {
        "mahalle_id": "13_3",
        "mahalle_adi": "Azaplı Köyü",
        "posta_kodu": "80752"
    },
    {
        "mahalle_id": "1_1",
        "mahalle_adi": "Bağ Mah",
        "posta_kodu": "80750"
    },
    {
        "mahalle_id": "7_3",
        "mahalle_adi": "Bahçeciler Mah (aydınlar Köyü)",
        "posta_kodu": "80752"
    },
    {
        "mahalle_id": "126_3",
        "mahalle_adi": "Baysun Karamüftüoğlu Çiftliği Mah (yeniköy Köyü)",
        "posta_kodu": "80752"
    },
    {
        "mahalle_id": "16_3",
        "mahalle_adi": "Bekereci Köyü",
        "posta_kodu": "80752"
    },
    {
        "mahalle_id": "142_3",
        "mahalle_adi": "Bozerler Mah (yukarıçayanlı Köyü)",
        "posta_kodu": "80752"
    },
    {
        "mahalle_id": "163_3",
        "mahalle_adi": "Çanaklı Mah (sarıtanışmanlı Köyü)",
        "posta_kodu": "80752"
    },
    {
        "mahalle_id": "153_3",
        "mahalle_adi": "Çatallar Mah (koçlu Köyü)",
        "posta_kodu": "80752"
    },
    {
        "mahalle_id": "147_3",
        "mahalle_adi": "Çaygeçit Köyü",
        "posta_kodu": "80752"
    },
    {
        "mahalle_id": "1_2",
        "mahalle_adi": "Cemalpaşa Mah",
        "posta_kodu": "80760"
    },
    {
        "mahalle_id": "2_1",
        "mahalle_adi": "Cengiz Topel Mah",
        "posta_kodu": "80750"
    },
    {
        "mahalle_id": "71_3",
        "mahalle_adi": "Cennetler Mah (kızyusuflu Köyü)",
        "posta_kodu": "80752"
    },
    {
        "mahalle_id": "193_3",
        "mahalle_adi": "Çevlik Mah (yenigün Köyü)",
        "posta_kodu": "80752"
    },
    {
        "mahalle_id": "173_3",
        "mahalle_adi": "Çiğdemli Köyü",
        "posta_kodu": "80752"
    },
    {
        "mahalle_id": "22_3",
        "mahalle_adi": "Çiğilli Mah (çiğdemli Köyü)",
        "posta_kodu": "80752"
    },
    {
        "mahalle_id": "8_3",
        "mahalle_adi": "Çildirler Mah (aydınlar Köyü)",
        "posta_kodu": "80752"
    },
    {
        "mahalle_id": "104_3",
        "mahalle_adi": "Çınar Deresi Mah (mezretli Köyü)",
        "posta_kodu": "80752"
    },
    {
        "mahalle_id": "18_3",
        "mahalle_adi": "Çınar Köyü",
        "posta_kodu": "80752"
    },
    {
        "mahalle_id": "25_3",
        "mahalle_adi": "Çınarlı Mah (değirmendere Köyü)",
        "posta_kodu": "80752"
    },
    {
        "mahalle_id": "141_3",
        "mahalle_adi": "Çinçikler Solaklar Mah (yukarıçayanlı Köyü)",
        "posta_kodu": "80752"
    },
    {
        "mahalle_id": "108_3",
        "mahalle_adi": "Çıplaklar Mah (öksüzlü Köyü)",
        "posta_kodu": "80752"
    },
    {
        "mahalle_id": "124_3",
        "mahalle_adi": "Çizmeliler Mah (yeniköy Köyü)",
        "posta_kodu": "80752"
    },
    {
        "mahalle_id": "79_3",
        "mahalle_adi": "Çolakerollar Mah (kızyusuflu Köyü)",
        "posta_kodu": "80752"
    },
    {
        "mahalle_id": "181_3",
        "mahalle_adi": "Çontarlar Mah (karakütük Köyü)",
        "posta_kodu": "80752"
    },
    {
        "mahalle_id": "11_3",
        "mahalle_adi": "Çöplüler Mah (aydınlar Köyü)",
        "posta_kodu": "80752"
    },
    {
        "mahalle_id": "17_3",
        "mahalle_adi": "Coşkunlar Köyü",
        "posta_kodu": "80752"
    },
    {
        "mahalle_id": "146_3",
        "mahalle_adi": "Çukurköprü Köyü",
        "posta_kodu": "80752"
    },
    {
        "mahalle_id": "154_3",
        "mahalle_adi": "Çukurören Mah (koçlu Köyü)",
        "posta_kodu": "80752"
    },
    {
        "mahalle_id": "69_3",
        "mahalle_adi": "Deliayşeler Mah (kesim Köyü)",
        "posta_kodu": "80752"
    },
    {
        "mahalle_id": "63_3",
        "mahalle_adi": "Demirciler Mah (kesim Köyü)",
        "posta_kodu": "80752"
    },
    {
        "mahalle_id": "3_1",
        "mahalle_adi": "Dere Mah",
        "posta_kodu": "80750"
    },
    {
        "mahalle_id": "53_3",
        "mahalle_adi": "Dere Mah (kayasuyu Köyü)",
        "posta_kodu": "80752"
    },
    {
        "mahalle_id": "182_3",
        "mahalle_adi": "Dertililer Mah (karakütük Köyü)",
        "posta_kodu": "80752"
    },
    {
        "mahalle_id": "4_1",
        "mahalle_adi": "Dervişpaşa Mah",
        "posta_kodu": "80750"
    },
    {
        "mahalle_id": "187_3",
        "mahalle_adi": "Devrişli Mah (kiremitli Köyü)",
        "posta_kodu": "80752"
    },
    {
        "mahalle_id": "137_3",
        "mahalle_adi": "Döğüş Gediği Mah (yukarıçayanlı Köyü)",
        "posta_kodu": "80752"
    },
    {
        "mahalle_id": "29_3",
        "mahalle_adi": "Durmuşsofular Köyü",
        "posta_kodu": "80752"
    },
    {
        "mahalle_id": "30_3",
        "mahalle_adi": "Elbistanlı Köyü",
        "posta_kodu": "80752"
    },
    {
        "mahalle_id": "128_3",
        "mahalle_adi": "Elmalıkayseri Mah (yoğunoluk Köyü)",
        "posta_kodu": "80752"
    },
    {
        "mahalle_id": "167_3",
        "mahalle_adi": "Ericek Mah (tahta Köyü)",
        "posta_kodu": "80752"
    },
    {
        "mahalle_id": "68_3",
        "mahalle_adi": "Fakılar Mah (kesim Köyü)",
        "posta_kodu": "80752"
    },
    {
        "mahalle_id": "19_3",
        "mahalle_adi": "Ganiağalar Mah (çiğcik Köyü)",
        "posta_kodu": "80752"
    },
    {
        "mahalle_id": "95_3",
        "mahalle_adi": "Gedik Mah (mehedinli Köyü)",
        "posta_kodu": "80752"
    },
    {
        "mahalle_id": "14_3",
        "mahalle_adi": "Gıraçobası Mah (bahadırlı Köyü)",
        "posta_kodu": "80752"
    },
    {
        "mahalle_id": "9_3",
        "mahalle_adi": "Göçmenler Mah (aydınlar Köyü)",
        "posta_kodu": "80752"
    },
    {
        "mahalle_id": "148_3",
        "mahalle_adi": "Göçmenler Mah (hardallık Köyü)",
        "posta_kodu": "80752"
    },
    {
        "mahalle_id": "161_3",
        "mahalle_adi": "Göçmenler Mah (kümbet Köyü)",
        "posta_kodu": "80752"
    },
    {
        "mahalle_id": "94_3",
        "mahalle_adi": "Gökalan Mah (mehedinli Köyü)",
        "posta_kodu": "80752"
    },
    {
        "mahalle_id": "160_3",
        "mahalle_adi": "Gökbüğet Mah (kösepınarı Köyü)",
        "posta_kodu": "80752"
    },
    {
        "mahalle_id": "23_3",
        "mahalle_adi": "Gözüböyüklü Mah (çiğdemli Köyü)",
        "posta_kodu": "80752"
    },
    {
        "mahalle_id": "127_3",
        "mahalle_adi": "Günece Mah (yoğunoluk Köyü)",
        "posta_kodu": "80752"
    },
    {
        "mahalle_id": "98_3",
        "mahalle_adi": "Güzeller Mah (mezretli Köyü)",
        "posta_kodu": "80752"
    },
    {
        "mahalle_id": "15_3",
        "mahalle_adi": "Hacıabdiler Mah (bahadırlı Köyü)",
        "posta_kodu": "80752"
    },
    {
        "mahalle_id": "61_3",
        "mahalle_adi": "Hacıahmetler Mah (kesim Köyü)",
        "posta_kodu": "80752"
    },
    {
        "mahalle_id": "37_3",
        "mahalle_adi": "Hacıhaliloğlu Köyü",
        "posta_kodu": "80752"
    },
    {
        "mahalle_id": "162_3",
        "mahalle_adi": "Hamam Mah (oruçbey Köyü)",
        "posta_kodu": "80752"
    },
    {
        "mahalle_id": "42_3",
        "mahalle_adi": "Harkaştığı Köyü",
        "posta_kodu": "80752"
    },
    {
        "mahalle_id": "34_3",
        "mahalle_adi": "Hasarkaya Mah (göztaşı Köyü)",
        "posta_kodu": "80752"
    },
    {
        "mahalle_id": "136_3",
        "mahalle_adi": "Hayvalı Mah (yukarıçayanlı Köyü)",
        "posta_kodu": "80752"
    },
    {
        "mahalle_id": "188_3",
        "mahalle_adi": "Hocalar Mah (kiremitli Köyü)",
        "posta_kodu": "80752"
    },
    {
        "mahalle_id": "65_3",
        "mahalle_adi": "İmirzeler Mah (kesim Köyü)",
        "posta_kodu": "80752"
    },
    {
        "mahalle_id": "116_3",
        "mahalle_adi": "İnci Mah (tahta Köyü)",
        "posta_kodu": "80752"
    },
    {
        "mahalle_id": "64_3",
        "mahalle_adi": "İncikler Mah (kesim Köyü)",
        "posta_kodu": "80752"
    },
    {
        "mahalle_id": "164_3",
        "mahalle_adi": "İsalar Mah (sarıtanışmanlı Köyü)",
        "posta_kodu": "80752"
    },
    {
        "mahalle_id": "139_3",
        "mahalle_adi": "İspirler Mah (yukarıçayanlı Köyü)",
        "posta_kodu": "80752"
    },
    {
        "mahalle_id": "155_3",
        "mahalle_adi": "İstanbulcık Mah (koçlu Köyü)",
        "posta_kodu": "80752"
    },
    {
        "mahalle_id": "151_3",
        "mahalle_adi": "Kabayar Köyü",
        "posta_kodu": "80752"
    },
    {
        "mahalle_id": "1_3",
        "mahalle_adi": "Kadirliosb Mah (yusufizzettin Köyü)",
        "posta_kodu": "80752"
    },
    {
        "mahalle_id": "26_3",
        "mahalle_adi": "Kale Mah (değirmendere Köyü)",
        "posta_kodu": "80752"
    },
    {
        "mahalle_id": "81_3",
        "mahalle_adi": "Kalealtı Mah (koçlu Köyü)",
        "posta_kodu": "80752"
    },
    {
        "mahalle_id": "43_3",
        "mahalle_adi": "Karabacak Köyü",
        "posta_kodu": "80752"
    },
    {
        "mahalle_id": "46_3",
        "mahalle_adi": "Karacaaliler Mah (karakütük Köyü)",
        "posta_kodu": "80752"
    },
    {
        "mahalle_id": "41_3",
        "mahalle_adi": "Karaceliler Mah (halitağalar Köyü)",
        "posta_kodu": "80752"
    },
    {
        "mahalle_id": "165_3",
        "mahalle_adi": "Karafakıllar Mah (sarıtanışmanlı Köyü)",
        "posta_kodu": "80752"
    },
    {
        "mahalle_id": "180_3",
        "mahalle_adi": "Karakütük Köyü",
        "posta_kodu": "80752"
    },
    {
        "mahalle_id": "33_3",
        "mahalle_adi": "Karapınar Mah (göztaşı Köyü)",
        "posta_kodu": "80752"
    },
    {
        "mahalle_id": "40_3",
        "mahalle_adi": "Karataylar Mah (halitağalar Köyü)",
        "posta_kodu": "80752"
    },
    {
        "mahalle_id": "184_3",
        "mahalle_adi": "Karatepe Köyü",
        "posta_kodu": "80752"
    },
    {
        "mahalle_id": "135_3",
        "mahalle_adi": "Karatopaklı Mah (yukarıçayanlı Köyü)",
        "posta_kodu": "80752"
    },
    {
        "mahalle_id": "102_3",
        "mahalle_adi": "Karayılanlı Mah (mezretli Köyü)",
        "posta_kodu": "80752"
    },
    {
        "mahalle_id": "5_3",
        "mahalle_adi": "Kartın Mah (aydınlar Köyü)",
        "posta_kodu": "80752"
    },
    {
        "mahalle_id": "131_3",
        "mahalle_adi": "Kaş Mah (yoğunoluk Köyü)",
        "posta_kodu": "80752"
    },
    {
        "mahalle_id": "132_3",
        "mahalle_adi": "Kastal Mah (yoğunoluk Köyü)",
        "posta_kodu": "80752"
    },
    {
        "mahalle_id": "100_3",
        "mahalle_adi": "Kepirler Mah (mezretli Köyü)",
        "posta_kodu": "80752"
    },
    {
        "mahalle_id": "57_3",
        "mahalle_adi": "Kerimli Köyü",
        "posta_kodu": "80752"
    },
    {
        "mahalle_id": "58_3",
        "mahalle_adi": "Kesikkeli Köyü",
        "posta_kodu": "80752"
    },
    {
        "mahalle_id": "91_3",
        "mahalle_adi": "Kesmeli Tepe Mah (mehedinli Köyü)",
        "posta_kodu": "80752"
    },
    {
        "mahalle_id": "80_3",
        "mahalle_adi": "Kiremitli Köyü",
        "posta_kodu": "80752"
    },
    {
        "mahalle_id": "78_3",
        "mahalle_adi": "Kıstılar Mah (kızyusuflu Köyü)",
        "posta_kodu": "80752"
    },
    {
        "mahalle_id": "194_3",
        "mahalle_adi": "Kocaaliler Mah (yenigün Köyü)",
        "posta_kodu": "80752"
    },
    {
        "mahalle_id": "156_3",
        "mahalle_adi": "Kocaboğalar Mah (koçlu Köyü)",
        "posta_kodu": "80752"
    },
    {
        "mahalle_id": "103_3",
        "mahalle_adi": "Konaklı Mah (mezretli Köyü)",
        "posta_kodu": "80752"
    },
    {
        "mahalle_id": "47_3",
        "mahalle_adi": "Köraliuşağı Mah (karakütük Köyü)",
        "posta_kodu": "80752"
    },
    {
        "mahalle_id": "86_3",
        "mahalle_adi": "Kösepınarı Köyü",
        "posta_kodu": "80752"
    },
    {
        "mahalle_id": "56_3",
        "mahalle_adi": "Köşkerli Mah (kayasuyu Köyü)",
        "posta_kodu": "80752"
    },
    {
        "mahalle_id": "87_3",
        "mahalle_adi": "Kümbet Köyü",
        "posta_kodu": "80752"
    },
    {
        "mahalle_id": "5_1",
        "mahalle_adi": "Kurtuluş Mah",
        "posta_kodu": "80750"
    },
    {
        "mahalle_id": "175_3",
        "mahalle_adi": "Maksutoluğu Mah (değirmendere Köyü)",
        "posta_kodu": "80752"
    },
    {
        "mahalle_id": "6_3",
        "mahalle_adi": "Merkez Mah (aydınlar Köyü)",
        "posta_kodu": "80752"
    },
    {
        "mahalle_id": "21_3",
        "mahalle_adi": "Merkez Mah (çiğcik Köyü)",
        "posta_kodu": "80752"
    },
    {
        "mahalle_id": "24_3",
        "mahalle_adi": "Merkez Mah (değirmendere Köyü)",
        "posta_kodu": "80752"
    },
    {
        "mahalle_id": "31_3",
        "mahalle_adi": "Merkez Mah (erdoğdu Köyü)",
        "posta_kodu": "80752"
    },
    {
        "mahalle_id": "36_3",
        "mahalle_adi": "Merkez Mah (göztaşı Köyü)",
        "posta_kodu": "80752"
    },
    {
        "mahalle_id": "38_3",
        "mahalle_adi": "Merkez Mah (halitağalar Köyü)",
        "posta_kodu": "80752"
    },
    {
        "mahalle_id": "150_3",
        "mahalle_adi": "Merkez Mah (hardallık Köyü)",
        "posta_kodu": "80752"
    },
    {
        "mahalle_id": "54_3",
        "mahalle_adi": "Merkez Mah (kayasuyu Köyü)",
        "posta_kodu": "80752"
    },
    {
        "mahalle_id": "83_3",
        "mahalle_adi": "Merkez Mah (koçlu Köyü)",
        "posta_kodu": "80752"
    },
    {
        "mahalle_id": "90_3",
        "mahalle_adi": "Merkez Mah (mecidiye Köyü)",
        "posta_kodu": "80752"
    },
    {
        "mahalle_id": "106_3",
        "mahalle_adi": "Merkez Mah (oruçbey Köyü)",
        "posta_kodu": "80752"
    },
    {
        "mahalle_id": "111_3",
        "mahalle_adi": "Merkez Mah (sofular Köyü)",
        "posta_kodu": "80752"
    },
    {
        "mahalle_id": "115_3",
        "mahalle_adi": "Merkez Mah (tahta Köyü)",
        "posta_kodu": "80752"
    },
    {
        "mahalle_id": "169_3",
        "mahalle_adi": "Merkez Mah (topraktepe Köyü)",
        "posta_kodu": "80752"
    },
    {
        "mahalle_id": "120_3",
        "mahalle_adi": "Merkez Mah (tozlu Köyü)",
        "posta_kodu": "80752"
    },
    {
        "mahalle_id": "130_3",
        "mahalle_adi": "Merkez Mah (yoğunoluk Köyü)",
        "posta_kodu": "80752"
    },
    {
        "mahalle_id": "144_3",
        "mahalle_adi": "Merkez Mah (yusufizzettin Köyü)",
        "posta_kodu": "80752"
    },
    {
        "mahalle_id": "55_3",
        "mahalle_adi": "Mezililer Mah (kayasuyu Köyü)",
        "posta_kodu": "80752"
    },
    {
        "mahalle_id": "101_3",
        "mahalle_adi": "Mezretli Mah (mezretli Köyü)",
        "posta_kodu": "80752"
    },
    {
        "mahalle_id": "93_3",
        "mahalle_adi": "Murtlutarla Mah (mehedinli Köyü)",
        "posta_kodu": "80752"
    },
    {
        "mahalle_id": "105_3",
        "mahalle_adi": "Narlıkışla Köyü",
        "posta_kodu": "80752"
    },
    {
        "mahalle_id": "166_3",
        "mahalle_adi": "Nurcular Mah (sarıtanışmanlı Köyü)",
        "posta_kodu": "80752"
    },
    {
        "mahalle_id": "107_3",
        "mahalle_adi": "Öksüzler Mah (öksüzlü Köyü)",
        "posta_kodu": "80752"
    },
    {
        "mahalle_id": "158_3",
        "mahalle_adi": "Olucakgediği Mah (kösepınarı Köyü)",
        "posta_kodu": "80752"
    },
    {
        "mahalle_id": "73_3",
        "mahalle_adi": "Ören Mah (kızyusuflu Köyü)",
        "posta_kodu": "80752"
    },
    {
        "mahalle_id": "191_3",
        "mahalle_adi": "Orta Mahalle (tozlu Köyü)",
        "posta_kodu": "80752"
    },
    {
        "mahalle_id": "109_3",
        "mahalle_adi": "Özdemirler Mah (öksüzlü Köyü)",
        "posta_kodu": "80752"
    },
    {
        "mahalle_id": "143_3",
        "mahalle_adi": "Pampallı Mah (yusufizzettin Köyü)",
        "posta_kodu": "80752"
    },
    {
        "mahalle_id": "6_1",
        "mahalle_adi": "Pazar Mah",
        "posta_kodu": "80750"
    },
    {
        "mahalle_id": "114_3",
        "mahalle_adi": "Pürçek Mah (tahta Köyü)",
        "posta_kodu": "80752"
    },
    {
        "mahalle_id": "189_3",
        "mahalle_adi": "Rifat Mah (kiremitli Köyü)",
        "posta_kodu": "80752"
    },
    {
        "mahalle_id": "113_3",
        "mahalle_adi": "Şahaplı Köyü",
        "posta_kodu": "80752"
    },
    {
        "mahalle_id": "67_3",
        "mahalle_adi": "Saltalılar Mah (kesim Köyü)",
        "posta_kodu": "80752"
    },
    {
        "mahalle_id": "44_3",
        "mahalle_adi": "Sarıböğsek Mah (karakütük Köyü)",
        "posta_kodu": "80752"
    },
    {
        "mahalle_id": "45_3",
        "mahalle_adi": "Sarıcaferli Mah (karakütük Köyü)",
        "posta_kodu": "80752"
    },
    {
        "mahalle_id": "48_3",
        "mahalle_adi": "Sarıdüz Mah (karatepe Köyü)",
        "posta_kodu": "80752"
    },
    {
        "mahalle_id": "125_3",
        "mahalle_adi": "Sarıkızlar Mah (yeniköy Köyü)",
        "posta_kodu": "80752"
    },
    {
        "mahalle_id": "110_3",
        "mahalle_adi": "Sarıtanışmanlı Köyü",
        "posta_kodu": "80752"
    },
    {
        "mahalle_id": "7_1",
        "mahalle_adi": "Savrun Mah",
        "posta_kodu": "80750"
    },
    {
        "mahalle_id": "2_2",
        "mahalle_adi": "Şehit Halis Şişman Mah",
        "posta_kodu": "80760"
    },
    {
        "mahalle_id": "8_1",
        "mahalle_adi": "Şehit İbrahim Kundakçı Mah",
        "posta_kodu": "80750"
    },
    {
        "mahalle_id": "3_2",
        "mahalle_adi": "Şehit Kansu Küçükateş Mah",
        "posta_kodu": "80760"
    },
    {
        "mahalle_id": "9_1",
        "mahalle_adi": "Şehit Mehmet Delikuş Mah",
        "posta_kodu": "80750"
    },
    {
        "mahalle_id": "10_1",
        "mahalle_adi": "Şehit Mehmet Hallaç Mah",
        "posta_kodu": "80750"
    },
    {
        "mahalle_id": "11_1",
        "mahalle_adi": "Şehit Mustafa Yağız Mah",
        "posta_kodu": "80750"
    },
    {
        "mahalle_id": "12_1",
        "mahalle_adi": "Şehit Orhan Gök Mah",
        "posta_kodu": "80750"
    },
    {
        "mahalle_id": "13_1",
        "mahalle_adi": "Şehit Vedat Kocadallı Mah",
        "posta_kodu": "80750"
    },
    {
        "mahalle_id": "138_3",
        "mahalle_adi": "Semerciler Mah (yukarıçayanlı Köyü)",
        "posta_kodu": "80752"
    },
    {
        "mahalle_id": "75_3",
        "mahalle_adi": "Siteler Mah (kızyusuflu Köyü)",
        "posta_kodu": "80752"
    },
    {
        "mahalle_id": "72_3",
        "mahalle_adi": "Siteler Su Sporları Merkezi Mah (kızyusuflu Köyü)",
        "posta_kodu": "80752"
    },
    {
        "mahalle_id": "159_3",
        "mahalle_adi": "Sıyrıngaç Mah (kösepınarı Köyü)",
        "posta_kodu": "80752"
    },
    {
        "mahalle_id": "190_3",
        "mahalle_adi": "Soğancılar Mah (kiremitli Köyü)",
        "posta_kodu": "80752"
    },
    {
        "mahalle_id": "112_3",
        "mahalle_adi": "Söğütlüdere Köyü",
        "posta_kodu": "80752"
    },
    {
        "mahalle_id": "28_3",
        "mahalle_adi": "Söğütoluğu Mah (değirmendere Köyü)",
        "posta_kodu": "80752"
    },
    {
        "mahalle_id": "39_3",
        "mahalle_adi": "Soysallı Mah (halitağalar Köyü)",
        "posta_kodu": "80752"
    },
    {
        "mahalle_id": "84_3",
        "mahalle_adi": "Süleymanlı Mah (koçlu Köyü)",
        "posta_kodu": "80752"
    },
    {
        "mahalle_id": "50_3",
        "mahalle_adi": "Tapsızlar Mah (kayasuyu Köyü)",
        "posta_kodu": "80752"
    },
    {
        "mahalle_id": "117_3",
        "mahalle_adi": "Tatarlı Köyü",
        "posta_kodu": "80752"
    },
    {
        "mahalle_id": "35_3",
        "mahalle_adi": "Teberik Mah (göztaşı Köyü)",
        "posta_kodu": "80752"
    },
    {
        "mahalle_id": "118_3",
        "mahalle_adi": "Tekeli Köyü",
        "posta_kodu": "80752"
    },
    {
        "mahalle_id": "134_3",
        "mahalle_adi": "Tekerekli Mah (yukarıçayanlı Köyü)",
        "posta_kodu": "80752"
    },
    {
        "mahalle_id": "92_3",
        "mahalle_adi": "Teslimeler Mah (mehedinli Köyü)",
        "posta_kodu": "80752"
    },
    {
        "mahalle_id": "119_3",
        "mahalle_adi": "Tıbılılar Mah (topraktepe Köyü)",
        "posta_kodu": "80752"
    },
    {
        "mahalle_id": "77_3",
        "mahalle_adi": "Topalahmetler Mah (kızyusuflu Köyü)",
        "posta_kodu": "80752"
    },
    {
        "mahalle_id": "157_3",
        "mahalle_adi": "Torunlar Mah (koçlu Köyü)",
        "posta_kodu": "80752"
    },
    {
        "mahalle_id": "70_3",
        "mahalle_adi": "Tosbağlı Mah (kızyusuflu Köyü)",
        "posta_kodu": "80752"
    },
    {
        "mahalle_id": "10_3",
        "mahalle_adi": "Tüccar Mah (aydınlar Köyü)",
        "posta_kodu": "80752"
    },
    {
        "mahalle_id": "14_1",
        "mahalle_adi": "Tufanpaşa Mah",
        "posta_kodu": "80750"
    },
    {
        "mahalle_id": "176_3",
        "mahalle_adi": "Turna Mah (değirmendere Köyü)",
        "posta_kodu": "80752"
    },
    {
        "mahalle_id": "177_3",
        "mahalle_adi": "Üçtepe Mah (göztaşı Köyü)",
        "posta_kodu": "80752"
    },
    {
        "mahalle_id": "140_3",
        "mahalle_adi": "Üdürükler Mah (yukarıçayanlı Köyü)",
        "posta_kodu": "80752"
    },
    {
        "mahalle_id": "85_3",
        "mahalle_adi": "Üzümlü Mah (koçlu Köyü)",
        "posta_kodu": "80752"
    },
    {
        "mahalle_id": "170_3",
        "mahalle_adi": "Vahapoğlu Mah (topraktepe Köyü)",
        "posta_kodu": "80752"
    },
    {
        "mahalle_id": "121_3",
        "mahalle_adi": "Vayvaylı Köyü",
        "posta_kodu": "80752"
    },
    {
        "mahalle_id": "66_3",
        "mahalle_adi": "Veliler Çolaklar Mah (kesim Köyü)",
        "posta_kodu": "80752"
    },
    {
        "mahalle_id": "122_3",
        "mahalle_adi": "Yalnızdut Köyü",
        "posta_kodu": "80752"
    },
    {
        "mahalle_id": "178_3",
        "mahalle_adi": "Yanıklar Mah (harkaştığı Köyü)",
        "posta_kodu": "80752"
    },
    {
        "mahalle_id": "168_3",
        "mahalle_adi": "Yapalak Mah (tahta Köyü)",
        "posta_kodu": "80752"
    },
    {
        "mahalle_id": "32_3",
        "mahalle_adi": "Yarmadibi Mah (erdoğdu Köyü)",
        "posta_kodu": "80752"
    },
    {
        "mahalle_id": "74_3",
        "mahalle_adi": "Yaylapınarı Mah (kızyusuflu Köyü)",
        "posta_kodu": "80752"
    },
    {
        "mahalle_id": "96_3",
        "mahalle_adi": "Yazdamı Mah (mehedinli Köyü)",
        "posta_kodu": "80752"
    },
    {
        "mahalle_id": "15_1",
        "mahalle_adi": "Yeni Mah",
        "posta_kodu": "80750"
    },
    {
        "mahalle_id": "123_3",
        "mahalle_adi": "Yenigün Köyü",
        "posta_kodu": "80752"
    },
    {
        "mahalle_id": "89_3",
        "mahalle_adi": "Yeniyer Mah (mecidiye Köyü)",
        "posta_kodu": "80752"
    },
    {
        "mahalle_id": "16_1",
        "mahalle_adi": "Yeşiltepe Mah",
        "posta_kodu": "80750"
    },
    {
        "mahalle_id": "185_3",
        "mahalle_adi": "Yeşilyurt Mah (kerimli Köyü)",
        "posta_kodu": "80752"
    },
    {
        "mahalle_id": "171_3",
        "mahalle_adi": "Yozcular Mah (topraktepe Köyü)",
        "posta_kodu": "80752"
    },
    {
        "mahalle_id": "133_3",
        "mahalle_adi": "Yukarıbozkuyu Köyü",
        "posta_kodu": "80752"
    },
    {
        "mahalle_id": "52_3",
        "mahalle_adi": "Zeynepli Mah (kayasuyu Köyü)",
        "posta_kodu": "80752"
    },
    {
        "mahalle_id": "129_3",
        "mahalle_adi": "Zindeğen Mah (yoğunoluk Köyü)",
        "posta_kodu": "80752"
    },
    {
        "mahalle_id": "179_3",
        "mahalle_adi": "Ziyanlı Mah (harkaştığı Köyü)",
        "posta_kodu": "80752"
    }
]