[
    {
        "mahalle_id": "141_2",
        "mahalle_adi": "Abaza Mah (direkli Köyü)",
        "posta_kodu": "57902"
    },
    {
        "mahalle_id": "147_2",
        "mahalle_adi": "Aca Mah (düz Köyü)",
        "posta_kodu": "57902"
    },
    {
        "mahalle_id": "137_2",
        "mahalle_adi": "Ağa Mah (ayaz Köyü)",
        "posta_kodu": "57902"
    },
    {
        "mahalle_id": "169_2",
        "mahalle_adi": "Akbudak Mah (taşgüney Köyü)",
        "posta_kodu": "57902"
    },
    {
        "mahalle_id": "168_2",
        "mahalle_adi": "Aktaş Mah (taşgüney Köyü)",
        "posta_kodu": "57902"
    },
    {
        "mahalle_id": "102_2",
        "mahalle_adi": "Apdi Mah (turhan Köyü)",
        "posta_kodu": "57902"
    },
    {
        "mahalle_id": "22_2",
        "mahalle_adi": "Araplar Mah (çatakgüney Köyü)",
        "posta_kodu": "57902"
    },
    {
        "mahalle_id": "4_2",
        "mahalle_adi": "Arpatarlası Mah (çatakgeriş Köyü)",
        "posta_kodu": "57902"
    },
    {
        "mahalle_id": "68_2",
        "mahalle_adi": "Aşağı Mah (ışıklı Köyü)",
        "posta_kodu": "57902"
    },
    {
        "mahalle_id": "132_2",
        "mahalle_adi": "Aşağı Marbel Mah (akçabük Köyü)",
        "posta_kodu": "57902"
    },
    {
        "mahalle_id": "98_2",
        "mahalle_adi": "Aşpişen Mah (sazkışla Köyü)",
        "posta_kodu": "57902"
    },
    {
        "mahalle_id": "173_2",
        "mahalle_adi": "Ayan Çeşme Mah (yusuflu Köyü)",
        "posta_kodu": "57902"
    },
    {
        "mahalle_id": "25_2",
        "mahalle_adi": "Aydağlar Mah (çatakörencik Köyü)",
        "posta_kodu": "57902"
    },
    {
        "mahalle_id": "90_2",
        "mahalle_adi": "Aydınoğlu Mah (sarmaşık Köyü)",
        "posta_kodu": "57902"
    },
    {
        "mahalle_id": "171_2",
        "mahalle_adi": "Balaycık Mah (yusuflu Köyü)",
        "posta_kodu": "57902"
    },
    {
        "mahalle_id": "48_2",
        "mahalle_adi": "Baş Cible Mah (gökçealan Köyü)",
        "posta_kodu": "57902"
    },
    {
        "mahalle_id": "29_2",
        "mahalle_adi": "Başocak Mah (düzler Köyü)",
        "posta_kodu": "57902"
    },
    {
        "mahalle_id": "89_2",
        "mahalle_adi": "Bekiroğlu Mah (sarmaşık Köyü)",
        "posta_kodu": "57902"
    },
    {
        "mahalle_id": "2_2",
        "mahalle_adi": "Bilgili Mah (alagöz Köyü)",
        "posta_kodu": "57902"
    },
    {
        "mahalle_id": "108_2",
        "mahalle_adi": "Birnit Mah (turhan Köyü)",
        "posta_kodu": "57902"
    },
    {
        "mahalle_id": "87_2",
        "mahalle_adi": "Çağlayan Mah (oymayaka Köyü)",
        "posta_kodu": "57902"
    },
    {
        "mahalle_id": "47_2",
        "mahalle_adi": "Cami Yanı Mah (gökçealan Köyü)",
        "posta_kodu": "57902"
    },
    {
        "mahalle_id": "152_2",
        "mahalle_adi": "Çarşamba Mah (karabey Köyü)",
        "posta_kodu": "57902"
    },
    {
        "mahalle_id": "154_2",
        "mahalle_adi": "Çatakdüzü Mah (karabey Köyü)",
        "posta_kodu": "57902"
    },
    {
        "mahalle_id": "138_2",
        "mahalle_adi": "Çay Mah (ayaz Köyü)",
        "posta_kodu": "57902"
    },
    {
        "mahalle_id": "19_2",
        "mahalle_adi": "Çay Mah (çatakgüney Köyü)",
        "posta_kodu": "57902"
    },
    {
        "mahalle_id": "103_2",
        "mahalle_adi": "Çay Mah (turhan Köyü)",
        "posta_kodu": "57902"
    },
    {
        "mahalle_id": "39_2",
        "mahalle_adi": "Çayağzı Mah (gencek Köyü)",
        "posta_kodu": "57902"
    },
    {
        "mahalle_id": "64_2",
        "mahalle_adi": "Çayırlar Mah (hamamlı Köyü)",
        "posta_kodu": "57902"
    },
    {
        "mahalle_id": "8_2",
        "mahalle_adi": "Çayla Mah (çatakgeriş Köyü)",
        "posta_kodu": "57902"
    },
    {
        "mahalle_id": "150_2",
        "mahalle_adi": "Cayla Mah (düz Köyü)",
        "posta_kodu": "57902"
    },
    {
        "mahalle_id": "28_2",
        "mahalle_adi": "Celaller Mah (çatakörencik Köyü)",
        "posta_kodu": "57902"
    },
    {
        "mahalle_id": "33_2",
        "mahalle_adi": "Çeşmeli Mah (düzler Köyü)",
        "posta_kodu": "57902"
    },
    {
        "mahalle_id": "94_2",
        "mahalle_adi": "Çınar Mah (satı Köyü)",
        "posta_kodu": "57902"
    },
    {
        "mahalle_id": "50_2",
        "mahalle_adi": "Cizmeci Mah (gökçealan Köyü)",
        "posta_kodu": "57902"
    },
    {
        "mahalle_id": "69_2",
        "mahalle_adi": "Çolaklar Mah (ışıklı Köyü)",
        "posta_kodu": "57902"
    },
    {
        "mahalle_id": "91_2",
        "mahalle_adi": "Çolakoğlu Mah (sarmaşık Köyü)",
        "posta_kodu": "57902"
    },
    {
        "mahalle_id": "76_2",
        "mahalle_adi": "Çömez Mah (kuşçular Köyü)",
        "posta_kodu": "57902"
    },
    {
        "mahalle_id": "148_2",
        "mahalle_adi": "Cöve Mah (düz Köyü)",
        "posta_kodu": "57902"
    },
    {
        "mahalle_id": "121_2",
        "mahalle_adi": "Dayı Mah (yazıcı Köyü)",
        "posta_kodu": "57902"
    },
    {
        "mahalle_id": "142_2",
        "mahalle_adi": "De Mah (direkli Köyü)",
        "posta_kodu": "57902"
    },
    {
        "mahalle_id": "134_2",
        "mahalle_adi": "Demirci Mah (akçabük Köyü)",
        "posta_kodu": "57902"
    },
    {
        "mahalle_id": "105_2",
        "mahalle_adi": "Demirci Mah (turhan Köyü)",
        "posta_kodu": "57902"
    },
    {
        "mahalle_id": "79_2",
        "mahalle_adi": "Demirkapı Mah (kuz Köyü)",
        "posta_kodu": "57902"
    },
    {
        "mahalle_id": "120_2",
        "mahalle_adi": "Dibek Yanı Mah (yazıcı Köyü)",
        "posta_kodu": "57902"
    },
    {
        "mahalle_id": "63_2",
        "mahalle_adi": "Düre Mah (hacı Köyü)",
        "posta_kodu": "57902"
    },
    {
        "mahalle_id": "118_2",
        "mahalle_adi": "Düz Tarla Mah (yazıcı Köyü)",
        "posta_kodu": "57902"
    },
    {
        "mahalle_id": "88_2",
        "mahalle_adi": "Ebe Mah (sarmaşık Köyü)",
        "posta_kodu": "57902"
    },
    {
        "mahalle_id": "45_2",
        "mahalle_adi": "Ekse Mah (gökçealan Köyü)",
        "posta_kodu": "57902"
    },
    {
        "mahalle_id": "172_2",
        "mahalle_adi": "Emrelli Mah (yusuflu Köyü)",
        "posta_kodu": "57902"
    },
    {
        "mahalle_id": "167_2",
        "mahalle_adi": "Erdoğdu Mah (taşgüney Köyü)",
        "posta_kodu": "57902"
    },
    {
        "mahalle_id": "140_2",
        "mahalle_adi": "Eski Ayadon Mah (direkli Köyü)",
        "posta_kodu": "57902"
    },
    {
        "mahalle_id": "52_2",
        "mahalle_adi": "Eyrek Mah (gökçealan Köyü)",
        "posta_kodu": "57902"
    },
    {
        "mahalle_id": "136_2",
        "mahalle_adi": "Fakıoğlu Mah (ayaz Köyü)",
        "posta_kodu": "57902"
    },
    {
        "mahalle_id": "109_2",
        "mahalle_adi": "Gedoy Mah (turhan Köyü)",
        "posta_kodu": "57902"
    },
    {
        "mahalle_id": "1_1",
        "mahalle_adi": "Gemiyanı Mah",
        "posta_kodu": "57900"
    },
    {
        "mahalle_id": "16_2",
        "mahalle_adi": "Gergü Mah (çatakgüney Köyü)",
        "posta_kodu": "57902"
    },
    {
        "mahalle_id": "17_2",
        "mahalle_adi": "Geriş Harman Mah (çatakgüney Köyü)",
        "posta_kodu": "57902"
    },
    {
        "mahalle_id": "53_2",
        "mahalle_adi": "Geriş Mah (gündoğdu Köyü)",
        "posta_kodu": "57902"
    },
    {
        "mahalle_id": "41_2",
        "mahalle_adi": "Gölgeci Mah (gökçealan Köyü)",
        "posta_kodu": "57902"
    },
    {
        "mahalle_id": "158_2",
        "mahalle_adi": "Görköy Mah (kayabaşı Köyü)",
        "posta_kodu": "57902"
    },
    {
        "mahalle_id": "86_2",
        "mahalle_adi": "Güllü Su Mah (oymayaka Köyü)",
        "posta_kodu": "57902"
    },
    {
        "mahalle_id": "81_2",
        "mahalle_adi": "Gültepe Mah (kuz Köyü)",
        "posta_kodu": "57902"
    },
    {
        "mahalle_id": "5_2",
        "mahalle_adi": "Gümle Mah (çatakgeriş Köyü)",
        "posta_kodu": "57902"
    },
    {
        "mahalle_id": "107_2",
        "mahalle_adi": "Güney Mah (turhan Köyü)",
        "posta_kodu": "57902"
    },
    {
        "mahalle_id": "111_2",
        "mahalle_adi": "Gürcüler Mah (yapraklı Köyü)",
        "posta_kodu": "57902"
    },
    {
        "mahalle_id": "2_1",
        "mahalle_adi": "Güzelyurt Mah",
        "posta_kodu": "57900"
    },
    {
        "mahalle_id": "56_2",
        "mahalle_adi": "Hacılar Mah (gündoğdu Köyü)",
        "posta_kodu": "57902"
    },
    {
        "mahalle_id": "11_2",
        "mahalle_adi": "Hamuzlar Mah (çatakgeriş Köyü)",
        "posta_kodu": "57902"
    },
    {
        "mahalle_id": "31_2",
        "mahalle_adi": "Harmanyanı Mah (düzler Köyü)",
        "posta_kodu": "57902"
    },
    {
        "mahalle_id": "78_2",
        "mahalle_adi": "Hasan Dağı Mah (kuz Köyü)",
        "posta_kodu": "57902"
    },
    {
        "mahalle_id": "18_2",
        "mahalle_adi": "Hatip Mah (çatakgüney Köyü)",
        "posta_kodu": "57902"
    },
    {
        "mahalle_id": "165_2",
        "mahalle_adi": "Hatip Mah (taşgüney Köyü)",
        "posta_kodu": "57902"
    },
    {
        "mahalle_id": "30_2",
        "mahalle_adi": "Hocaköy Mah (düzler Köyü)",
        "posta_kodu": "57902"
    },
    {
        "mahalle_id": "38_2",
        "mahalle_adi": "Hösgüden Mah (gencek Köyü)",
        "posta_kodu": "57902"
    },
    {
        "mahalle_id": "49_2",
        "mahalle_adi": "Kabaoğlu Mah (gökçealan Köyü)",
        "posta_kodu": "57902"
    },
    {
        "mahalle_id": "71_2",
        "mahalle_adi": "Kabbez Mah (ışıklı Köyü)",
        "posta_kodu": "57902"
    },
    {
        "mahalle_id": "113_2",
        "mahalle_adi": "Kalaycı Mah (yapraklı Köyü)",
        "posta_kodu": "57902"
    },
    {
        "mahalle_id": "164_2",
        "mahalle_adi": "Kapan Mah (taçahmet Köyü)",
        "posta_kodu": "57902"
    },
    {
        "mahalle_id": "117_2",
        "mahalle_adi": "Karaşlar Mah (yazıcı Köyü)",
        "posta_kodu": "57902"
    },
    {
        "mahalle_id": "149_2",
        "mahalle_adi": "Karşı Mah (düz Köyü)",
        "posta_kodu": "57902"
    },
    {
        "mahalle_id": "163_2",
        "mahalle_adi": "Karşı Mah (taçahmet Köyü)",
        "posta_kodu": "57902"
    },
    {
        "mahalle_id": "119_2",
        "mahalle_adi": "Karşı Mah (yazıcı Köyü)",
        "posta_kodu": "57902"
    },
    {
        "mahalle_id": "131_2",
        "mahalle_adi": "Kaya Mah (akçabük Köyü)",
        "posta_kodu": "57902"
    },
    {
        "mahalle_id": "159_2",
        "mahalle_adi": "Kayadibi Mah (kayabaşı Köyü)",
        "posta_kodu": "57902"
    },
    {
        "mahalle_id": "77_2",
        "mahalle_adi": "Kayracı Mah (kuşçular Köyü)",
        "posta_kodu": "57902"
    },
    {
        "mahalle_id": "175_2",
        "mahalle_adi": "Keş Köyü",
        "posta_kodu": "57902"
    },
    {
        "mahalle_id": "21_2",
        "mahalle_adi": "Kestanecik Mah (çatakgüney Köyü)",
        "posta_kodu": "57902"
    },
    {
        "mahalle_id": "143_2",
        "mahalle_adi": "Kilise Arkası Mah (direkli Köyü)",
        "posta_kodu": "57902"
    },
    {
        "mahalle_id": "106_2",
        "mahalle_adi": "Kıran Mah (turhan Köyü)",
        "posta_kodu": "57902"
    },
    {
        "mahalle_id": "100_2",
        "mahalle_adi": "Kışla Mah (sazkışla Köyü)",
        "posta_kodu": "57902"
    },
    {
        "mahalle_id": "146_2",
        "mahalle_adi": "Koca Mah (düz Köyü)",
        "posta_kodu": "57902"
    },
    {
        "mahalle_id": "161_2",
        "mahalle_adi": "Kocadüzü Mah (taçahmet Köyü)",
        "posta_kodu": "57902"
    },
    {
        "mahalle_id": "9_2",
        "mahalle_adi": "Köseköy Mah (çatakgeriş Köyü)",
        "posta_kodu": "57902"
    },
    {
        "mahalle_id": "51_2",
        "mahalle_adi": "Köseoğlu Mah (gökçealan Köyü)",
        "posta_kodu": "57902"
    },
    {
        "mahalle_id": "62_2",
        "mahalle_adi": "Köseretaşı Mah (hacı Köyü)",
        "posta_kodu": "57902"
    },
    {
        "mahalle_id": "75_2",
        "mahalle_adi": "Koz Sökü Mah (kuşçular Köyü)",
        "posta_kodu": "57902"
    },
    {
        "mahalle_id": "124_2",
        "mahalle_adi": "Kurtköy Mah (yeşiloba Köyü)",
        "posta_kodu": "57902"
    },
    {
        "mahalle_id": "126_2",
        "mahalle_adi": "Kurvana Mah (yeşiloba Köyü)",
        "posta_kodu": "57902"
    },
    {
        "mahalle_id": "7_2",
        "mahalle_adi": "Kütülep Mah (çatakgeriş Köyü)",
        "posta_kodu": "57902"
    },
    {
        "mahalle_id": "44_2",
        "mahalle_adi": "Kuz Mah (gökçealan Köyü)",
        "posta_kodu": "57902"
    },
    {
        "mahalle_id": "26_2",
        "mahalle_adi": "Kuzgeçe Mah (çatakörencik Köyü)",
        "posta_kodu": "57902"
    },
    {
        "mahalle_id": "114_2",
        "mahalle_adi": "Manav Mah (yapraklı Köyü)",
        "posta_kodu": "57902"
    },
    {
        "mahalle_id": "80_2",
        "mahalle_adi": "Mantarlık Mah (kuz Köyü)",
        "posta_kodu": "57902"
    },
    {
        "mahalle_id": "115_2",
        "mahalle_adi": "Memiş Mah (yapraklı Köyü)",
        "posta_kodu": "57902"
    },
    {
        "mahalle_id": "130_2",
        "mahalle_adi": "Merkez Mah (akçabük Köyü)",
        "posta_kodu": "57902"
    },
    {
        "mahalle_id": "3_2",
        "mahalle_adi": "Merkez Mah (alagöz Köyü)",
        "posta_kodu": "57902"
    },
    {
        "mahalle_id": "135_2",
        "mahalle_adi": "Merkez Mah (ayaz Köyü)",
        "posta_kodu": "57902"
    },
    {
        "mahalle_id": "14_2",
        "mahalle_adi": "Merkez Mah (çatakgeriş Köyü)",
        "posta_kodu": "57902"
    },
    {
        "mahalle_id": "20_2",
        "mahalle_adi": "Merkez Mah (çatakgüney Köyü)",
        "posta_kodu": "57902"
    },
    {
        "mahalle_id": "23_2",
        "mahalle_adi": "Merkez Mah (çatakörencik Köyü)",
        "posta_kodu": "57902"
    },
    {
        "mahalle_id": "139_2",
        "mahalle_adi": "Merkez Mah (direkli Köyü)",
        "posta_kodu": "57902"
    },
    {
        "mahalle_id": "144_2",
        "mahalle_adi": "Merkez Mah (düz Köyü)",
        "posta_kodu": "57902"
    },
    {
        "mahalle_id": "32_2",
        "mahalle_adi": "Merkez Mah (düzler Köyü)",
        "posta_kodu": "57902"
    },
    {
        "mahalle_id": "35_2",
        "mahalle_adi": "Merkez Mah (gaziler Köyü)",
        "posta_kodu": "57902"
    },
    {
        "mahalle_id": "36_2",
        "mahalle_adi": "Merkez Mah (gencek Köyü)",
        "posta_kodu": "57902"
    },
    {
        "mahalle_id": "40_2",
        "mahalle_adi": "Merkez Mah (gökçealan Köyü)",
        "posta_kodu": "57902"
    },
    {
        "mahalle_id": "58_2",
        "mahalle_adi": "Merkez Mah (gündoğdu Köyü)",
        "posta_kodu": "57902"
    },
    {
        "mahalle_id": "1_2",
        "mahalle_adi": "Merkez Mah (güzelkent Köyü)",
        "posta_kodu": "57902"
    },
    {
        "mahalle_id": "60_2",
        "mahalle_adi": "Merkez Mah (hacı Köyü)",
        "posta_kodu": "57902"
    },
    {
        "mahalle_id": "65_2",
        "mahalle_adi": "Merkez Mah (hamamlı Köyü)",
        "posta_kodu": "57902"
    },
    {
        "mahalle_id": "155_2",
        "mahalle_adi": "Merkez Mah (kayabaşı Köyü)",
        "posta_kodu": "57902"
    },
    {
        "mahalle_id": "73_2",
        "mahalle_adi": "Merkez Mah (kuşçular Köyü)",
        "posta_kodu": "57902"
    },
    {
        "mahalle_id": "82_2",
        "mahalle_adi": "Merkez Mah (kuz Köyü)",
        "posta_kodu": "57902"
    },
    {
        "mahalle_id": "84_2",
        "mahalle_adi": "Merkez Mah (oymayaka Köyü)",
        "posta_kodu": "57902"
    },
    {
        "mahalle_id": "93_2",
        "mahalle_adi": "Merkez Mah (satı Köyü)",
        "posta_kodu": "57902"
    },
    {
        "mahalle_id": "160_2",
        "mahalle_adi": "Merkez Mah (taçahmet Köyü)",
        "posta_kodu": "57902"
    },
    {
        "mahalle_id": "166_2",
        "mahalle_adi": "Merkez Mah (taşgüney Köyü)",
        "posta_kodu": "57902"
    },
    {
        "mahalle_id": "101_2",
        "mahalle_adi": "Merkez Mah (turhan Köyü)",
        "posta_kodu": "57902"
    },
    {
        "mahalle_id": "110_2",
        "mahalle_adi": "Merkez Mah (yapraklı Köyü)",
        "posta_kodu": "57902"
    },
    {
        "mahalle_id": "116_2",
        "mahalle_adi": "Merkez Mah (yazıcı Köyü)",
        "posta_kodu": "57902"
    },
    {
        "mahalle_id": "170_2",
        "mahalle_adi": "Merkez Mah (yusuflu Köyü)",
        "posta_kodu": "57902"
    },
    {
        "mahalle_id": "46_2",
        "mahalle_adi": "Mita Mah (gökçealan Köyü)",
        "posta_kodu": "57902"
    },
    {
        "mahalle_id": "67_2",
        "mahalle_adi": "Okul Mah (ışıklı Köyü)",
        "posta_kodu": "57902"
    },
    {
        "mahalle_id": "156_2",
        "mahalle_adi": "Örenler Mah (kayabaşı Köyü)",
        "posta_kodu": "57902"
    },
    {
        "mahalle_id": "61_2",
        "mahalle_adi": "Örey Mah (hacı Köyü)",
        "posta_kodu": "57902"
    },
    {
        "mahalle_id": "54_2",
        "mahalle_adi": "Orta Mah (gündoğdu Köyü)",
        "posta_kodu": "57902"
    },
    {
        "mahalle_id": "6_2",
        "mahalle_adi": "Osmançayırı Mah (çatakgeriş Köyü)",
        "posta_kodu": "57902"
    },
    {
        "mahalle_id": "10_2",
        "mahalle_adi": "Otca Mah (çatakgeriş Köyü)",
        "posta_kodu": "57902"
    },
    {
        "mahalle_id": "57_2",
        "mahalle_adi": "Öte Mah (gündoğdu Köyü)",
        "posta_kodu": "57902"
    },
    {
        "mahalle_id": "112_2",
        "mahalle_adi": "Öteköy Mah (yapraklı Köyü)",
        "posta_kodu": "57902"
    },
    {
        "mahalle_id": "157_2",
        "mahalle_adi": "Ovanaz Mah (kayabaşı Köyü)",
        "posta_kodu": "57902"
    },
    {
        "mahalle_id": "153_2",
        "mahalle_adi": "Palamar Mah (karabey Köyü)",
        "posta_kodu": "57902"
    },
    {
        "mahalle_id": "127_2",
        "mahalle_adi": "Pazaryeri Mah (yeşiloba Köyü)",
        "posta_kodu": "57902"
    },
    {
        "mahalle_id": "128_2",
        "mahalle_adi": "Reyfez Mah (yeşiloba Köyü)",
        "posta_kodu": "57902"
    },
    {
        "mahalle_id": "151_2",
        "mahalle_adi": "Safranlı Mah (karabey Köyü)",
        "posta_kodu": "57902"
    },
    {
        "mahalle_id": "66_2",
        "mahalle_adi": "Sahilkent Mah (ışıklı Köyü)",
        "posta_kodu": "57902"
    },
    {
        "mahalle_id": "27_2",
        "mahalle_adi": "Salah Mah (çatakörencik Köyü)",
        "posta_kodu": "57902"
    },
    {
        "mahalle_id": "129_2",
        "mahalle_adi": "Sancaktaroğlu Mah (akçabük Köyü)",
        "posta_kodu": "57902"
    },
    {
        "mahalle_id": "125_2",
        "mahalle_adi": "Sarpaca Mah (yeşiloba Köyü)",
        "posta_kodu": "57902"
    },
    {
        "mahalle_id": "92_2",
        "mahalle_adi": "Satı Mah (satı Köyü)",
        "posta_kodu": "57902"
    },
    {
        "mahalle_id": "97_2",
        "mahalle_adi": "Şavşat Mah (sazkışla Köyü)",
        "posta_kodu": "57902"
    },
    {
        "mahalle_id": "99_2",
        "mahalle_adi": "Sazak Mah (sazkışla Köyü)",
        "posta_kodu": "57902"
    },
    {
        "mahalle_id": "104_2",
        "mahalle_adi": "Semiye Mah (turhan Köyü)",
        "posta_kodu": "57902"
    },
    {
        "mahalle_id": "162_2",
        "mahalle_adi": "Silahcı Mah (taçahmet Köyü)",
        "posta_kodu": "57902"
    },
    {
        "mahalle_id": "145_2",
        "mahalle_adi": "Siyem Mah (düz Köyü)",
        "posta_kodu": "57902"
    },
    {
        "mahalle_id": "122_2",
        "mahalle_adi": "Soğu Mah (yeşiloba Köyü)",
        "posta_kodu": "57902"
    },
    {
        "mahalle_id": "12_2",
        "mahalle_adi": "Sökü Mah (çatakgeriş Köyü)",
        "posta_kodu": "57902"
    },
    {
        "mahalle_id": "123_2",
        "mahalle_adi": "Sökü Mah (yeşiloba Köyü)",
        "posta_kodu": "57902"
    },
    {
        "mahalle_id": "96_2",
        "mahalle_adi": "Suluçukur Mah (sazkışla Köyü)",
        "posta_kodu": "57902"
    },
    {
        "mahalle_id": "43_2",
        "mahalle_adi": "Tavaca Mah (gökçealan Köyü)",
        "posta_kodu": "57902"
    },
    {
        "mahalle_id": "24_2",
        "mahalle_adi": "Teciroğlu Mah (çatakörencik Köyü)",
        "posta_kodu": "57902"
    },
    {
        "mahalle_id": "72_2",
        "mahalle_adi": "Tümen Mah (ışıklı Köyü)",
        "posta_kodu": "57902"
    },
    {
        "mahalle_id": "3_1",
        "mahalle_adi": "Tümerkan Mah",
        "posta_kodu": "57900"
    },
    {
        "mahalle_id": "59_2",
        "mahalle_adi": "Yalı Mah",
        "posta_kodu": "57902"
    },
    {
        "mahalle_id": "85_2",
        "mahalle_adi": "Yamayol Mah (oymayaka Köyü)",
        "posta_kodu": "57902"
    },
    {
        "mahalle_id": "42_2",
        "mahalle_adi": "Yayla Mah (gökçealan Köyü)",
        "posta_kodu": "57902"
    },
    {
        "mahalle_id": "37_2",
        "mahalle_adi": "Yazyurdu Mah (gencek Köyü)",
        "posta_kodu": "57902"
    },
    {
        "mahalle_id": "13_2",
        "mahalle_adi": "Yeni Mah (çatakgeriş Köyü)",
        "posta_kodu": "57902"
    },
    {
        "mahalle_id": "83_2",
        "mahalle_adi": "Yenice Mah (kuz Köyü)",
        "posta_kodu": "57902"
    },
    {
        "mahalle_id": "34_2",
        "mahalle_adi": "Yılanlık Mah (düzler Köyü)",
        "posta_kodu": "57902"
    },
    {
        "mahalle_id": "174_2",
        "mahalle_adi": "Yıldırım Mah (yusuflu Köyü)",
        "posta_kodu": "57902"
    },
    {
        "mahalle_id": "74_2",
        "mahalle_adi": "Yorgancıoğlu Mah (kuşçular Köyü)",
        "posta_kodu": "57902"
    },
    {
        "mahalle_id": "15_2",
        "mahalle_adi": "Yukarı Güney Mah (çatakgüney Köyü)",
        "posta_kodu": "57902"
    },
    {
        "mahalle_id": "55_2",
        "mahalle_adi": "Yukarı Mah (gündoğdu Köyü)",
        "posta_kodu": "57902"
    },
    {
        "mahalle_id": "70_2",
        "mahalle_adi": "Yukarı Mah (ışıklı Köyü)",
        "posta_kodu": "57902"
    },
    {
        "mahalle_id": "133_2",
        "mahalle_adi": "Yukarı Marbel Mah (akçabük Köyü)",
        "posta_kodu": "57902"
    },
    {
        "mahalle_id": "95_2",
        "mahalle_adi": "Yukarı Usva Mah (satı Köyü)",
        "posta_kodu": "57902"
    }
]