[
    {
        "mahalle_id": "78_2",
        "mahalle_adi": "A.şindoban Mah (dalkırmaz Köyü)",
        "posta_kodu": "08790"
    },
    {
        "mahalle_id": "376_2",
        "mahalle_adi": "Abdulgil Mah (pınarlı Köyü)",
        "posta_kodu": "08790"
    },
    {
        "mahalle_id": "147_2",
        "mahalle_adi": "Abduloğlu Mah (kocabey Köyü)",
        "posta_kodu": "08790"
    },
    {
        "mahalle_id": "328_2",
        "mahalle_adi": "Ağagil Mah (akdamla Köyü)",
        "posta_kodu": "08790"
    },
    {
        "mahalle_id": "19_2",
        "mahalle_adi": "Agagil Mah (atalar Köyü)",
        "posta_kodu": "08790"
    },
    {
        "mahalle_id": "262_2",
        "mahalle_adi": "Agara Mah (çukur Köyü)",
        "posta_kodu": "08790"
    },
    {
        "mahalle_id": "286_2",
        "mahalle_adi": "Agara Mah (erikli Köyü)",
        "posta_kodu": "08790"
    },
    {
        "mahalle_id": "265_2",
        "mahalle_adi": "Agara Mezrası Mah (çukur Köyü)",
        "posta_kodu": "08790"
    },
    {
        "mahalle_id": "228_2",
        "mahalle_adi": "Ahaldabalılar Mah (yaşar Köyü)",
        "posta_kodu": "08790"
    },
    {
        "mahalle_id": "21_2",
        "mahalle_adi": "Ahalgasgil Mah (atalar Köyü)",
        "posta_kodu": "08790"
    },
    {
        "mahalle_id": "48_2",
        "mahalle_adi": "Ahaşen Mah (ciritdüzü Köyü)",
        "posta_kodu": "08790"
    },
    {
        "mahalle_id": "111_2",
        "mahalle_adi": "Akgöl Mah (karaağaç Köyü)",
        "posta_kodu": "08790"
    },
    {
        "mahalle_id": "157_2",
        "mahalle_adi": "Akkıraç Mah (kurudere Köyü)",
        "posta_kodu": "08790"
    },
    {
        "mahalle_id": "321_2",
        "mahalle_adi": "Aksakallar Mah (veliköy Köyü)",
        "posta_kodu": "08790"
    },
    {
        "mahalle_id": "293_2",
        "mahalle_adi": "Aksu Mah (maden Köyü)",
        "posta_kodu": "08790"
    },
    {
        "mahalle_id": "398_2",
        "mahalle_adi": "Alagöz Mah (pınarlı Köyü)",
        "posta_kodu": "08790"
    },
    {
        "mahalle_id": "354_2",
        "mahalle_adi": "Aligil Mah (ılıca Köyü)",
        "posta_kodu": "08790"
    },
    {
        "mahalle_id": "168_2",
        "mahalle_adi": "Altınoluk Mah (küplüce Köyü)",
        "posta_kodu": "08790"
    },
    {
        "mahalle_id": "52_2",
        "mahalle_adi": "Arçiler Mah (ciritdüzü Köyü)",
        "posta_kodu": "08790"
    },
    {
        "mahalle_id": "277_2",
        "mahalle_adi": "Ardıçlı Mah (dereiçi Köyü)",
        "posta_kodu": "08790"
    },
    {
        "mahalle_id": "261_2",
        "mahalle_adi": "Ardıyasmında Mah (çukur Köyü)",
        "posta_kodu": "08790"
    },
    {
        "mahalle_id": "356_2",
        "mahalle_adi": "Arılar Mah (ılıca Köyü)",
        "posta_kodu": "08790"
    },
    {
        "mahalle_id": "203_2",
        "mahalle_adi": "Arışet Mah (tepeköy Köyü)",
        "posta_kodu": "08790"
    },
    {
        "mahalle_id": "409_2",
        "mahalle_adi": "Arkiyet Mah (yukarıkoyunlu Köyü)",
        "posta_kodu": "08790"
    },
    {
        "mahalle_id": "1_1",
        "mahalle_adi": "Armutlu Mah",
        "posta_kodu": "08700"
    },
    {
        "mahalle_id": "32_2",
        "mahalle_adi": "Arsiyan Mah (cevizli Köyü)",
        "posta_kodu": "08790"
    },
    {
        "mahalle_id": "404_2",
        "mahalle_adi": "Arsiyan Mah (yoncalı Köyü)",
        "posta_kodu": "08790"
    },
    {
        "mahalle_id": "131_2",
        "mahalle_adi": "Arsiyan Yaylası Mah (kayadibi Köyü)",
        "posta_kodu": "08790"
    },
    {
        "mahalle_id": "374_2",
        "mahalle_adi": "Aşağı Bağlı Mah (meşeli Köyü)",
        "posta_kodu": "08790"
    },
    {
        "mahalle_id": "143_2",
        "mahalle_adi": "Aşağı Cami Mah (kireçli Köyü)",
        "posta_kodu": "08790"
    },
    {
        "mahalle_id": "56_2",
        "mahalle_adi": "Aşağı Mah (çamlıca Köyü)",
        "posta_kodu": "08790"
    },
    {
        "mahalle_id": "85_2",
        "mahalle_adi": "Aşağı Mah (elmalı Köyü)",
        "posta_kodu": "08790"
    },
    {
        "mahalle_id": "105_2",
        "mahalle_adi": "Aşağı Mah (hanlı Köyü)",
        "posta_kodu": "08790"
    },
    {
        "mahalle_id": "108_2",
        "mahalle_adi": "Aşağı Mah (karaağaç Köyü)",
        "posta_kodu": "08790"
    },
    {
        "mahalle_id": "117_2",
        "mahalle_adi": "Aşağı Mah (karaköy Köyü)",
        "posta_kodu": "08790"
    },
    {
        "mahalle_id": "159_2",
        "mahalle_adi": "Aşağı Mah (kurudere Köyü)",
        "posta_kodu": "08790"
    },
    {
        "mahalle_id": "291_2",
        "mahalle_adi": "Aşağı Mah (maden Köyü)",
        "posta_kodu": "08790"
    },
    {
        "mahalle_id": "178_2",
        "mahalle_adi": "Aşağı Mah (susuz Köyü)",
        "posta_kodu": "08790"
    },
    {
        "mahalle_id": "301_2",
        "mahalle_adi": "Aşağı Mah (tepebaşı Köyü)",
        "posta_kodu": "08790"
    },
    {
        "mahalle_id": "215_2",
        "mahalle_adi": "Aşağı Mah (üzümlü Köyü)",
        "posta_kodu": "08790"
    },
    {
        "mahalle_id": "226_2",
        "mahalle_adi": "Aşağı Mah (yaşar Köyü)",
        "posta_kodu": "08790"
    },
    {
        "mahalle_id": "407_2",
        "mahalle_adi": "Aşağı Mah (yukarıkoyunlu Köyü)",
        "posta_kodu": "08790"
    },
    {
        "mahalle_id": "259_2",
        "mahalle_adi": "Aşağı Tetraket Mah (çukur Köyü)",
        "posta_kodu": "08790"
    },
    {
        "mahalle_id": "123_2",
        "mahalle_adi": "Asnigil Mah (kayadibi Köyü)",
        "posta_kodu": "08790"
    },
    {
        "mahalle_id": "87_2",
        "mahalle_adi": "Avazanat Mah (elmalı Köyü)",
        "posta_kodu": "08790"
    },
    {
        "mahalle_id": "57_2",
        "mahalle_adi": "Avcala Mah (çamlıca Köyü)",
        "posta_kodu": "08790"
    },
    {
        "mahalle_id": "95_2",
        "mahalle_adi": "Avcılar Mah (eskikale Köyü)",
        "posta_kodu": "08790"
    },
    {
        "mahalle_id": "230_2",
        "mahalle_adi": "Ayvazgil Mah (yavuzköy Köyü)",
        "posta_kodu": "08790"
    },
    {
        "mahalle_id": "282_2",
        "mahalle_adi": "Bağbaşı Mah (dutlu Köyü)",
        "posta_kodu": "08790"
    },
    {
        "mahalle_id": "130_2",
        "mahalle_adi": "Bağceci Mah (kayadibi Köyü)",
        "posta_kodu": "08790"
    },
    {
        "mahalle_id": "212_2",
        "mahalle_adi": "Bağcılar Mah (üzümlü Köyü)",
        "posta_kodu": "08790"
    },
    {
        "mahalle_id": "360_2",
        "mahalle_adi": "Bağçukur Mah (köprülü Köyü)",
        "posta_kodu": "08790"
    },
    {
        "mahalle_id": "271_2",
        "mahalle_adi": "Bağlıca Mah (dereiçi Köyü)",
        "posta_kodu": "08790"
    },
    {
        "mahalle_id": "245_2",
        "mahalle_adi": "Bahçecik Mah (çağlıyan Köyü)",
        "posta_kodu": "08790"
    },
    {
        "mahalle_id": "166_2",
        "mahalle_adi": "Bahçecik Mah (küplüce Köyü)",
        "posta_kodu": "08790"
    },
    {
        "mahalle_id": "210_2",
        "mahalle_adi": "Bahçecik Mah (tepeköy Köyü)",
        "posta_kodu": "08790"
    },
    {
        "mahalle_id": "278_2",
        "mahalle_adi": "Bahçekapı Mah (dereiçi Köyü)",
        "posta_kodu": "08790"
    },
    {
        "mahalle_id": "180_2",
        "mahalle_adi": "Bahçeli Mah (şalcı Köyü)",
        "posta_kodu": "08790"
    },
    {
        "mahalle_id": "234_2",
        "mahalle_adi": "Balcılar Mah (yavuzköy Köyü)",
        "posta_kodu": "08790"
    },
    {
        "mahalle_id": "414_2",
        "mahalle_adi": "Balıklı Köyü",
        "posta_kodu": "08790"
    },
    {
        "mahalle_id": "188_2",
        "mahalle_adi": "Bana1 Mah (şenocak Köyü)",
        "posta_kodu": "08790"
    },
    {
        "mahalle_id": "190_2",
        "mahalle_adi": "Bana2 Mah (şenocak Köyü)",
        "posta_kodu": "08790"
    },
    {
        "mahalle_id": "24_2",
        "mahalle_adi": "Başağagil Mah (atalar Köyü)",
        "posta_kodu": "08790"
    },
    {
        "mahalle_id": "349_2",
        "mahalle_adi": "Basavra Mah (ılıca Köyü)",
        "posta_kodu": "08790"
    },
    {
        "mahalle_id": "92_2",
        "mahalle_adi": "Başkale Mah (eskikale Köyü)",
        "posta_kodu": "08790"
    },
    {
        "mahalle_id": "389_2",
        "mahalle_adi": "Baskallar Mah (pınarlı Köyü)",
        "posta_kodu": "08790"
    },
    {
        "mahalle_id": "80_2",
        "mahalle_adi": "Başpınar Mah (düzenli Köyü)",
        "posta_kodu": "08790"
    },
    {
        "mahalle_id": "197_2",
        "mahalle_adi": "Bayırca Mah (tepeköy Köyü)",
        "posta_kodu": "08790"
    },
    {
        "mahalle_id": "365_2",
        "mahalle_adi": "Bayraktarlar Mah (meşeli Köyü)",
        "posta_kodu": "08790"
    },
    {
        "mahalle_id": "127_2",
        "mahalle_adi": "Becitgil Mah (kayadibi Köyü)",
        "posta_kodu": "08790"
    },
    {
        "mahalle_id": "249_2",
        "mahalle_adi": "Beltiyet Mah (çağlıyan Köyü)",
        "posta_kodu": "08790"
    },
    {
        "mahalle_id": "16_2",
        "mahalle_adi": "Berekgil Mah (atalar Köyü)",
        "posta_kodu": "08790"
    },
    {
        "mahalle_id": "264_2",
        "mahalle_adi": "Beriyet Mah (çukur Köyü)",
        "posta_kodu": "08790"
    },
    {
        "mahalle_id": "161_2",
        "mahalle_adi": "Beşevler Mah (kurudere Köyü)",
        "posta_kodu": "08790"
    },
    {
        "mahalle_id": "34_2",
        "mahalle_adi": "Beyler Mah (cevizli Köyü)",
        "posta_kodu": "08790"
    },
    {
        "mahalle_id": "160_2",
        "mahalle_adi": "Beyler Mah (kurudere Köyü)",
        "posta_kodu": "08790"
    },
    {
        "mahalle_id": "222_2",
        "mahalle_adi": "Beylik Mah (yamaçlı Köyü)",
        "posta_kodu": "08790"
    },
    {
        "mahalle_id": "174_2",
        "mahalle_adi": "Bizingil Mah (saylıca Köyü)",
        "posta_kodu": "08790"
    },
    {
        "mahalle_id": "3_2",
        "mahalle_adi": "Borağal Mah (arpalı Köyü)",
        "posta_kodu": "08790"
    },
    {
        "mahalle_id": "140_2",
        "mahalle_adi": "Boztoprak Mah (kireçli Köyü)",
        "posta_kodu": "08790"
    },
    {
        "mahalle_id": "86_2",
        "mahalle_adi": "Bucat Mah (elmalı Köyü)",
        "posta_kodu": "08790"
    },
    {
        "mahalle_id": "40_2",
        "mahalle_adi": "Buçigil Mah (cevizli Köyü)",
        "posta_kodu": "08790"
    },
    {
        "mahalle_id": "336_2",
        "mahalle_adi": "Budaklı Mah (aşağıkoyunlu Köyü)",
        "posta_kodu": "08790"
    },
    {
        "mahalle_id": "134_2",
        "mahalle_adi": "Buhar Mah (kirazlı Köyü)",
        "posta_kodu": "08790"
    },
    {
        "mahalle_id": "49_2",
        "mahalle_adi": "Buluntugil Mah (ciritdüzü Köyü)",
        "posta_kodu": "08790"
    },
    {
        "mahalle_id": "33_2",
        "mahalle_adi": "Büyük Kışla Mah (cevizli Köyü)",
        "posta_kodu": "08790"
    },
    {
        "mahalle_id": "390_2",
        "mahalle_adi": "Büyük Kkışla Mah (pınarlı Köyü)",
        "posta_kodu": "08790"
    },
    {
        "mahalle_id": "74_2",
        "mahalle_adi": "Çaçat Mah (çiftlik Köyü)",
        "posta_kodu": "08790"
    },
    {
        "mahalle_id": "251_2",
        "mahalle_adi": "Çağlayan Yaylası Mah (çağlıyan Köyü)",
        "posta_kodu": "08790"
    },
    {
        "mahalle_id": "255_2",
        "mahalle_adi": "Çağlıpınar Mah (çağlıpınar Köyü)",
        "posta_kodu": "08790"
    },
    {
        "mahalle_id": "256_2",
        "mahalle_adi": "Çağlıpınar-2 Mah (çağlıpınar Köyü)",
        "posta_kodu": "08790"
    },
    {
        "mahalle_id": "367_2",
        "mahalle_adi": "Çakırlı Mah (meşeli Köyü)",
        "posta_kodu": "08790"
    },
    {
        "mahalle_id": "305_2",
        "mahalle_adi": "Çakvrizeler Mah (yağlı Köyü)",
        "posta_kodu": "08790"
    },
    {
        "mahalle_id": "162_2",
        "mahalle_adi": "Calacalat Mah (kurudere Köyü)",
        "posta_kodu": "08790"
    },
    {
        "mahalle_id": "10_2",
        "mahalle_adi": "Cami Mah (arpalı Köyü)",
        "posta_kodu": "08790"
    },
    {
        "mahalle_id": "334_2",
        "mahalle_adi": "Cami Mah (aşağıkoyunlu Köyü)",
        "posta_kodu": "08790"
    },
    {
        "mahalle_id": "253_2",
        "mahalle_adi": "Cami Mah (çağlıpınar Köyü)",
        "posta_kodu": "08790"
    },
    {
        "mahalle_id": "244_2",
        "mahalle_adi": "Cami Mah (çağlıyan Köyü)",
        "posta_kodu": "08790"
    },
    {
        "mahalle_id": "54_2",
        "mahalle_adi": "Cami Mah (çamlıca Köyü)",
        "posta_kodu": "08790"
    },
    {
        "mahalle_id": "27_2",
        "mahalle_adi": "Cami Mah (cevizli Köyü)",
        "posta_kodu": "08790"
    },
    {
        "mahalle_id": "280_2",
        "mahalle_adi": "Cami Mah (dutlu Köyü)",
        "posta_kodu": "08790"
    },
    {
        "mahalle_id": "82_2",
        "mahalle_adi": "Cami Mah (düzenli Köyü)",
        "posta_kodu": "08790"
    },
    {
        "mahalle_id": "91_2",
        "mahalle_adi": "Cami Mah (eskikale Köyü)",
        "posta_kodu": "08790"
    },
    {
        "mahalle_id": "104_2",
        "mahalle_adi": "Cami Mah (hanlı Köyü)",
        "posta_kodu": "08790"
    },
    {
        "mahalle_id": "353_2",
        "mahalle_adi": "Cami Mah (ılıca Köyü)",
        "posta_kodu": "08790"
    },
    {
        "mahalle_id": "107_2",
        "mahalle_adi": "Cami Mah (karaağaç Köyü)",
        "posta_kodu": "08790"
    },
    {
        "mahalle_id": "121_2",
        "mahalle_adi": "Cami Mah (kayadibi Köyü)",
        "posta_kodu": "08790"
    },
    {
        "mahalle_id": "133_2",
        "mahalle_adi": "Cami Mah (kirazlı Köyü)",
        "posta_kodu": "08790"
    },
    {
        "mahalle_id": "163_2",
        "mahalle_adi": "Cami Mah (küplüce Köyü)",
        "posta_kodu": "08790"
    },
    {
        "mahalle_id": "158_2",
        "mahalle_adi": "Cami Mah (kurudere Köyü)",
        "posta_kodu": "08790"
    },
    {
        "mahalle_id": "366_2",
        "mahalle_adi": "Cami Mah (meşeli Köyü)",
        "posta_kodu": "08790"
    },
    {
        "mahalle_id": "181_2",
        "mahalle_adi": "Cami Mah (şalcı Köyü)",
        "posta_kodu": "08790"
    },
    {
        "mahalle_id": "175_2",
        "mahalle_adi": "Cami Mah (saylıca Köyü)",
        "posta_kodu": "08790"
    },
    {
        "mahalle_id": "186_2",
        "mahalle_adi": "Cami Mah (şenocak Köyü)",
        "posta_kodu": "08790"
    },
    {
        "mahalle_id": "213_2",
        "mahalle_adi": "Cami Mah (üzümlü Köyü)",
        "posta_kodu": "08790"
    },
    {
        "mahalle_id": "307_2",
        "mahalle_adi": "Cami Mah (yağlı Köyü)",
        "posta_kodu": "08790"
    },
    {
        "mahalle_id": "233_2",
        "mahalle_adi": "Cami Mah (yavuzköy Köyü)",
        "posta_kodu": "08790"
    },
    {
        "mahalle_id": "270_2",
        "mahalle_adi": "Çamlıtepe Mah (demirci Köyü)",
        "posta_kodu": "08790"
    },
    {
        "mahalle_id": "241_2",
        "mahalle_adi": "Canoğlu Mah (ziyaret Köyü)",
        "posta_kodu": "08790"
    },
    {
        "mahalle_id": "155_2",
        "mahalle_adi": "Carat Mah (köprüyaka Köyü)",
        "posta_kodu": "08790"
    },
    {
        "mahalle_id": "118_2",
        "mahalle_adi": "Çarbaşı Mah (karaköy Köyü)",
        "posta_kodu": "08790"
    },
    {
        "mahalle_id": "139_2",
        "mahalle_adi": "Çatalkaya Mah (kireçli Köyü)",
        "posta_kodu": "08790"
    },
    {
        "mahalle_id": "68_2",
        "mahalle_adi": "Çavdarlı Yaylası Mah (çavdarlı Köyü)",
        "posta_kodu": "08790"
    },
    {
        "mahalle_id": "69_2",
        "mahalle_adi": "Çayağzı Mah (çayağzı Köyü)",
        "posta_kodu": "08790"
    },
    {
        "mahalle_id": "369_2",
        "mahalle_adi": "Çayırlar Mah (meşeli Köyü)",
        "posta_kodu": "08790"
    },
    {
        "mahalle_id": "148_2",
        "mahalle_adi": "Çaysalize Mah (kocabey Köyü)",
        "posta_kodu": "08790"
    },
    {
        "mahalle_id": "20_2",
        "mahalle_adi": "Cedligil Mah (atalar Köyü)",
        "posta_kodu": "08790"
    },
    {
        "mahalle_id": "342_2",
        "mahalle_adi": "Cengelek Mah (çermik Köyü)",
        "posta_kodu": "08790"
    },
    {
        "mahalle_id": "358_2",
        "mahalle_adi": "Cengelek Mah (ılıca Köyü)",
        "posta_kodu": "08790"
    },
    {
        "mahalle_id": "185_2",
        "mahalle_adi": "Cengelek Mah (şalcı Köyü)",
        "posta_kodu": "08790"
    },
    {
        "mahalle_id": "211_2",
        "mahalle_adi": "Cengelek Mah (tepeköy Köyü)",
        "posta_kodu": "08790"
    },
    {
        "mahalle_id": "311_2",
        "mahalle_adi": "Cengelek Mah (yeşilce Köyü)",
        "posta_kodu": "08790"
    },
    {
        "mahalle_id": "294_2",
        "mahalle_adi": "Çermik Mah (maden Köyü)",
        "posta_kodu": "08790"
    },
    {
        "mahalle_id": "355_2",
        "mahalle_adi": "Ceylanlı Mah (ılıca Köyü)",
        "posta_kodu": "08790"
    },
    {
        "mahalle_id": "285_2",
        "mahalle_adi": "Çiçekli Mah (erikli Köyü)",
        "posta_kodu": "08790"
    },
    {
        "mahalle_id": "288_2",
        "mahalle_adi": "Çiçekli Mah (kütav Mah) (erikli Köyü)",
        "posta_kodu": "08790"
    },
    {
        "mahalle_id": "89_2",
        "mahalle_adi": "Çiftehanlar Mah (eskikale Köyü)",
        "posta_kodu": "08790"
    },
    {
        "mahalle_id": "402_2",
        "mahalle_adi": "Çimenli Mah (yoncalı Köyü)",
        "posta_kodu": "08790"
    },
    {
        "mahalle_id": "248_2",
        "mahalle_adi": "Cimuhlar Mah (çağlıyan Köyü)",
        "posta_kodu": "08790"
    },
    {
        "mahalle_id": "373_2",
        "mahalle_adi": "Cindağı Mah (meşeli Köyü)",
        "posta_kodu": "08790"
    },
    {
        "mahalle_id": "381_2",
        "mahalle_adi": "Cindağı Mah (pınarlı Köyü)",
        "posta_kodu": "08790"
    },
    {
        "mahalle_id": "325_2",
        "mahalle_adi": "Cinolar Mah (veliköy Köyü)",
        "posta_kodu": "08790"
    },
    {
        "mahalle_id": "125_2",
        "mahalle_adi": "Cinşarlar Mah (kayadibi Köyü)",
        "posta_kodu": "08790"
    },
    {
        "mahalle_id": "42_2",
        "mahalle_adi": "Cirigil Mah (cevizli Köyü)",
        "posta_kodu": "08790"
    },
    {
        "mahalle_id": "298_2",
        "mahalle_adi": "Çivizeler Mah (oba Köyü)",
        "posta_kodu": "08790"
    },
    {
        "mahalle_id": "110_2",
        "mahalle_adi": "Çivlik Mah (karaağaç Köyü)",
        "posta_kodu": "08790"
    },
    {
        "mahalle_id": "4_2",
        "mahalle_adi": "Çivo Mah (arpalı Köyü)",
        "posta_kodu": "08790"
    },
    {
        "mahalle_id": "410_2",
        "mahalle_adi": "Cola Mah (yukarıkoyunlu Köyü)",
        "posta_kodu": "08790"
    },
    {
        "mahalle_id": "345_2",
        "mahalle_adi": "Çoraklı 2 Mah (çoraklı Köyü)",
        "posta_kodu": "08790"
    },
    {
        "mahalle_id": "343_2",
        "mahalle_adi": "Çoraklı Köyü",
        "posta_kodu": "08790"
    },
    {
        "mahalle_id": "344_2",
        "mahalle_adi": "Çoraklı Mah (çoraklı Köyü)",
        "posta_kodu": "08790"
    },
    {
        "mahalle_id": "273_2",
        "mahalle_adi": "Cudes Mah (dereiçi Köyü)",
        "posta_kodu": "08790"
    },
    {
        "mahalle_id": "93_2",
        "mahalle_adi": "Çukur 2 Mah (eskikale Köyü)",
        "posta_kodu": "08790"
    },
    {
        "mahalle_id": "90_2",
        "mahalle_adi": "Çukur Mah (eskikale Köyü)",
        "posta_kodu": "08790"
    },
    {
        "mahalle_id": "267_2",
        "mahalle_adi": "Çukur Yaylası Mah (çukur Köyü)",
        "posta_kodu": "08790"
    },
    {
        "mahalle_id": "65_2",
        "mahalle_adi": "Dadaşgil Mah (çavdarlı Köyü)",
        "posta_kodu": "08790"
    },
    {
        "mahalle_id": "274_2",
        "mahalle_adi": "Davlaur Mah (dereiçi Köyü)",
        "posta_kodu": "08790"
    },
    {
        "mahalle_id": "53_2",
        "mahalle_adi": "Davutlar Mah (ciritdüzü Köyü)",
        "posta_kodu": "08790"
    },
    {
        "mahalle_id": "73_2",
        "mahalle_adi": "Dede Mah (çiftlik Köyü)",
        "posta_kodu": "08790"
    },
    {
        "mahalle_id": "141_2",
        "mahalle_adi": "Dedeağa Mah (kireçli Köyü)",
        "posta_kodu": "08790"
    },
    {
        "mahalle_id": "61_2",
        "mahalle_adi": "Demircigil Mah (çavdarlı Köyü)",
        "posta_kodu": "08790"
    },
    {
        "mahalle_id": "39_2",
        "mahalle_adi": "Demircigil Mah (cevizli Köyü)",
        "posta_kodu": "08790"
    },
    {
        "mahalle_id": "392_2",
        "mahalle_adi": "Demircigil Mah (pınarlı Köyü)",
        "posta_kodu": "08790"
    },
    {
        "mahalle_id": "28_2",
        "mahalle_adi": "Demirciler Mah (cevizli Köyü)",
        "posta_kodu": "08790"
    },
    {
        "mahalle_id": "370_2",
        "mahalle_adi": "Demirciler Mah (meşeli Köyü)",
        "posta_kodu": "08790"
    },
    {
        "mahalle_id": "396_2",
        "mahalle_adi": "Demirciler Mah (pınarlı Köyü)",
        "posta_kodu": "08790"
    },
    {
        "mahalle_id": "338_2",
        "mahalle_adi": "Demircioğlu Mah (çermik Köyü)",
        "posta_kodu": "08790"
    },
    {
        "mahalle_id": "346_2",
        "mahalle_adi": "Demirkapı Köyü",
        "posta_kodu": "08790"
    },
    {
        "mahalle_id": "332_2",
        "mahalle_adi": "Demirkapı Mah (akdamla Köyü)",
        "posta_kodu": "08790"
    },
    {
        "mahalle_id": "347_2",
        "mahalle_adi": "Demirkapı Mah (demirkapı Köyü)",
        "posta_kodu": "08790"
    },
    {
        "mahalle_id": "26_2",
        "mahalle_adi": "Dere Mah (cevizli Köyü)",
        "posta_kodu": "08790"
    },
    {
        "mahalle_id": "173_2",
        "mahalle_adi": "Dere Mah (saylıca Köyü)",
        "posta_kodu": "08790"
    },
    {
        "mahalle_id": "304_2",
        "mahalle_adi": "Dere Mah (yağlı Köyü)",
        "posta_kodu": "08790"
    },
    {
        "mahalle_id": "269_2",
        "mahalle_adi": "Derecik Mah (demirci Köyü)",
        "posta_kodu": "08790"
    },
    {
        "mahalle_id": "51_2",
        "mahalle_adi": "Dereiçi Mah (ciritdüzü Köyü)",
        "posta_kodu": "08790"
    },
    {
        "mahalle_id": "43_2",
        "mahalle_adi": "Devrişler Mah (ciritdüzü Köyü)",
        "posta_kodu": "08790"
    },
    {
        "mahalle_id": "214_2",
        "mahalle_adi": "Dıcala Mah (üzümlü Köyü)",
        "posta_kodu": "08790"
    },
    {
        "mahalle_id": "283_2",
        "mahalle_adi": "Didmere Mah (dutlu Köyü)",
        "posta_kodu": "08790"
    },
    {
        "mahalle_id": "362_2",
        "mahalle_adi": "Doğandüzü Mah (köprülü Köyü)",
        "posta_kodu": "08790"
    },
    {
        "mahalle_id": "46_2",
        "mahalle_adi": "Doğanlar Mah (ciritdüzü Köyü)",
        "posta_kodu": "08790"
    },
    {
        "mahalle_id": "150_2",
        "mahalle_adi": "Drankoğlu Mah (kocabey Köyü)",
        "posta_kodu": "08790"
    },
    {
        "mahalle_id": "231_2",
        "mahalle_adi": "Duğabize Mah (yavuzköy Köyü)",
        "posta_kodu": "08790"
    },
    {
        "mahalle_id": "18_2",
        "mahalle_adi": "Dükkanlar Mah (atalar Köyü)",
        "posta_kodu": "08790"
    },
    {
        "mahalle_id": "382_2",
        "mahalle_adi": "Dükkanlar Mah (pınarlı Köyü)",
        "posta_kodu": "08790"
    },
    {
        "mahalle_id": "394_2",
        "mahalle_adi": "Dursunlar Mah (pınarlı Köyü)",
        "posta_kodu": "08790"
    },
    {
        "mahalle_id": "284_2",
        "mahalle_adi": "Dutlu Mah (dutlu Köyü)",
        "posta_kodu": "08790"
    },
    {
        "mahalle_id": "135_2",
        "mahalle_adi": "Düz Mah (kirazlı Köyü)",
        "posta_kodu": "08790"
    },
    {
        "mahalle_id": "237_2",
        "mahalle_adi": "Düz Mah (yavuzköy Köyü)",
        "posta_kodu": "08790"
    },
    {
        "mahalle_id": "50_2",
        "mahalle_adi": "Düzebakan Mah (ciritdüzü Köyü)",
        "posta_kodu": "08790"
    },
    {
        "mahalle_id": "83_2",
        "mahalle_adi": "Düzenli Yaylası Mah (düzenli Köyü)",
        "posta_kodu": "08790"
    },
    {
        "mahalle_id": "209_2",
        "mahalle_adi": "Eherli Mah (tepeköy Köyü)",
        "posta_kodu": "08790"
    },
    {
        "mahalle_id": "289_2",
        "mahalle_adi": "Ekinciler Mah (erikli Köyü)",
        "posta_kodu": "08790"
    },
    {
        "mahalle_id": "287_2",
        "mahalle_adi": "Erikli Mah (erikli Köyü)",
        "posta_kodu": "08790"
    },
    {
        "mahalle_id": "323_2",
        "mahalle_adi": "Eski Cami Mah (veliköy Köyü)",
        "posta_kodu": "08790"
    },
    {
        "mahalle_id": "96_2",
        "mahalle_adi": "Eskikale Mah (eskikale Köyü)",
        "posta_kodu": "08790"
    },
    {
        "mahalle_id": "97_2",
        "mahalle_adi": "Eskiyayla Mah (eskikale Köyü)",
        "posta_kodu": "08790"
    },
    {
        "mahalle_id": "221_2",
        "mahalle_adi": "Eyipgil Mah (yamaçlı Köyü)",
        "posta_kodu": "08790"
    },
    {
        "mahalle_id": "146_2",
        "mahalle_adi": "Gençağagil Mah (kocabey Köyü)",
        "posta_kodu": "08790"
    },
    {
        "mahalle_id": "263_2",
        "mahalle_adi": "Gıgazeler Mah (çukur Köyü)",
        "posta_kodu": "08790"
    },
    {
        "mahalle_id": "250_2",
        "mahalle_adi": "Göçoğulları Mah (çağlıyan Köyü)",
        "posta_kodu": "08790"
    },
    {
        "mahalle_id": "207_2",
        "mahalle_adi": "Gogelet Mah (tepeköy Köyü)",
        "posta_kodu": "08790"
    },
    {
        "mahalle_id": "164_2",
        "mahalle_adi": "Göknizeler Mah (küplüce Köyü)",
        "posta_kodu": "08790"
    },
    {
        "mahalle_id": "205_2",
        "mahalle_adi": "Gökova Mah (tepeköy Köyü)",
        "posta_kodu": "08790"
    },
    {
        "mahalle_id": "206_2",
        "mahalle_adi": "Gökyuva Mah (tepeköy Köyü)",
        "posta_kodu": "08790"
    },
    {
        "mahalle_id": "296_2",
        "mahalle_adi": "Gorgaze Mah (oba Köyü)",
        "posta_kodu": "08790"
    },
    {
        "mahalle_id": "122_2",
        "mahalle_adi": "Gündoğdu Mah (kayadibi Köyü)",
        "posta_kodu": "08790"
    },
    {
        "mahalle_id": "413_2",
        "mahalle_adi": "Günkaya Mah (tosu Mah) (yavuzköy Köyü)",
        "posta_kodu": "08790"
    },
    {
        "mahalle_id": "279_2",
        "mahalle_adi": "Gürsoy Mah (dutlu Köyü)",
        "posta_kodu": "08790"
    },
    {
        "mahalle_id": "383_2",
        "mahalle_adi": "Gürzellar Mah (pınarlı Köyü)",
        "posta_kodu": "08790"
    },
    {
        "mahalle_id": "132_2",
        "mahalle_adi": "Güven Mah (kirazlı Köyü)",
        "posta_kodu": "08790"
    },
    {
        "mahalle_id": "387_2",
        "mahalle_adi": "Güzelce Mah (pınarlı Köyü)",
        "posta_kodu": "08790"
    },
    {
        "mahalle_id": "380_2",
        "mahalle_adi": "Haberler Mah (pınarlı Köyü)",
        "posta_kodu": "08790"
    },
    {
        "mahalle_id": "216_2",
        "mahalle_adi": "Hacigil Mah (yamaçlı Köyü)",
        "posta_kodu": "08790"
    },
    {
        "mahalle_id": "112_2",
        "mahalle_adi": "Hacılar Mah (karaağaç Köyü)",
        "posta_kodu": "08790"
    },
    {
        "mahalle_id": "2_2",
        "mahalle_adi": "Hafizoğlu Mah (arpalı Köyü)",
        "posta_kodu": "08790"
    },
    {
        "mahalle_id": "364_2",
        "mahalle_adi": "Halazeler Mah (meşeli Köyü)",
        "posta_kodu": "08790"
    },
    {
        "mahalle_id": "25_2",
        "mahalle_adi": "Halifgil Mah (atalar Köyü)",
        "posta_kodu": "08790"
    },
    {
        "mahalle_id": "41_2",
        "mahalle_adi": "Halogil Mah (cevizli Köyü)",
        "posta_kodu": "08790"
    },
    {
        "mahalle_id": "36_2",
        "mahalle_adi": "Havacıoğlu Mah (cevizli Köyü)",
        "posta_kodu": "08790"
    },
    {
        "mahalle_id": "388_2",
        "mahalle_adi": "Haytagil Mah (pınarlı Köyü)",
        "posta_kodu": "08790"
    },
    {
        "mahalle_id": "17_2",
        "mahalle_adi": "Haznadar Mah (atalar Köyü)",
        "posta_kodu": "08790"
    },
    {
        "mahalle_id": "47_2",
        "mahalle_adi": "Haznedaroğulları Mah (ciritdüzü Köyü)",
        "posta_kodu": "08790"
    },
    {
        "mahalle_id": "64_2",
        "mahalle_adi": "Hocagil Mah (çavdarlı Köyü)",
        "posta_kodu": "08790"
    },
    {
        "mahalle_id": "379_2",
        "mahalle_adi": "Hocagil Mah (pınarlı Köyü)",
        "posta_kodu": "08790"
    },
    {
        "mahalle_id": "63_2",
        "mahalle_adi": "Hozançayır Mah (çavdarlı Köyü)",
        "posta_kodu": "08790"
    },
    {
        "mahalle_id": "5_2",
        "mahalle_adi": "İbrahimoğlu Mah (arpalı Köyü)",
        "posta_kodu": "08790"
    },
    {
        "mahalle_id": "103_2",
        "mahalle_adi": "İki Su Arası Mah (hanlı Köyü)",
        "posta_kodu": "08790"
    },
    {
        "mahalle_id": "337_2",
        "mahalle_adi": "İnkavar Mah (aşağıkoyunlu Köyü)",
        "posta_kodu": "08790"
    },
    {
        "mahalle_id": "151_2",
        "mahalle_adi": "İspiroğlu Mah (kocabey Köyü)",
        "posta_kodu": "08790"
    },
    {
        "mahalle_id": "395_2",
        "mahalle_adi": "Kadirgil Mah (pınarlı Köyü)",
        "posta_kodu": "08790"
    },
    {
        "mahalle_id": "22_2",
        "mahalle_adi": "Kahvecioğlu Mah (atalar Köyü)",
        "posta_kodu": "08790"
    },
    {
        "mahalle_id": "71_2",
        "mahalle_adi": "Kambatlar Mah (çiftlik Köyü)",
        "posta_kodu": "08790"
    },
    {
        "mahalle_id": "371_2",
        "mahalle_adi": "Karabiber Mah (meşeli Köyü)",
        "posta_kodu": "08790"
    },
    {
        "mahalle_id": "14_2",
        "mahalle_adi": "Karagöl Mah (arpalı Köyü)",
        "posta_kodu": "08790"
    },
    {
        "mahalle_id": "341_2",
        "mahalle_adi": "Karisat Mah (çermik Köyü)",
        "posta_kodu": "08790"
    },
    {
        "mahalle_id": "156_2",
        "mahalle_adi": "Karşı Mah (köprüyaka Köyü)",
        "posta_kodu": "08790"
    },
    {
        "mahalle_id": "275_2",
        "mahalle_adi": "Karşıyaka Mah (dereiçi Köyü)",
        "posta_kodu": "08790"
    },
    {
        "mahalle_id": "319_2",
        "mahalle_adi": "Kartallar Mah (veliköy Köyü)",
        "posta_kodu": "08790"
    },
    {
        "mahalle_id": "208_2",
        "mahalle_adi": "Kavacık Mah (tepeköy Köyü)",
        "posta_kodu": "08790"
    },
    {
        "mahalle_id": "115_2",
        "mahalle_adi": "Kavaklık Mah (karaköy Köyü)",
        "posta_kodu": "08790"
    },
    {
        "mahalle_id": "182_2",
        "mahalle_adi": "Kavuzoğlu Mah (şalcı Köyü)",
        "posta_kodu": "08790"
    },
    {
        "mahalle_id": "120_2",
        "mahalle_adi": "Kayabaşı Köyü",
        "posta_kodu": "08790"
    },
    {
        "mahalle_id": "81_2",
        "mahalle_adi": "Kayabaşı Mah (düzenli Köyü)",
        "posta_kodu": "08790"
    },
    {
        "mahalle_id": "327_2",
        "mahalle_adi": "Kayabaşı Mah (veliköy Köyü)",
        "posta_kodu": "08790"
    },
    {
        "mahalle_id": "67_2",
        "mahalle_adi": "Kayabeglar Mah (çavdarlı Köyü)",
        "posta_kodu": "08790"
    },
    {
        "mahalle_id": "348_2",
        "mahalle_adi": "Kayaoğulları Mah (ılıca Köyü)",
        "posta_kodu": "08790"
    },
    {
        "mahalle_id": "201_2",
        "mahalle_adi": "Kıldıziret Mah (tepeköy Köyü)",
        "posta_kodu": "08790"
    },
    {
        "mahalle_id": "361_2",
        "mahalle_adi": "Kırık Mah (köprülü Köyü)",
        "posta_kodu": "08790"
    },
    {
        "mahalle_id": "101_2",
        "mahalle_adi": "Kışla Mah (hanlı Köyü)",
        "posta_kodu": "08790"
    },
    {
        "mahalle_id": "202_2",
        "mahalle_adi": "Kışlalar Mah (tepeköy Köyü)",
        "posta_kodu": "08790"
    },
    {
        "mahalle_id": "153_2",
        "mahalle_adi": "Kocabey Mah (kocabey Köyü)",
        "posta_kodu": "08790"
    },
    {
        "mahalle_id": "59_2",
        "mahalle_adi": "Kodana Mah (çavdarlı Köyü)",
        "posta_kodu": "08790"
    },
    {
        "mahalle_id": "23_2",
        "mahalle_adi": "Kökler Mah (atalar Köyü)",
        "posta_kodu": "08790"
    },
    {
        "mahalle_id": "102_2",
        "mahalle_adi": "Köprübaşı Mah (hanlı Köyü)",
        "posta_kodu": "08790"
    },
    {
        "mahalle_id": "297_2",
        "mahalle_adi": "Kortahaze Mah (oba Köyü)",
        "posta_kodu": "08790"
    },
    {
        "mahalle_id": "60_2",
        "mahalle_adi": "Korunga Mah (çavdarlı Köyü)",
        "posta_kodu": "08790"
    },
    {
        "mahalle_id": "378_2",
        "mahalle_adi": "Kumaşlar Mah (pınarlı Köyü)",
        "posta_kodu": "08790"
    },
    {
        "mahalle_id": "385_2",
        "mahalle_adi": "Kunelar Mah (pınarlı Köyü)",
        "posta_kodu": "08790"
    },
    {
        "mahalle_id": "99_2",
        "mahalle_adi": "Kurundere Mah (hanlı Köyü)",
        "posta_kodu": "08790"
    },
    {
        "mahalle_id": "260_2",
        "mahalle_adi": "Liban Mah (çukur Köyü)",
        "posta_kodu": "08790"
    },
    {
        "mahalle_id": "313_2",
        "mahalle_adi": "Maçkadet Mah (yeşilce Köyü)",
        "posta_kodu": "08790"
    },
    {
        "mahalle_id": "62_2",
        "mahalle_adi": "Mahigil Mah (çavdarlı Köyü)",
        "posta_kodu": "08790"
    },
    {
        "mahalle_id": "220_2",
        "mahalle_adi": "Mahigil Mah (yamaçlı Köyü)",
        "posta_kodu": "08790"
    },
    {
        "mahalle_id": "35_2",
        "mahalle_adi": "Mamogil Mah (cevizli Köyü)",
        "posta_kodu": "08790"
    },
    {
        "mahalle_id": "352_2",
        "mahalle_adi": "Manasgil Mah (ılıca Köyü)",
        "posta_kodu": "08790"
    },
    {
        "mahalle_id": "184_2",
        "mahalle_adi": "Mariasminda Mah (şalcı Köyü)",
        "posta_kodu": "08790"
    },
    {
        "mahalle_id": "247_2",
        "mahalle_adi": "Megreloğullar Mah (çağlıyan Köyü)",
        "posta_kodu": "08790"
    },
    {
        "mahalle_id": "224_2",
        "mahalle_adi": "Melekgil Mah (yaşar Köyü)",
        "posta_kodu": "08790"
    },
    {
        "mahalle_id": "66_2",
        "mahalle_adi": "Menemşe Mah (çavdarlı Köyü)",
        "posta_kodu": "08790"
    },
    {
        "mahalle_id": "29_2",
        "mahalle_adi": "Merkez Mah (cevizli Köyü)",
        "posta_kodu": "08790"
    },
    {
        "mahalle_id": "257_2",
        "mahalle_adi": "Merkez Mah (çukur Köyü)",
        "posta_kodu": "08790"
    },
    {
        "mahalle_id": "76_2",
        "mahalle_adi": "Merkez Mah (dalkırmaz Köyü)",
        "posta_kodu": "08790"
    },
    {
        "mahalle_id": "268_2",
        "mahalle_adi": "Merkez Mah (demirci Köyü)",
        "posta_kodu": "08790"
    },
    {
        "mahalle_id": "272_2",
        "mahalle_adi": "Merkez Mah (dereiçi Köyü)",
        "posta_kodu": "08790"
    },
    {
        "mahalle_id": "359_2",
        "mahalle_adi": "Merkez Mah (köprülü Köyü)",
        "posta_kodu": "08790"
    },
    {
        "mahalle_id": "1_2",
        "mahalle_adi": "Merkez Mah (meydancık Köyü)",
        "posta_kodu": "08790"
    },
    {
        "mahalle_id": "170_2",
        "mahalle_adi": "Merkez Mah (otluca Köyü)",
        "posta_kodu": "08790"
    },
    {
        "mahalle_id": "314_2",
        "mahalle_adi": "Merkez Mah (sebzeli Köyü)",
        "posta_kodu": "08790"
    },
    {
        "mahalle_id": "399_2",
        "mahalle_adi": "Merkez Mah (şenköy Köyü)",
        "posta_kodu": "08790"
    },
    {
        "mahalle_id": "324_2",
        "mahalle_adi": "Merkez Mah (veliköy Köyü)",
        "posta_kodu": "08790"
    },
    {
        "mahalle_id": "312_2",
        "mahalle_adi": "Merkez Mah (yeşilce Köyü)",
        "posta_kodu": "08790"
    },
    {
        "mahalle_id": "401_2",
        "mahalle_adi": "Merkez Mah (yoncalı Köyü)",
        "posta_kodu": "08790"
    },
    {
        "mahalle_id": "397_2",
        "mahalle_adi": "Meydanlar Mah (pınarlı Köyü)",
        "posta_kodu": "08790"
    },
    {
        "mahalle_id": "119_2",
        "mahalle_adi": "Mezra Mah (karaköy Köyü)",
        "posta_kodu": "08790"
    },
    {
        "mahalle_id": "306_2",
        "mahalle_adi": "Mikazeler Mah (yağlı Köyü)",
        "posta_kodu": "08790"
    },
    {
        "mahalle_id": "415_2",
        "mahalle_adi": "Mısırlı Köyü",
        "posta_kodu": "08790"
    },
    {
        "mahalle_id": "7_2",
        "mahalle_adi": "Mollagil Mah (arpalı Köyü)",
        "posta_kodu": "08790"
    },
    {
        "mahalle_id": "299_2",
        "mahalle_adi": "Mollaoğlu Mah (oba Köyü)",
        "posta_kodu": "08790"
    },
    {
        "mahalle_id": "227_2",
        "mahalle_adi": "Mortlazelar Mah (yaşar Köyü)",
        "posta_kodu": "08790"
    },
    {
        "mahalle_id": "145_2",
        "mahalle_adi": "Muratoğlu Mah (kocabey Köyü)",
        "posta_kodu": "08790"
    },
    {
        "mahalle_id": "400_2",
        "mahalle_adi": "Mutluca Mah (şenköy Köyü)",
        "posta_kodu": "08790"
    },
    {
        "mahalle_id": "45_2",
        "mahalle_adi": "Nadıroğulları Mah (ciritdüzü Köyü)",
        "posta_kodu": "08790"
    },
    {
        "mahalle_id": "330_2",
        "mahalle_adi": "Nakuşnev Mah (akdamla Köyü)",
        "posta_kodu": "08790"
    },
    {
        "mahalle_id": "266_2",
        "mahalle_adi": "Naparnev Yaylası Mah (çukur Köyü)",
        "posta_kodu": "08790"
    },
    {
        "mahalle_id": "300_2",
        "mahalle_adi": "Oba Mah (oba Köyü)",
        "posta_kodu": "08790"
    },
    {
        "mahalle_id": "393_2",
        "mahalle_adi": "Odabaşlar Mah (pınarlı Köyü)",
        "posta_kodu": "08790"
    },
    {
        "mahalle_id": "335_2",
        "mahalle_adi": "Ogeçe Mah (aşağıkoyunlu Köyü)",
        "posta_kodu": "08790"
    },
    {
        "mahalle_id": "94_2",
        "mahalle_adi": "Okçular Mah (eskikale Köyü)",
        "posta_kodu": "08790"
    },
    {
        "mahalle_id": "193_2",
        "mahalle_adi": "Okul Mah (şenocak Köyü)",
        "posta_kodu": "08790"
    },
    {
        "mahalle_id": "372_2",
        "mahalle_adi": "Okurlar Mah (meşeli Köyü)",
        "posta_kodu": "08790"
    },
    {
        "mahalle_id": "58_2",
        "mahalle_adi": "Oluklar Mah (çavdarlı Köyü)",
        "posta_kodu": "08790"
    },
    {
        "mahalle_id": "70_2",
        "mahalle_adi": "Örencik Mah (çayağzı Köyü)",
        "posta_kodu": "08790"
    },
    {
        "mahalle_id": "329_2",
        "mahalle_adi": "Orta Mah (akdamla Köyü)",
        "posta_kodu": "08790"
    },
    {
        "mahalle_id": "8_2",
        "mahalle_adi": "Orta Mah (arpalı Köyü)",
        "posta_kodu": "08790"
    },
    {
        "mahalle_id": "333_2",
        "mahalle_adi": "Orta Mah (aşağıkoyunlu Köyü)",
        "posta_kodu": "08790"
    },
    {
        "mahalle_id": "75_2",
        "mahalle_adi": "Orta Mah (çiftlik Köyü)",
        "posta_kodu": "08790"
    },
    {
        "mahalle_id": "295_2",
        "mahalle_adi": "Orta Mah (oba Köyü)",
        "posta_kodu": "08790"
    },
    {
        "mahalle_id": "187_2",
        "mahalle_adi": "Orta Mah (şenocak Köyü)",
        "posta_kodu": "08790"
    },
    {
        "mahalle_id": "223_2",
        "mahalle_adi": "Orta Mah (yamaçlı Köyü)",
        "posta_kodu": "08790"
    },
    {
        "mahalle_id": "406_2",
        "mahalle_adi": "Orta Mah (yukarıkoyunlu Köyü)",
        "posta_kodu": "08790"
    },
    {
        "mahalle_id": "242_2",
        "mahalle_adi": "Orta Mah (ziyaret Köyü)",
        "posta_kodu": "08790"
    },
    {
        "mahalle_id": "88_2",
        "mahalle_adi": "Orta Savayil Mah (eskikale Köyü)",
        "posta_kodu": "08790"
    },
    {
        "mahalle_id": "254_2",
        "mahalle_adi": "Oruçlu Mah (çağlıpınar Köyü)",
        "posta_kodu": "08790"
    },
    {
        "mahalle_id": "142_2",
        "mahalle_adi": "Ovacık Mah (kireçli Köyü)",
        "posta_kodu": "08790"
    },
    {
        "mahalle_id": "30_2",
        "mahalle_adi": "Öztürkler Mah (cevizli Köyü)",
        "posta_kodu": "08790"
    },
    {
        "mahalle_id": "137_2",
        "mahalle_adi": "Pancarlık Mah (kirazlı Köyü)",
        "posta_kodu": "08790"
    },
    {
        "mahalle_id": "198_2",
        "mahalle_adi": "Papiyet Mah (tepeköy Köyü)",
        "posta_kodu": "08790"
    },
    {
        "mahalle_id": "331_2",
        "mahalle_adi": "Paruet Mah (akdamla Köyü)",
        "posta_kodu": "08790"
    },
    {
        "mahalle_id": "136_2",
        "mahalle_adi": "Pınartarla Mah (kirazlı Köyü)",
        "posta_kodu": "08790"
    },
    {
        "mahalle_id": "322_2",
        "mahalle_adi": "Pirpizeler Mah (veliköy Köyü)",
        "posta_kodu": "08790"
    },
    {
        "mahalle_id": "246_2",
        "mahalle_adi": "Pukşalar Mah (çağlıyan Köyü)",
        "posta_kodu": "08790"
    },
    {
        "mahalle_id": "276_2",
        "mahalle_adi": "Rabat Mah (dereiçi Köyü)",
        "posta_kodu": "08790"
    },
    {
        "mahalle_id": "229_2",
        "mahalle_adi": "Ramadangil Mah (yavuzköy Köyü)",
        "posta_kodu": "08790"
    },
    {
        "mahalle_id": "326_2",
        "mahalle_adi": "Recephane Mah (veliköy Köyü)",
        "posta_kodu": "08790"
    },
    {
        "mahalle_id": "152_2",
        "mahalle_adi": "Sahara Mah (kocabey Köyü)",
        "posta_kodu": "08790"
    },
    {
        "mahalle_id": "194_2",
        "mahalle_adi": "Sakdar Mah (şenocak Köyü)",
        "posta_kodu": "08790"
    },
    {
        "mahalle_id": "31_2",
        "mahalle_adi": "Sakioğlu Mah (cevizli Köyü)",
        "posta_kodu": "08790"
    },
    {
        "mahalle_id": "204_2",
        "mahalle_adi": "Sakiriyet Mah (tepeköy Köyü)",
        "posta_kodu": "08790"
    },
    {
        "mahalle_id": "403_2",
        "mahalle_adi": "Sakorniyet Mah (yoncalı Köyü)",
        "posta_kodu": "08790"
    },
    {
        "mahalle_id": "183_2",
        "mahalle_adi": "Şalikoğlu Mah (şalcı Köyü)",
        "posta_kodu": "08790"
    },
    {
        "mahalle_id": "129_2",
        "mahalle_adi": "Saraçoğlu Mah (kayadibi Köyü)",
        "posta_kodu": "08790"
    },
    {
        "mahalle_id": "290_2",
        "mahalle_adi": "Sarıçayır Mah (erikli Köyü)",
        "posta_kodu": "08790"
    },
    {
        "mahalle_id": "412_2",
        "mahalle_adi": "Sarıçiçek Mah (yukarıkoyunlu Köyü)",
        "posta_kodu": "08790"
    },
    {
        "mahalle_id": "357_2",
        "mahalle_adi": "Sarıkavak Mah (ılıca Köyü)",
        "posta_kodu": "08790"
    },
    {
        "mahalle_id": "350_2",
        "mahalle_adi": "Sarikevla Mah (ılıca Köyü)",
        "posta_kodu": "08790"
    },
    {
        "mahalle_id": "12_2",
        "mahalle_adi": "Sarkiseul Mah (arpalı Köyü)",
        "posta_kodu": "08790"
    },
    {
        "mahalle_id": "165_2",
        "mahalle_adi": "Şartul Mah (küplüce Köyü)",
        "posta_kodu": "08790"
    },
    {
        "mahalle_id": "124_2",
        "mahalle_adi": "Sasongil Mah (kayadibi Köyü)",
        "posta_kodu": "08790"
    },
    {
        "mahalle_id": "191_2",
        "mahalle_adi": "Satarbaşı Mah (şenocak Köyü)",
        "posta_kodu": "08790"
    },
    {
        "mahalle_id": "320_2",
        "mahalle_adi": "Şaturlar Mah (veliköy Köyü)",
        "posta_kodu": "08790"
    },
    {
        "mahalle_id": "13_2",
        "mahalle_adi": "Savahil Mah (arpalı Köyü)",
        "posta_kodu": "08790"
    },
    {
        "mahalle_id": "171_2",
        "mahalle_adi": "Savaş Köyü",
        "posta_kodu": "08790"
    },
    {
        "mahalle_id": "199_2",
        "mahalle_adi": "Savayil Mah (tepeköy Köyü)",
        "posta_kodu": "08790"
    },
    {
        "mahalle_id": "315_2",
        "mahalle_adi": "Sebzeli Mah (sebzeli Köyü)",
        "posta_kodu": "08790"
    },
    {
        "mahalle_id": "196_2",
        "mahalle_adi": "Şenocak Mah (şenocak Köyü)",
        "posta_kodu": "08790"
    },
    {
        "mahalle_id": "167_2",
        "mahalle_adi": "Serdallar Mah (küplüce Köyü)",
        "posta_kodu": "08790"
    },
    {
        "mahalle_id": "144_2",
        "mahalle_adi": "Sergici Mah (kocabey Köyü)",
        "posta_kodu": "08790"
    },
    {
        "mahalle_id": "339_2",
        "mahalle_adi": "Şeyhoğlu Mah (çermik Köyü)",
        "posta_kodu": "08790"
    },
    {
        "mahalle_id": "109_2",
        "mahalle_adi": "Şirinağagil Mah (karaağaç Köyü)",
        "posta_kodu": "08790"
    },
    {
        "mahalle_id": "79_2",
        "mahalle_adi": "Sırt Mah (dalkırmaz Köyü)",
        "posta_kodu": "08790"
    },
    {
        "mahalle_id": "235_2",
        "mahalle_adi": "Sırt Mah (yavuzköy Köyü)",
        "posta_kodu": "08790"
    },
    {
        "mahalle_id": "308_2",
        "mahalle_adi": "Şobelalar Mah (yağlı Köyü)",
        "posta_kodu": "08790"
    },
    {
        "mahalle_id": "217_2",
        "mahalle_adi": "Soçlindor Mah (yamaçlı Köyü)",
        "posta_kodu": "08790"
    },
    {
        "mahalle_id": "2_1",
        "mahalle_adi": "Söğütlü Mah",
        "posta_kodu": "08700"
    },
    {
        "mahalle_id": "15_2",
        "mahalle_adi": "Subaşgil Mah (atalar Köyü)",
        "posta_kodu": "08790"
    },
    {
        "mahalle_id": "386_2",
        "mahalle_adi": "Susuz Kışla Mah (pınarlı Köyü)",
        "posta_kodu": "08790"
    },
    {
        "mahalle_id": "179_2",
        "mahalle_adi": "Susuz Köyü",
        "posta_kodu": "08790"
    },
    {
        "mahalle_id": "195_2",
        "mahalle_adi": "Susuz Mah (şenocak Köyü)",
        "posta_kodu": "08790"
    },
    {
        "mahalle_id": "114_2",
        "mahalle_adi": "Tabanoğulları Mah (karaağaç Köyü)",
        "posta_kodu": "08790"
    },
    {
        "mahalle_id": "192_2",
        "mahalle_adi": "Tarlabaşı Mah (şenocak Köyü)",
        "posta_kodu": "08790"
    },
    {
        "mahalle_id": "232_2",
        "mahalle_adi": "Taşbaşı Mah (yavuzköy Köyü)",
        "posta_kodu": "08790"
    },
    {
        "mahalle_id": "416_2",
        "mahalle_adi": "Taşköprü Köyü",
        "posta_kodu": "08790"
    },
    {
        "mahalle_id": "391_2",
        "mahalle_adi": "Taşlı Yayla Mah (pınarlı Köyü)",
        "posta_kodu": "08790"
    },
    {
        "mahalle_id": "126_2",
        "mahalle_adi": "Tekdilde Mah (kayadibi Köyü)",
        "posta_kodu": "08790"
    },
    {
        "mahalle_id": "240_2",
        "mahalle_adi": "Tokazeler Mah (ziyaret Köyü)",
        "posta_kodu": "08790"
    },
    {
        "mahalle_id": "351_2",
        "mahalle_adi": "Topcular Mah (ılıca Köyü)",
        "posta_kodu": "08790"
    },
    {
        "mahalle_id": "236_2",
        "mahalle_adi": "Topçular Mah (yavuzköy Köyü)",
        "posta_kodu": "08790"
    },
    {
        "mahalle_id": "368_2",
        "mahalle_adi": "Toptaş Mah (meşeli Köyü)",
        "posta_kodu": "08790"
    },
    {
        "mahalle_id": "384_2",
        "mahalle_adi": "Tulazelar Mah (pınarlı Köyü)",
        "posta_kodu": "08790"
    },
    {
        "mahalle_id": "219_2",
        "mahalle_adi": "Turangil Mah (yamaçlı Köyü)",
        "posta_kodu": "08790"
    },
    {
        "mahalle_id": "38_2",
        "mahalle_adi": "Turutlar Mah (cevizli Köyü)",
        "posta_kodu": "08790"
    },
    {
        "mahalle_id": "98_2",
        "mahalle_adi": "Üçyol Mah (hanlı Köyü)",
        "posta_kodu": "08790"
    },
    {
        "mahalle_id": "252_2",
        "mahalle_adi": "Ulukent Mah (çağlıpınar Köyü)",
        "posta_kodu": "08790"
    },
    {
        "mahalle_id": "303_2",
        "mahalle_adi": "Ünyallar Mah (yağlı Köyü)",
        "posta_kodu": "08790"
    },
    {
        "mahalle_id": "309_2",
        "mahalle_adi": "Vaket Mah (yağlı Köyü)",
        "posta_kodu": "08790"
    },
    {
        "mahalle_id": "375_2",
        "mahalle_adi": "Velat Mah (pınarlı Köyü)",
        "posta_kodu": "08790"
    },
    {
        "mahalle_id": "177_2",
        "mahalle_adi": "Velta Mah (susuz Köyü)",
        "posta_kodu": "08790"
    },
    {
        "mahalle_id": "411_2",
        "mahalle_adi": "Y.koyunlu Mah (yukarıkoyunlu Köyü)",
        "posta_kodu": "08790"
    },
    {
        "mahalle_id": "77_2",
        "mahalle_adi": "Y.şindoban Mah (dalkırmaz Köyü)",
        "posta_kodu": "08790"
    },
    {
        "mahalle_id": "310_2",
        "mahalle_adi": "Yağlı Mah (yağlı Köyü)",
        "posta_kodu": "08790"
    },
    {
        "mahalle_id": "281_2",
        "mahalle_adi": "Yağmurlu Mah (dutlu Köyü)",
        "posta_kodu": "08790"
    },
    {
        "mahalle_id": "238_2",
        "mahalle_adi": "Yavuzköy Mah (yavuzköy Köyü)",
        "posta_kodu": "08790"
    },
    {
        "mahalle_id": "200_2",
        "mahalle_adi": "Yayalar Mah (tepeköy Köyü)",
        "posta_kodu": "08790"
    },
    {
        "mahalle_id": "154_2",
        "mahalle_adi": "Yayıklı Mah (köprüyaka Köyü)",
        "posta_kodu": "08790"
    },
    {
        "mahalle_id": "377_2",
        "mahalle_adi": "Yeni Kışla Mah (pınarlı Köyü)",
        "posta_kodu": "08790"
    },
    {
        "mahalle_id": "44_2",
        "mahalle_adi": "Yeni Mah (ciritdüzü Köyü)",
        "posta_kodu": "08790"
    },
    {
        "mahalle_id": "189_2",
        "mahalle_adi": "Yeni Mah (şenocak Köyü)",
        "posta_kodu": "08790"
    },
    {
        "mahalle_id": "3_1",
        "mahalle_adi": "Yeniköy Mah",
        "posta_kodu": "08700"
    },
    {
        "mahalle_id": "11_2",
        "mahalle_adi": "Yenkahor Mah (arpalı Köyü)",
        "posta_kodu": "08790"
    },
    {
        "mahalle_id": "316_2",
        "mahalle_adi": "Yeşilce Mah (veliköy Köyü)",
        "posta_kodu": "08790"
    },
    {
        "mahalle_id": "113_2",
        "mahalle_adi": "Yeşilvadi Mah (karaağaç Köyü)",
        "posta_kodu": "08790"
    },
    {
        "mahalle_id": "363_2",
        "mahalle_adi": "Yıldırım Mah (meşeli Köyü)",
        "posta_kodu": "08790"
    },
    {
        "mahalle_id": "128_2",
        "mahalle_adi": "Yukarı Cami Mah (kayadibi Köyü)",
        "posta_kodu": "08790"
    },
    {
        "mahalle_id": "138_2",
        "mahalle_adi": "Yukarı Cami Mah (kireçli Köyü)",
        "posta_kodu": "08790"
    },
    {
        "mahalle_id": "9_2",
        "mahalle_adi": "Yukarı Mah (arpalı Köyü)",
        "posta_kodu": "08790"
    },
    {
        "mahalle_id": "55_2",
        "mahalle_adi": "Yukarı Mah (çamlıca Köyü)",
        "posta_kodu": "08790"
    },
    {
        "mahalle_id": "340_2",
        "mahalle_adi": "Yukarı Mah (çermik Köyü)",
        "posta_kodu": "08790"
    },
    {
        "mahalle_id": "72_2",
        "mahalle_adi": "Yukarı Mah (çiftlik Köyü)",
        "posta_kodu": "08790"
    },
    {
        "mahalle_id": "84_2",
        "mahalle_adi": "Yukarı Mah (elmalı Köyü)",
        "posta_kodu": "08790"
    },
    {
        "mahalle_id": "100_2",
        "mahalle_adi": "Yukarı Mah (hanlı Köyü)",
        "posta_kodu": "08790"
    },
    {
        "mahalle_id": "116_2",
        "mahalle_adi": "Yukarı Mah (karaköy Köyü)",
        "posta_kodu": "08790"
    },
    {
        "mahalle_id": "149_2",
        "mahalle_adi": "Yukarı Mah (kocabey Köyü)",
        "posta_kodu": "08790"
    },
    {
        "mahalle_id": "169_2",
        "mahalle_adi": "Yukarı Mah (küplüce Köyü)",
        "posta_kodu": "08790"
    },
    {
        "mahalle_id": "292_2",
        "mahalle_adi": "Yukarı Mah (maden Köyü)",
        "posta_kodu": "08790"
    },
    {
        "mahalle_id": "172_2",
        "mahalle_adi": "Yukarı Mah (savaş Köyü)",
        "posta_kodu": "08790"
    },
    {
        "mahalle_id": "176_2",
        "mahalle_adi": "Yukarı Mah (susuz Köyü)",
        "posta_kodu": "08790"
    },
    {
        "mahalle_id": "302_2",
        "mahalle_adi": "Yukarı Mah (tepebaşı Köyü)",
        "posta_kodu": "08790"
    },
    {
        "mahalle_id": "317_2",
        "mahalle_adi": "Yukarı Mah (veliköy Köyü)",
        "posta_kodu": "08790"
    },
    {
        "mahalle_id": "218_2",
        "mahalle_adi": "Yukarı Mah (yamaçlı Köyü)",
        "posta_kodu": "08790"
    },
    {
        "mahalle_id": "225_2",
        "mahalle_adi": "Yukarı Mah (yaşar Köyü)",
        "posta_kodu": "08790"
    },
    {
        "mahalle_id": "405_2",
        "mahalle_adi": "Yukarı Mah (yukarıkoyunlu Köyü)",
        "posta_kodu": "08790"
    },
    {
        "mahalle_id": "239_2",
        "mahalle_adi": "Yukarı Mah (ziyaret Köyü)",
        "posta_kodu": "08790"
    },
    {
        "mahalle_id": "258_2",
        "mahalle_adi": "Yukarı Tetraket Mah (çukur Köyü)",
        "posta_kodu": "08790"
    },
    {
        "mahalle_id": "106_2",
        "mahalle_adi": "Yukarı Yayla Mah (hanlı Köyü)",
        "posta_kodu": "08790"
    },
    {
        "mahalle_id": "6_2",
        "mahalle_adi": "Zamigil Mah (arpalı Köyü)",
        "posta_kodu": "08790"
    },
    {
        "mahalle_id": "408_2",
        "mahalle_adi": "Zanta Mah (yukarıkoyunlu Köyü)",
        "posta_kodu": "08790"
    },
    {
        "mahalle_id": "37_2",
        "mahalle_adi": "Ziyadoğlu Mah (cevizli Köyü)",
        "posta_kodu": "08790"
    },
    {
        "mahalle_id": "318_2",
        "mahalle_adi": "Ziyaret Mah (veliköy Köyü)",
        "posta_kodu": "08790"
    },
    {
        "mahalle_id": "243_2",
        "mahalle_adi": "Ziyaret Mah (ziyaret Köyü)",
        "posta_kodu": "08790"
    }
]