[
    {
        "mahalle_id": "8_2",
        "mahalle_adi": "100.yıl Mah",
        "posta_kodu": "04200"
    },
    {
        "mahalle_id": "1_1",
        "mahalle_adi": "Abide Mah",
        "posta_kodu": "04100"
    },
    {
        "mahalle_id": "1_3",
        "mahalle_adi": "Ağılbaşı Köyü",
        "posta_kodu": "04010"
    },
    {
        "mahalle_id": "129_3",
        "mahalle_adi": "Ağrı Osb Mah (murat Köyü)",
        "posta_kodu": "04010"
    },
    {
        "mahalle_id": "2_3",
        "mahalle_adi": "Ahmetbey Köyü",
        "posta_kodu": "04010"
    },
    {
        "mahalle_id": "3_3",
        "mahalle_adi": "Akbulgur Köyü",
        "posta_kodu": "04010"
    },
    {
        "mahalle_id": "64_3",
        "mahalle_adi": "Akçay Köyü",
        "posta_kodu": "04010"
    },
    {
        "mahalle_id": "1_2",
        "mahalle_adi": "Alpaslan Mah",
        "posta_kodu": "04200"
    },
    {
        "mahalle_id": "4_3",
        "mahalle_adi": "Altınçayır Mah (kocataş Köyü)",
        "posta_kodu": "04010"
    },
    {
        "mahalle_id": "5_3",
        "mahalle_adi": "Anakaya Köyü",
        "posta_kodu": "04010"
    },
    {
        "mahalle_id": "6_3",
        "mahalle_adi": "Arakonak Köyü",
        "posta_kodu": "04010"
    },
    {
        "mahalle_id": "20_3",
        "mahalle_adi": "Arap Mah (çobanbeyi Köyü)",
        "posta_kodu": "04010"
    },
    {
        "mahalle_id": "121_3",
        "mahalle_adi": "Aşağı Pınar Mah (uzunveli Köyü)",
        "posta_kodu": "04010"
    },
    {
        "mahalle_id": "98_3",
        "mahalle_adi": "Aşağıağadeve Köyü",
        "posta_kodu": "04010"
    },
    {
        "mahalle_id": "65_3",
        "mahalle_adi": "Aşağıdürmeli Köyü",
        "posta_kodu": "04010"
    },
    {
        "mahalle_id": "66_3",
        "mahalle_adi": "Aşağıkent Köyü",
        "posta_kodu": "04010"
    },
    {
        "mahalle_id": "10_1",
        "mahalle_adi": "Aşağıküpkıran Mah",
        "posta_kodu": "04100"
    },
    {
        "mahalle_id": "67_3",
        "mahalle_adi": "Aşağıpamuktaş Köyü",
        "posta_kodu": "04010"
    },
    {
        "mahalle_id": "8_3",
        "mahalle_adi": "Aşağısaklıca Köyü",
        "posta_kodu": "04010"
    },
    {
        "mahalle_id": "84_3",
        "mahalle_adi": "Aşağısubaşı Mah (kovancık Köyü)",
        "posta_kodu": "04010"
    },
    {
        "mahalle_id": "10_3",
        "mahalle_adi": "Aşağıyoldüzü Köyü",
        "posta_kodu": "04010"
    },
    {
        "mahalle_id": "11_3",
        "mahalle_adi": "Aşkale Köyü",
        "posta_kodu": "04010"
    },
    {
        "mahalle_id": "7_3",
        "mahalle_adi": "Aslangazi Köyü",
        "posta_kodu": "04010"
    },
    {
        "mahalle_id": "82_3",
        "mahalle_adi": "Ayranlı Mah (kovancık Köyü)",
        "posta_kodu": "04010"
    },
    {
        "mahalle_id": "12_3",
        "mahalle_adi": "Badıllı Köyü",
        "posta_kodu": "04010"
    },
    {
        "mahalle_id": "2_1",
        "mahalle_adi": "Bahçelievler Mah",
        "posta_kodu": "04100"
    },
    {
        "mahalle_id": "99_3",
        "mahalle_adi": "Balıksu Köyü",
        "posta_kodu": "04010"
    },
    {
        "mahalle_id": "69_3",
        "mahalle_adi": "Balkaynak Köyü",
        "posta_kodu": "04010"
    },
    {
        "mahalle_id": "100_3",
        "mahalle_adi": "Ballıbostan Köyü",
        "posta_kodu": "04010"
    },
    {
        "mahalle_id": "13_3",
        "mahalle_adi": "Baloluk Köyü",
        "posta_kodu": "04010"
    },
    {
        "mahalle_id": "70_3",
        "mahalle_adi": "Başçavuş Köyü",
        "posta_kodu": "04010"
    },
    {
        "mahalle_id": "71_3",
        "mahalle_adi": "Başkent Köyü",
        "posta_kodu": "04010"
    },
    {
        "mahalle_id": "14_3",
        "mahalle_adi": "Beşbulak Köyü",
        "posta_kodu": "04010"
    },
    {
        "mahalle_id": "101_3",
        "mahalle_adi": "Beşiktepe Köyü",
        "posta_kodu": "04010"
    },
    {
        "mahalle_id": "102_3",
        "mahalle_adi": "Bezirhane Köyü",
        "posta_kodu": "04010"
    },
    {
        "mahalle_id": "15_3",
        "mahalle_adi": "Bölükbaşı Köyü",
        "posta_kodu": "04010"
    },
    {
        "mahalle_id": "103_3",
        "mahalle_adi": "Boztoprak Köyü",
        "posta_kodu": "04010"
    },
    {
        "mahalle_id": "104_3",
        "mahalle_adi": "Çakıroba Köyü",
        "posta_kodu": "04010"
    },
    {
        "mahalle_id": "16_3",
        "mahalle_adi": "Çamurlu Köyü",
        "posta_kodu": "04010"
    },
    {
        "mahalle_id": "17_3",
        "mahalle_adi": "Çatalipaşa Köyü",
        "posta_kodu": "04010"
    },
    {
        "mahalle_id": "116_3",
        "mahalle_adi": "Çayır Mah (oğlaklı Köyü)",
        "posta_kodu": "04010"
    },
    {
        "mahalle_id": "18_3",
        "mahalle_adi": "Çayırköy Köyü",
        "posta_kodu": "04010"
    },
    {
        "mahalle_id": "19_3",
        "mahalle_adi": "Çobanbeyi Köyü",
        "posta_kodu": "04010"
    },
    {
        "mahalle_id": "21_3",
        "mahalle_adi": "Çukuralan Köyü",
        "posta_kodu": "04010"
    },
    {
        "mahalle_id": "22_3",
        "mahalle_adi": "Çukurçayır Köyü",
        "posta_kodu": "04010"
    },
    {
        "mahalle_id": "62_3",
        "mahalle_adi": "Cumaçay Köyü",
        "posta_kodu": "04010"
    },
    {
        "mahalle_id": "2_2",
        "mahalle_adi": "Cumhuriyet Mah",
        "posta_kodu": "04200"
    },
    {
        "mahalle_id": "128_3",
        "mahalle_adi": "Darboğaz Mah (yukarıağadeve Köyü)",
        "posta_kodu": "04010"
    },
    {
        "mahalle_id": "83_3",
        "mahalle_adi": "Darıca Mah (kovancık Köyü)",
        "posta_kodu": "04010"
    },
    {
        "mahalle_id": "23_3",
        "mahalle_adi": "Dedemaksut Köyü",
        "posta_kodu": "04010"
    },
    {
        "mahalle_id": "105_3",
        "mahalle_adi": "Doğutepe Köyü",
        "posta_kodu": "04010"
    },
    {
        "mahalle_id": "72_3",
        "mahalle_adi": "Dönerdere Köyü",
        "posta_kodu": "04010"
    },
    {
        "mahalle_id": "73_3",
        "mahalle_adi": "Dumanlı Köyü",
        "posta_kodu": "04010"
    },
    {
        "mahalle_id": "24_3",
        "mahalle_adi": "Eğribelen Köyü",
        "posta_kodu": "04010"
    },
    {
        "mahalle_id": "25_3",
        "mahalle_adi": "Eliaçık Köyü",
        "posta_kodu": "04010"
    },
    {
        "mahalle_id": "108_3",
        "mahalle_adi": "Esen Köy Mah (esenköy Köyü)",
        "posta_kodu": "04010"
    },
    {
        "mahalle_id": "107_3",
        "mahalle_adi": "Esenköy Köyü",
        "posta_kodu": "04010"
    },
    {
        "mahalle_id": "26_3",
        "mahalle_adi": "Eskiharman Köyü",
        "posta_kodu": "04010"
    },
    {
        "mahalle_id": "3_1",
        "mahalle_adi": "Fatih Mah",
        "posta_kodu": "04100"
    },
    {
        "mahalle_id": "41_3",
        "mahalle_adi": "Ferhat Mah (sarıca Köyü)",
        "posta_kodu": "04010"
    },
    {
        "mahalle_id": "3_2",
        "mahalle_adi": "Fevzi Çakmak Mah",
        "posta_kodu": "04200"
    },
    {
        "mahalle_id": "4_2",
        "mahalle_adi": "Fırat Mah",
        "posta_kodu": "04200"
    },
    {
        "mahalle_id": "4_1",
        "mahalle_adi": "Gazi Mah",
        "posta_kodu": "04100"
    },
    {
        "mahalle_id": "109_3",
        "mahalle_adi": "Geçitalan Köyü",
        "posta_kodu": "04010"
    },
    {
        "mahalle_id": "79_3",
        "mahalle_adi": "Gölsevti Mah (kovancık Köyü)",
        "posta_kodu": "04010"
    },
    {
        "mahalle_id": "126_3",
        "mahalle_adi": "Gülçimen Mah (yukarıağadeve Köyü)",
        "posta_kodu": "04010"
    },
    {
        "mahalle_id": "74_3",
        "mahalle_adi": "Gümüşyazı Köyü",
        "posta_kodu": "04010"
    },
    {
        "mahalle_id": "110_3",
        "mahalle_adi": "Güneysu Köyü",
        "posta_kodu": "04010"
    },
    {
        "mahalle_id": "27_3",
        "mahalle_adi": "Güvendik Köyü",
        "posta_kodu": "04010"
    },
    {
        "mahalle_id": "28_3",
        "mahalle_adi": "Güvenli Köyü",
        "posta_kodu": "04010"
    },
    {
        "mahalle_id": "29_3",
        "mahalle_adi": "Hacısefer Köyü",
        "posta_kodu": "04010"
    },
    {
        "mahalle_id": "75_3",
        "mahalle_adi": "Hanoba Köyü",
        "posta_kodu": "04010"
    },
    {
        "mahalle_id": "111_3",
        "mahalle_adi": "Hıdır Köyü",
        "posta_kodu": "04010"
    },
    {
        "mahalle_id": "5_1",
        "mahalle_adi": "Hürriyet Mah",
        "posta_kodu": "04100"
    },
    {
        "mahalle_id": "112_3",
        "mahalle_adi": "Kalender Köyü",
        "posta_kodu": "04010"
    },
    {
        "mahalle_id": "30_3",
        "mahalle_adi": "Karasu Köyü",
        "posta_kodu": "04010"
    },
    {
        "mahalle_id": "31_3",
        "mahalle_adi": "Kavacık Köyü",
        "posta_kodu": "04010"
    },
    {
        "mahalle_id": "113_3",
        "mahalle_adi": "Kavakköy Köyü",
        "posta_kodu": "04010"
    },
    {
        "mahalle_id": "32_3",
        "mahalle_adi": "Kayabey Köyü",
        "posta_kodu": "04010"
    },
    {
        "mahalle_id": "6_1",
        "mahalle_adi": "Kazım Karabekir Mah",
        "posta_kodu": "04100"
    },
    {
        "mahalle_id": "114_3",
        "mahalle_adi": "Kazlı Köyü",
        "posta_kodu": "04010"
    },
    {
        "mahalle_id": "76_3",
        "mahalle_adi": "Kocataş Köyü",
        "posta_kodu": "04010"
    },
    {
        "mahalle_id": "77_3",
        "mahalle_adi": "Koçbaşı Köyü",
        "posta_kodu": "04010"
    },
    {
        "mahalle_id": "63_3",
        "mahalle_adi": "Komik Mah (cumaçay Köyü)",
        "posta_kodu": "04010"
    },
    {
        "mahalle_id": "36_3",
        "mahalle_adi": "Konak Mah (mollaosman Köyü)",
        "posta_kodu": "04010"
    },
    {
        "mahalle_id": "33_3",
        "mahalle_adi": "Konuktepe Köyü",
        "posta_kodu": "04010"
    },
    {
        "mahalle_id": "78_3",
        "mahalle_adi": "Kovancık Köyü",
        "posta_kodu": "04010"
    },
    {
        "mahalle_id": "34_3",
        "mahalle_adi": "Kumlugeçit Köyü",
        "posta_kodu": "04010"
    },
    {
        "mahalle_id": "5_2",
        "mahalle_adi": "Kurtuluş Mah",
        "posta_kodu": "04200"
    },
    {
        "mahalle_id": "7_1",
        "mahalle_adi": "Leylek Pınar Mah",
        "posta_kodu": "04100"
    },
    {
        "mahalle_id": "9_3",
        "mahalle_adi": "Mamık Mah (aşağısaklıca Köyü)",
        "posta_kodu": "04010"
    },
    {
        "mahalle_id": "6_2",
        "mahalle_adi": "Mehmet Akif Ersoy Mah",
        "posta_kodu": "04200"
    },
    {
        "mahalle_id": "68_3",
        "mahalle_adi": "Mezra Mah (aşağıpamuktaş Köyü)",
        "posta_kodu": "04010"
    },
    {
        "mahalle_id": "106_3",
        "mahalle_adi": "Mezra Mah (doğutepe Köyü)",
        "posta_kodu": "04010"
    },
    {
        "mahalle_id": "85_3",
        "mahalle_adi": "Mollaali Köyü",
        "posta_kodu": "04010"
    },
    {
        "mahalle_id": "35_3",
        "mahalle_adi": "Mollaosman Köyü",
        "posta_kodu": "04010"
    },
    {
        "mahalle_id": "96_3",
        "mahalle_adi": "Murat Köyü",
        "posta_kodu": "04010"
    },
    {
        "mahalle_id": "7_2",
        "mahalle_adi": "Murat Mah",
        "posta_kodu": "04200"
    },
    {
        "mahalle_id": "37_3",
        "mahalle_adi": "Murathan Köyü",
        "posta_kodu": "04010"
    },
    {
        "mahalle_id": "115_3",
        "mahalle_adi": "Oğlaklı Köyü",
        "posta_kodu": "04010"
    },
    {
        "mahalle_id": "86_3",
        "mahalle_adi": "Ortakent Köyü",
        "posta_kodu": "04010"
    },
    {
        "mahalle_id": "117_3",
        "mahalle_adi": "Ortayokuş Köyü",
        "posta_kodu": "04010"
    },
    {
        "mahalle_id": "118_3",
        "mahalle_adi": "Otlubayır Köyü",
        "posta_kodu": "04010"
    },
    {
        "mahalle_id": "38_3",
        "mahalle_adi": "Ozanlar Köyü",
        "posta_kodu": "04010"
    },
    {
        "mahalle_id": "119_3",
        "mahalle_adi": "Özbaşı Köyü",
        "posta_kodu": "04010"
    },
    {
        "mahalle_id": "87_3",
        "mahalle_adi": "Özveren Köyü",
        "posta_kodu": "04010"
    },
    {
        "mahalle_id": "80_3",
        "mahalle_adi": "Pınarcık Mah (kovancık Köyü)",
        "posta_kodu": "04010"
    },
    {
        "mahalle_id": "42_3",
        "mahalle_adi": "Reşo Mah (sarıca Köyü)",
        "posta_kodu": "04010"
    },
    {
        "mahalle_id": "39_3",
        "mahalle_adi": "Sabuncu Köyü",
        "posta_kodu": "04010"
    },
    {
        "mahalle_id": "88_3",
        "mahalle_adi": "Sağırtaş Köyü",
        "posta_kodu": "04010"
    },
    {
        "mahalle_id": "40_3",
        "mahalle_adi": "Sarıca Köyü",
        "posta_kodu": "04010"
    },
    {
        "mahalle_id": "120_3",
        "mahalle_adi": "Sarıdoğan Köyü",
        "posta_kodu": "04010"
    },
    {
        "mahalle_id": "89_3",
        "mahalle_adi": "Sarıharman Köyü",
        "posta_kodu": "04010"
    },
    {
        "mahalle_id": "43_3",
        "mahalle_adi": "Sarıtaş Köyü",
        "posta_kodu": "04010"
    },
    {
        "mahalle_id": "8_1",
        "mahalle_adi": "Sıtkıye Mah",
        "posta_kodu": "04100"
    },
    {
        "mahalle_id": "91_3",
        "mahalle_adi": "Soğancumaçay Köyü",
        "posta_kodu": "04010"
    },
    {
        "mahalle_id": "44_3",
        "mahalle_adi": "Soğanköy Köyü",
        "posta_kodu": "04010"
    },
    {
        "mahalle_id": "45_3",
        "mahalle_adi": "Söğütlü Köyü",
        "posta_kodu": "04010"
    },
    {
        "mahalle_id": "46_3",
        "mahalle_adi": "Suçatağı Köyü",
        "posta_kodu": "04010"
    },
    {
        "mahalle_id": "47_3",
        "mahalle_adi": "Taştekne Köyü",
        "posta_kodu": "04010"
    },
    {
        "mahalle_id": "92_3",
        "mahalle_adi": "Taypınar Köyü",
        "posta_kodu": "04010"
    },
    {
        "mahalle_id": "48_3",
        "mahalle_adi": "Tellisırt Köyü",
        "posta_kodu": "04010"
    },
    {
        "mahalle_id": "49_3",
        "mahalle_adi": "Tezeren Köyü",
        "posta_kodu": "04010"
    },
    {
        "mahalle_id": "97_3",
        "mahalle_adi": "Üç Evler Mah (murat Köyü)",
        "posta_kodu": "04010"
    },
    {
        "mahalle_id": "93_3",
        "mahalle_adi": "Uçarkaya Köyü",
        "posta_kodu": "04010"
    },
    {
        "mahalle_id": "50_3",
        "mahalle_adi": "Yakınca Köyü",
        "posta_kodu": "04010"
    },
    {
        "mahalle_id": "123_3",
        "mahalle_adi": "Yalnızkonak Köyü",
        "posta_kodu": "04010"
    },
    {
        "mahalle_id": "9_1",
        "mahalle_adi": "Yavuz Mah",
        "posta_kodu": "04100"
    },
    {
        "mahalle_id": "81_3",
        "mahalle_adi": "Yayıklı Mah (kovancık Köyü)",
        "posta_kodu": "04010"
    },
    {
        "mahalle_id": "51_3",
        "mahalle_adi": "Yaylaköy Köyü",
        "posta_kodu": "04010"
    },
    {
        "mahalle_id": "52_3",
        "mahalle_adi": "Yazıcı Köyü",
        "posta_kodu": "04010"
    },
    {
        "mahalle_id": "124_3",
        "mahalle_adi": "Yazılı Köyü",
        "posta_kodu": "04010"
    },
    {
        "mahalle_id": "53_3",
        "mahalle_adi": "Yığıntepe Köyü",
        "posta_kodu": "04010"
    },
    {
        "mahalle_id": "54_3",
        "mahalle_adi": "Yolluyazı Köyü",
        "posta_kodu": "04010"
    },
    {
        "mahalle_id": "55_3",
        "mahalle_adi": "Yolugüzel Köyü",
        "posta_kodu": "04010"
    },
    {
        "mahalle_id": "56_3",
        "mahalle_adi": "Yoncalı Köyü",
        "posta_kodu": "04010"
    },
    {
        "mahalle_id": "57_3",
        "mahalle_adi": "Yorgunsöğüt Köyü",
        "posta_kodu": "04010"
    },
    {
        "mahalle_id": "122_3",
        "mahalle_adi": "Yukarı Pınar Mah (uzunveli Köyü)",
        "posta_kodu": "04010"
    },
    {
        "mahalle_id": "90_3",
        "mahalle_adi": "Yukarı Subaşı Mah (sarıharman Köyü)",
        "posta_kodu": "04010"
    },
    {
        "mahalle_id": "127_3",
        "mahalle_adi": "Yukarıağadeve Köyü",
        "posta_kodu": "04010"
    },
    {
        "mahalle_id": "94_3",
        "mahalle_adi": "Yukarıdürmeli Köyü",
        "posta_kodu": "04010"
    },
    {
        "mahalle_id": "125_3",
        "mahalle_adi": "Yukarıküpkıran Köyü",
        "posta_kodu": "04010"
    },
    {
        "mahalle_id": "95_3",
        "mahalle_adi": "Yukarıpamuktaş Köyü",
        "posta_kodu": "04010"
    },
    {
        "mahalle_id": "58_3",
        "mahalle_adi": "Yukarısaklıca Köyü",
        "posta_kodu": "04010"
    },
    {
        "mahalle_id": "59_3",
        "mahalle_adi": "Yukarıyoldüzü Köyü",
        "posta_kodu": "04010"
    },
    {
        "mahalle_id": "60_3",
        "mahalle_adi": "Yurtpınar Köyü",
        "posta_kodu": "04010"
    },
    {
        "mahalle_id": "61_3",
        "mahalle_adi": "Ziyaret Köyü",
        "posta_kodu": "04010"
    }
]