[
    {
        "mahalle_id": "15_2",
        "mahalle_adi": "Agora Mah (beşağıl Köyü)",
        "posta_kodu": "08100"
    },
    {
        "mahalle_id": "199_2",
        "mahalle_adi": "Aguset Mah (aşağımaden Köyü)",
        "posta_kodu": "08100"
    },
    {
        "mahalle_id": "291_2",
        "mahalle_adi": "Aharşen Mah (yukarımaden Köyü)",
        "posta_kodu": "08100"
    },
    {
        "mahalle_id": "6_2",
        "mahalle_adi": "Ahlat Mah (ahlat Köyü)",
        "posta_kodu": "08100"
    },
    {
        "mahalle_id": "105_2",
        "mahalle_adi": "Akbudak Mah (ortaköy Köyü)",
        "posta_kodu": "08100"
    },
    {
        "mahalle_id": "272_2",
        "mahalle_adi": "Aktaş Mah (yukarımaden Köyü)",
        "posta_kodu": "08100"
    },
    {
        "mahalle_id": "116_2",
        "mahalle_adi": "Alabalık Mah (alabalık Köyü)",
        "posta_kodu": "08100"
    },
    {
        "mahalle_id": "43_2",
        "mahalle_adi": "Altunbağ Mah (sümbüllü Köyü)",
        "posta_kodu": "08100"
    },
    {
        "mahalle_id": "49_2",
        "mahalle_adi": "Ançeloğlu Mah (şehitlik Köyü)",
        "posta_kodu": "08100"
    },
    {
        "mahalle_id": "9_2",
        "mahalle_adi": "Arif Çavuş Mah (bakırköy Köyü)",
        "posta_kodu": "08100"
    },
    {
        "mahalle_id": "59_2",
        "mahalle_adi": "Arıpınar Mah (taşlıca Köyü)",
        "posta_kodu": "08100"
    },
    {
        "mahalle_id": "158_2",
        "mahalle_adi": "Aşağı Bağlar Mah (yanıklı Köyü)",
        "posta_kodu": "08100"
    },
    {
        "mahalle_id": "191_2",
        "mahalle_adi": "Aşağı Maden Mah (aşağımaden Köyü)",
        "posta_kodu": "08100"
    },
    {
        "mahalle_id": "211_2",
        "mahalle_adi": "Aşağı Mah (dikmenli Köyü)",
        "posta_kodu": "08100"
    },
    {
        "mahalle_id": "135_2",
        "mahalle_adi": "Aşağı Mah (hamamlı Köyü)",
        "posta_kodu": "08100"
    },
    {
        "mahalle_id": "223_2",
        "mahalle_adi": "Aşağı Mah (hızarlı Köyü)",
        "posta_kodu": "08100"
    },
    {
        "mahalle_id": "69_2",
        "mahalle_adi": "Aşağı Mah (tütüncüler Köyü)",
        "posta_kodu": "08100"
    },
    {
        "mahalle_id": "35_2",
        "mahalle_adi": "Aşağı Tolgum Mah (salkımlı Köyü)",
        "posta_kodu": "08100"
    },
    {
        "mahalle_id": "222_2",
        "mahalle_adi": "Aşağıbağlık Mah (dokuzoğul Köyü)",
        "posta_kodu": "08100"
    },
    {
        "mahalle_id": "95_2",
        "mahalle_adi": "Atabeylar Mah (ortaköy Köyü)",
        "posta_kodu": "08100"
    },
    {
        "mahalle_id": "114_2",
        "mahalle_adi": "Atanasur Mah (ortaköy Köyü)",
        "posta_kodu": "08100"
    },
    {
        "mahalle_id": "225_2",
        "mahalle_adi": "Avaza Mah (hızarlı Köyü)",
        "posta_kodu": "08100"
    },
    {
        "mahalle_id": "201_2",
        "mahalle_adi": "Avazan Mah (aşağımaden Köyü)",
        "posta_kodu": "08100"
    },
    {
        "mahalle_id": "42_2",
        "mahalle_adi": "Aydoğan Mah (seyitler Köyü)",
        "posta_kodu": "08100"
    },
    {
        "mahalle_id": "8_2",
        "mahalle_adi": "Azizağaoğlu Mah (bakırköy Köyü)",
        "posta_kodu": "08100"
    },
    {
        "mahalle_id": "260_2",
        "mahalle_adi": "Babanoğlu Mah (yukarımaden Köyü)",
        "posta_kodu": "08100"
    },
    {
        "mahalle_id": "205_2",
        "mahalle_adi": "Bademlik Mah (derinköy Köyü)",
        "posta_kodu": "08100"
    },
    {
        "mahalle_id": "147_2",
        "mahalle_adi": "Bağlar Mah (sakalar Köyü)",
        "posta_kodu": "08100"
    },
    {
        "mahalle_id": "172_2",
        "mahalle_adi": "Bağlık Mah (ağıllar Köyü)",
        "posta_kodu": "08100"
    },
    {
        "mahalle_id": "241_2",
        "mahalle_adi": "Bağlık Mah (okumuşlar Köyü)",
        "posta_kodu": "08100"
    },
    {
        "mahalle_id": "266_2",
        "mahalle_adi": "Bahçeli Mah (yukarımaden Köyü)",
        "posta_kodu": "08100"
    },
    {
        "mahalle_id": "1_1",
        "mahalle_adi": "Balcıoğlu Mah",
        "posta_kodu": "08010"
    },
    {
        "mahalle_id": "118_2",
        "mahalle_adi": "Ballı Mah (alabalık Köyü)",
        "posta_kodu": "08100"
    },
    {
        "mahalle_id": "202_2",
        "mahalle_adi": "Ballı Üzüm Mah (ballıüzüm Köyü)",
        "posta_kodu": "08100"
    },
    {
        "mahalle_id": "110_2",
        "mahalle_adi": "Bardaklı Mah (ortaköy Köyü)",
        "posta_kodu": "08100"
    },
    {
        "mahalle_id": "88_2",
        "mahalle_adi": "Basılavur Mah (vezirköy Köyü)",
        "posta_kodu": "08100"
    },
    {
        "mahalle_id": "48_2",
        "mahalle_adi": "Basot Mah (şehitlik Köyü)",
        "posta_kodu": "08100"
    },
    {
        "mahalle_id": "214_2",
        "mahalle_adi": "Bayramlı Mah (dokuzoğul Köyü)",
        "posta_kodu": "08100"
    },
    {
        "mahalle_id": "70_2",
        "mahalle_adi": "Berzeler Mah (varlık Köyü)",
        "posta_kodu": "08100"
    },
    {
        "mahalle_id": "289_2",
        "mahalle_adi": "Beşağaç Mah (yukarımaden Köyü)",
        "posta_kodu": "08100"
    },
    {
        "mahalle_id": "12_2",
        "mahalle_adi": "Beşağıl Mah (beşağıl Köyü)",
        "posta_kodu": "08100"
    },
    {
        "mahalle_id": "212_2",
        "mahalle_adi": "Beycur Mah (dikmenli Köyü)",
        "posta_kodu": "08100"
    },
    {
        "mahalle_id": "92_2",
        "mahalle_adi": "Bikililer Mah (ortaköy Köyü)",
        "posta_kodu": "08100"
    },
    {
        "mahalle_id": "180_2",
        "mahalle_adi": "Boluklu Mah (aşağımaden Köyü)",
        "posta_kodu": "08100"
    },
    {
        "mahalle_id": "203_2",
        "mahalle_adi": "Böreket Mah (derinköy Köyü)",
        "posta_kodu": "08100"
    },
    {
        "mahalle_id": "98_2",
        "mahalle_adi": "Büyük Yayla Mah (ortaköy Köyü)",
        "posta_kodu": "08100"
    },
    {
        "mahalle_id": "208_2",
        "mahalle_adi": "Çağrakan Mah (dikmenli Köyü)",
        "posta_kodu": "08100"
    },
    {
        "mahalle_id": "99_2",
        "mahalle_adi": "Çakmaklı Mah (ortaköy Köyü)",
        "posta_kodu": "08100"
    },
    {
        "mahalle_id": "74_2",
        "mahalle_adi": "Çalant Mah (varlık Köyü)",
        "posta_kodu": "08100"
    },
    {
        "mahalle_id": "279_2",
        "mahalle_adi": "Çalıkeu Mah (yukarımaden Köyü)",
        "posta_kodu": "08100"
    },
    {
        "mahalle_id": "91_2",
        "mahalle_adi": "Çalışkanlar Mah (ortaköy Köyü)",
        "posta_kodu": "08100"
    },
    {
        "mahalle_id": "274_2",
        "mahalle_adi": "Çam Mah (yukarımaden Köyü)",
        "posta_kodu": "08100"
    },
    {
        "mahalle_id": "3_2",
        "mahalle_adi": "Cami Mah (ahlat Köyü)",
        "posta_kodu": "08100"
    },
    {
        "mahalle_id": "182_2",
        "mahalle_adi": "Cami Mah (aşağımaden Köyü)",
        "posta_kodu": "08100"
    },
    {
        "mahalle_id": "132_2",
        "mahalle_adi": "Cami Mah (hamamlı Köyü)",
        "posta_kodu": "08100"
    },
    {
        "mahalle_id": "254_2",
        "mahalle_adi": "Cami Mah (sarıbudak Köyü)",
        "posta_kodu": "08100"
    },
    {
        "mahalle_id": "46_2",
        "mahalle_adi": "Cami Mah (şehitlik Köyü)",
        "posta_kodu": "08100"
    },
    {
        "mahalle_id": "2_1",
        "mahalle_adi": "Çamlık Mah",
        "posta_kodu": "08010"
    },
    {
        "mahalle_id": "235_2",
        "mahalle_adi": "Çamlık Mah (kalburlu Köyü)",
        "posta_kodu": "08100"
    },
    {
        "mahalle_id": "217_2",
        "mahalle_adi": "Çamlıkaya Mah (dokuzoğul Köyü)",
        "posta_kodu": "08100"
    },
    {
        "mahalle_id": "227_2",
        "mahalle_adi": "Cancağ Mah (hızarlı Köyü)",
        "posta_kodu": "08100"
    },
    {
        "mahalle_id": "261_2",
        "mahalle_adi": "Canoğlu Mah (yukarımaden Köyü)",
        "posta_kodu": "08100"
    },
    {
        "mahalle_id": "39_2",
        "mahalle_adi": "Çarbiyet Mah (seyitler Köyü)",
        "posta_kodu": "08100"
    },
    {
        "mahalle_id": "3_1",
        "mahalle_adi": "Çarşı Mah",
        "posta_kodu": "08010"
    },
    {
        "mahalle_id": "280_2",
        "mahalle_adi": "Cartiyet Mah (yukarımaden Köyü)",
        "posta_kodu": "08100"
    },
    {
        "mahalle_id": "287_2",
        "mahalle_adi": "Cartiyet Yaylası Mah (yukarımaden Köyü)",
        "posta_kodu": "08100"
    },
    {
        "mahalle_id": "96_2",
        "mahalle_adi": "Çatalca Mah (ortaköy Köyü)",
        "posta_kodu": "08100"
    },
    {
        "mahalle_id": "142_2",
        "mahalle_adi": "Çavuşlar Mah (pırnallı Köyü)",
        "posta_kodu": "08100"
    },
    {
        "mahalle_id": "4_1",
        "mahalle_adi": "Çayağzı Mah",
        "posta_kodu": "08010"
    },
    {
        "mahalle_id": "30_2",
        "mahalle_adi": "Çayağzı Mah (ormanlı Köyü)",
        "posta_kodu": "08100"
    },
    {
        "mahalle_id": "292_2",
        "mahalle_adi": "Çayırlı Mah (hozabir Mah) (yukarımaden Köyü)",
        "posta_kodu": "08100"
    },
    {
        "mahalle_id": "195_2",
        "mahalle_adi": "Çelikler Mah (aşağımaden Köyü)",
        "posta_kodu": "08100"
    },
    {
        "mahalle_id": "236_2",
        "mahalle_adi": "Cennet Mah (kalburlu Köyü)",
        "posta_kodu": "08100"
    },
    {
        "mahalle_id": "207_2",
        "mahalle_adi": "Çermik Mah (derinköy Köyü)",
        "posta_kodu": "08100"
    },
    {
        "mahalle_id": "163_2",
        "mahalle_adi": "Çeşmeli Mah (yanıklı Köyü)",
        "posta_kodu": "08100"
    },
    {
        "mahalle_id": "119_2",
        "mahalle_adi": "Cevizli Mah (alabalık Köyü)",
        "posta_kodu": "08100"
    },
    {
        "mahalle_id": "187_2",
        "mahalle_adi": "Cicothev Mah (aşağımaden Köyü)",
        "posta_kodu": "08100"
    },
    {
        "mahalle_id": "58_2",
        "mahalle_adi": "Çiğiyet Mah (taşlıca Köyü)",
        "posta_kodu": "08100"
    },
    {
        "mahalle_id": "213_2",
        "mahalle_adi": "Cimak Mah (dikmenli Köyü)",
        "posta_kodu": "08100"
    },
    {
        "mahalle_id": "122_2",
        "mahalle_adi": "Çimenli Mah (alabalık Köyü)",
        "posta_kodu": "08100"
    },
    {
        "mahalle_id": "131_2",
        "mahalle_adi": "Çimenli Mah (çimenli Köyü)",
        "posta_kodu": "08100"
    },
    {
        "mahalle_id": "53_2",
        "mahalle_adi": "Cinegara Mah (taşlıca Köyü)",
        "posta_kodu": "08100"
    },
    {
        "mahalle_id": "256_2",
        "mahalle_adi": "Çısğılıev Mah (sarıbudak Köyü)",
        "posta_kodu": "08100"
    },
    {
        "mahalle_id": "77_2",
        "mahalle_adi": "Çitlik Mah (varlık Köyü)",
        "posta_kodu": "08100"
    },
    {
        "mahalle_id": "278_2",
        "mahalle_adi": "Çömlekçi Mah (yukarımaden Köyü)",
        "posta_kodu": "08100"
    },
    {
        "mahalle_id": "104_2",
        "mahalle_adi": "Çorasa Mah (ortaköy Köyü)",
        "posta_kodu": "08100"
    },
    {
        "mahalle_id": "166_2",
        "mahalle_adi": "Dagrak Mah (zeytinlik Köyü)",
        "posta_kodu": "08100"
    },
    {
        "mahalle_id": "228_2",
        "mahalle_adi": "Dalavut Mah (hızarlı Köyü)",
        "posta_kodu": "08100"
    },
    {
        "mahalle_id": "2_2",
        "mahalle_adi": "Dalizeler Mah (ahlat Köyü)",
        "posta_kodu": "08100"
    },
    {
        "mahalle_id": "56_2",
        "mahalle_adi": "Danayayımı Mah (taşlıca Köyü)",
        "posta_kodu": "08100"
    },
    {
        "mahalle_id": "60_2",
        "mahalle_adi": "Danzotlu Mah (taşlıca Köyü)",
        "posta_kodu": "08100"
    },
    {
        "mahalle_id": "82_2",
        "mahalle_adi": "Davtavur Mah (varlık Köyü)",
        "posta_kodu": "08100"
    },
    {
        "mahalle_id": "64_2",
        "mahalle_adi": "Demirci Mah (taşlıca Köyü)",
        "posta_kodu": "08100"
    },
    {
        "mahalle_id": "5_1",
        "mahalle_adi": "Dere Mah",
        "posta_kodu": "08010"
    },
    {
        "mahalle_id": "78_2",
        "mahalle_adi": "Dere Mah (varlık Köyü)",
        "posta_kodu": "08100"
    },
    {
        "mahalle_id": "123_2",
        "mahalle_adi": "Dereler Mah (alabalık Köyü)",
        "posta_kodu": "08100"
    },
    {
        "mahalle_id": "150_2",
        "mahalle_adi": "Dereler Mah (yanıklı Köyü)",
        "posta_kodu": "08100"
    },
    {
        "mahalle_id": "5_2",
        "mahalle_adi": "Didvake Mah (ahlat Köyü)",
        "posta_kodu": "08100"
    },
    {
        "mahalle_id": "83_2",
        "mahalle_adi": "Didvake Mah (varlık Köyü)",
        "posta_kodu": "08100"
    },
    {
        "mahalle_id": "238_2",
        "mahalle_adi": "Didvanak Mah (köseler Köyü)",
        "posta_kodu": "08100"
    },
    {
        "mahalle_id": "183_2",
        "mahalle_adi": "Dindaroğlu Mah (aşağımaden Köyü)",
        "posta_kodu": "08100"
    },
    {
        "mahalle_id": "215_2",
        "mahalle_adi": "Doğanlı Mah (dokuzoğul Köyü)",
        "posta_kodu": "08100"
    },
    {
        "mahalle_id": "24_2",
        "mahalle_adi": "Doğanlı Mah (fıstıklı Köyü)",
        "posta_kodu": "08100"
    },
    {
        "mahalle_id": "189_2",
        "mahalle_adi": "Dolişgil Mah (aşağımaden Köyü)",
        "posta_kodu": "08100"
    },
    {
        "mahalle_id": "245_2",
        "mahalle_adi": "Dube Mah (sarıbudak Köyü)",
        "posta_kodu": "08100"
    },
    {
        "mahalle_id": "106_2",
        "mahalle_adi": "Duganala Mah (ortaköy Köyü)",
        "posta_kodu": "08100"
    },
    {
        "mahalle_id": "44_2",
        "mahalle_adi": "Düz Mah (sümbüllü Köyü)",
        "posta_kodu": "08100"
    },
    {
        "mahalle_id": "121_2",
        "mahalle_adi": "Düzenli Mah (alabalık Köyü)",
        "posta_kodu": "08100"
    },
    {
        "mahalle_id": "144_2",
        "mahalle_adi": "Elikler Mah (pırnallı Köyü)",
        "posta_kodu": "08100"
    },
    {
        "mahalle_id": "37_2",
        "mahalle_adi": "Elmalı Mah (salkımlı Köyü)",
        "posta_kodu": "08100"
    },
    {
        "mahalle_id": "125_2",
        "mahalle_adi": "Erdemli Mah (bağcılar Köyü)",
        "posta_kodu": "08100"
    },
    {
        "mahalle_id": "16_2",
        "mahalle_adi": "Erenler Mah (erenler Köyü)",
        "posta_kodu": "08100"
    },
    {
        "mahalle_id": "50_2",
        "mahalle_adi": "Ericek Mah (taşlıca Köyü)",
        "posta_kodu": "08100"
    },
    {
        "mahalle_id": "153_2",
        "mahalle_adi": "Erikli Mah (yanıklı Köyü)",
        "posta_kodu": "08100"
    },
    {
        "mahalle_id": "229_2",
        "mahalle_adi": "Esenbigil Mah (hızarlı Köyü)",
        "posta_kodu": "08100"
    },
    {
        "mahalle_id": "18_2",
        "mahalle_adi": "Esentepe Mah (erenler Köyü)",
        "posta_kodu": "08100"
    },
    {
        "mahalle_id": "71_2",
        "mahalle_adi": "Felengaur Mah (varlık Köyü)",
        "posta_kodu": "08100"
    },
    {
        "mahalle_id": "40_2",
        "mahalle_adi": "Fidanlık Mah (seyitler Köyü)",
        "posta_kodu": "08100"
    },
    {
        "mahalle_id": "61_2",
        "mahalle_adi": "Gökçeyurt Mah (taşlıca Köyü)",
        "posta_kodu": "08100"
    },
    {
        "mahalle_id": "54_2",
        "mahalle_adi": "Gölehura Mah (taşlıca Köyü)",
        "posta_kodu": "08100"
    },
    {
        "mahalle_id": "87_2",
        "mahalle_adi": "Gorazul Mah (vezirköy Köyü)",
        "posta_kodu": "08100"
    },
    {
        "mahalle_id": "231_2",
        "mahalle_adi": "Gorğon Mah (hızarlı Köyü)",
        "posta_kodu": "08100"
    },
    {
        "mahalle_id": "257_2",
        "mahalle_adi": "Gorgot Mah (sarıbudak Köyü)",
        "posta_kodu": "08100"
    },
    {
        "mahalle_id": "185_2",
        "mahalle_adi": "Ğoynar Mah (aşağımaden Köyü)",
        "posta_kodu": "08100"
    },
    {
        "mahalle_id": "269_2",
        "mahalle_adi": "Gözeler Mah (yukarımaden Köyü)",
        "posta_kodu": "08100"
    },
    {
        "mahalle_id": "250_2",
        "mahalle_adi": "Güldibi Mah (sarıbudak Köyü)",
        "posta_kodu": "08100"
    },
    {
        "mahalle_id": "117_2",
        "mahalle_adi": "Gültepe Mah (alabalık Köyü)",
        "posta_kodu": "08100"
    },
    {
        "mahalle_id": "23_2",
        "mahalle_adi": "Gündoğdu Mah (fıstıklı Köyü)",
        "posta_kodu": "08100"
    },
    {
        "mahalle_id": "152_2",
        "mahalle_adi": "Güneyce Mah (yanıklı Köyü)",
        "posta_kodu": "08100"
    },
    {
        "mahalle_id": "251_2",
        "mahalle_adi": "Gurdaze Mah (sarıbudak Köyü)",
        "posta_kodu": "08100"
    },
    {
        "mahalle_id": "249_2",
        "mahalle_adi": "Gurganet Mah (sarıbudak Köyü)",
        "posta_kodu": "08100"
    },
    {
        "mahalle_id": "94_2",
        "mahalle_adi": "Guverta Bağlığı Mah (ortaköy Köyü)",
        "posta_kodu": "08100"
    },
    {
        "mahalle_id": "129_2",
        "mahalle_adi": "Güzelköy Mah (çimenli Köyü)",
        "posta_kodu": "08100"
    },
    {
        "mahalle_id": "255_2",
        "mahalle_adi": "Hacigil Mah (sarıbudak Köyü)",
        "posta_kodu": "08100"
    },
    {
        "mahalle_id": "20_2",
        "mahalle_adi": "Hafızağaoğlu Mah (erenler Köyü)",
        "posta_kodu": "08100"
    },
    {
        "mahalle_id": "137_2",
        "mahalle_adi": "Hamamlı Mah (hamamlı Köyü)",
        "posta_kodu": "08100"
    },
    {
        "mahalle_id": "197_2",
        "mahalle_adi": "Hans Mah (aşağımaden Köyü)",
        "posta_kodu": "08100"
    },
    {
        "mahalle_id": "73_2",
        "mahalle_adi": "Harkaltı Mah (varlık Köyü)",
        "posta_kodu": "08100"
    },
    {
        "mahalle_id": "141_2",
        "mahalle_adi": "Harot Mah (pırnallı Köyü)",
        "posta_kodu": "08100"
    },
    {
        "mahalle_id": "198_2",
        "mahalle_adi": "Haşut Mah (aşağımaden Köyü)",
        "posta_kodu": "08100"
    },
    {
        "mahalle_id": "175_2",
        "mahalle_adi": "Havnagara Mah (aşağımaden Köyü)",
        "posta_kodu": "08100"
    },
    {
        "mahalle_id": "115_2",
        "mahalle_adi": "Hekimoğulları Mah (ortaköy Köyü)",
        "posta_kodu": "08100"
    },
    {
        "mahalle_id": "80_2",
        "mahalle_adi": "Hırhan Mah (varlık Köyü)",
        "posta_kodu": "08100"
    },
    {
        "mahalle_id": "165_2",
        "mahalle_adi": "Hokmela Mah (zeytinlik Köyü)",
        "posta_kodu": "08100"
    },
    {
        "mahalle_id": "177_2",
        "mahalle_adi": "Hozegara Mah (aşağımaden Köyü)",
        "posta_kodu": "08100"
    },
    {
        "mahalle_id": "85_2",
        "mahalle_adi": "İhtiyaroğlu Mah (vezirköy Köyü)",
        "posta_kodu": "08100"
    },
    {
        "mahalle_id": "233_2",
        "mahalle_adi": "İmamgil Mah (hızarlı Köyü)",
        "posta_kodu": "08100"
    },
    {
        "mahalle_id": "253_2",
        "mahalle_adi": "İmniyet Mah (sarıbudak Köyü)",
        "posta_kodu": "08100"
    },
    {
        "mahalle_id": "84_2",
        "mahalle_adi": "İnek Yaylası Mah (varlık Köyü)",
        "posta_kodu": "08100"
    },
    {
        "mahalle_id": "167_2",
        "mahalle_adi": "İrgut Mah (zeytinlik Köyü)",
        "posta_kodu": "08100"
    },
    {
        "mahalle_id": "7_2",
        "mahalle_adi": "Kakacavur Mah (ahlat Köyü)",
        "posta_kodu": "08100"
    },
    {
        "mahalle_id": "89_2",
        "mahalle_adi": "Kakıabar Mah (vezirköy Köyü)",
        "posta_kodu": "08100"
    },
    {
        "mahalle_id": "100_2",
        "mahalle_adi": "Kalkanlı Mah (ortaköy Köyü)",
        "posta_kodu": "08100"
    },
    {
        "mahalle_id": "124_2",
        "mahalle_adi": "Kanatlı Mah (bağcılar Köyü)",
        "posta_kodu": "08100"
    },
    {
        "mahalle_id": "273_2",
        "mahalle_adi": "Karaca Mah (yukarımaden Köyü)",
        "posta_kodu": "08100"
    },
    {
        "mahalle_id": "218_2",
        "mahalle_adi": "Kasıkapı Mah (dokuzoğul Köyü)",
        "posta_kodu": "08100"
    },
    {
        "mahalle_id": "97_2",
        "mahalle_adi": "Kaşıkli Mah (ortaköy Köyü)",
        "posta_kodu": "08100"
    },
    {
        "mahalle_id": "174_2",
        "mahalle_adi": "Katnagara Mah (aşağımaden Köyü)",
        "posta_kodu": "08100"
    },
    {
        "mahalle_id": "262_2",
        "mahalle_adi": "Kavaklı Mah (yukarımaden Köyü)",
        "posta_kodu": "08100"
    },
    {
        "mahalle_id": "188_2",
        "mahalle_adi": "Kaymaklı Mah (aşağımaden Köyü)",
        "posta_kodu": "08100"
    },
    {
        "mahalle_id": "159_2",
        "mahalle_adi": "Keçenet Mah (yanıklı Köyü)",
        "posta_kodu": "08100"
    },
    {
        "mahalle_id": "109_2",
        "mahalle_adi": "Kenaht Mah (ortaköy Köyü)",
        "posta_kodu": "08100"
    },
    {
        "mahalle_id": "4_2",
        "mahalle_adi": "Keşoğulları Mah (ahlat Köyü)",
        "posta_kodu": "08100"
    },
    {
        "mahalle_id": "63_2",
        "mahalle_adi": "Kılıçlı Mah (taşlıca Köyü)",
        "posta_kodu": "08100"
    },
    {
        "mahalle_id": "10_2",
        "mahalle_adi": "Koçoğlu Mah (bakırköy Köyü)",
        "posta_kodu": "08100"
    },
    {
        "mahalle_id": "232_2",
        "mahalle_adi": "Kolbet Mah (hızarlı Köyü)",
        "posta_kodu": "08100"
    },
    {
        "mahalle_id": "72_2",
        "mahalle_adi": "Komasagora Mah (varlık Köyü)",
        "posta_kodu": "08100"
    },
    {
        "mahalle_id": "196_2",
        "mahalle_adi": "Köprü Başı Mah (aşağımaden Köyü)",
        "posta_kodu": "08100"
    },
    {
        "mahalle_id": "162_2",
        "mahalle_adi": "Köprübaşı Mah (yanıklı Köyü)",
        "posta_kodu": "08100"
    },
    {
        "mahalle_id": "240_2",
        "mahalle_adi": "Köseler Mah (köseler Köyü)",
        "posta_kodu": "08100"
    },
    {
        "mahalle_id": "206_2",
        "mahalle_adi": "Köy İçi Mah (derinköy Köyü)",
        "posta_kodu": "08100"
    },
    {
        "mahalle_id": "170_2",
        "mahalle_adi": "Köyiçi Mah (ağıllar Köyü)",
        "posta_kodu": "08100"
    },
    {
        "mahalle_id": "179_2",
        "mahalle_adi": "Koytarlar Mah (aşağımaden Köyü)",
        "posta_kodu": "08100"
    },
    {
        "mahalle_id": "25_2",
        "mahalle_adi": "Kurdiget Mah (fıstıklı Köyü)",
        "posta_kodu": "08100"
    },
    {
        "mahalle_id": "234_2",
        "mahalle_adi": "Kuslu Mah (kalburlu Köyü)",
        "posta_kodu": "08100"
    },
    {
        "mahalle_id": "17_2",
        "mahalle_adi": "Kuşluca Mah (erenler Köyü)",
        "posta_kodu": "08100"
    },
    {
        "mahalle_id": "62_2",
        "mahalle_adi": "Kuvap Mah (taşlıca Köyü)",
        "posta_kodu": "08100"
    },
    {
        "mahalle_id": "156_2",
        "mahalle_adi": "Lot Mah (yanıklı Köyü)",
        "posta_kodu": "08100"
    },
    {
        "mahalle_id": "168_2",
        "mahalle_adi": "Mamarne Mah (zeytinlik Köyü)",
        "posta_kodu": "08100"
    },
    {
        "mahalle_id": "230_2",
        "mahalle_adi": "Medresako Mah (hızarlı Köyü)",
        "posta_kodu": "08100"
    },
    {
        "mahalle_id": "200_2",
        "mahalle_adi": "Merkez Mah (aşağımaden Köyü)",
        "posta_kodu": "08100"
    },
    {
        "mahalle_id": "127_2",
        "mahalle_adi": "Merkez Mah (bağcılar Köyü)",
        "posta_kodu": "08100"
    },
    {
        "mahalle_id": "128_2",
        "mahalle_adi": "Merkez Mah (çimenli Köyü)",
        "posta_kodu": "08100"
    },
    {
        "mahalle_id": "22_2",
        "mahalle_adi": "Merkez Mah (fıstıklı Köyü)",
        "posta_kodu": "08100"
    },
    {
        "mahalle_id": "226_2",
        "mahalle_adi": "Merkez Mah (hızarlı Köyü)",
        "posta_kodu": "08100"
    },
    {
        "mahalle_id": "239_2",
        "mahalle_adi": "Merkez Mah (köseler Köyü)",
        "posta_kodu": "08100"
    },
    {
        "mahalle_id": "242_2",
        "mahalle_adi": "Merkez Mah (okumuşlar Köyü)",
        "posta_kodu": "08100"
    },
    {
        "mahalle_id": "28_2",
        "mahalle_adi": "Merkez Mah (ormanlı Köyü)",
        "posta_kodu": "08100"
    },
    {
        "mahalle_id": "112_2",
        "mahalle_adi": "Merkez Mah (ortaköy Köyü)",
        "posta_kodu": "08100"
    },
    {
        "mahalle_id": "143_2",
        "mahalle_adi": "Merkez Mah (pırnallı Köyü)",
        "posta_kodu": "08100"
    },
    {
        "mahalle_id": "146_2",
        "mahalle_adi": "Merkez Mah (sakalar Köyü)",
        "posta_kodu": "08100"
    },
    {
        "mahalle_id": "57_2",
        "mahalle_adi": "Merkez Mah (taşlıca Köyü)",
        "posta_kodu": "08100"
    },
    {
        "mahalle_id": "66_2",
        "mahalle_adi": "Merkez Mah (tütüncüler Köyü)",
        "posta_kodu": "08100"
    },
    {
        "mahalle_id": "86_2",
        "mahalle_adi": "Merkez Mah (vezirköy Köyü)",
        "posta_kodu": "08100"
    },
    {
        "mahalle_id": "149_2",
        "mahalle_adi": "Merkez Mah (yanıklı Köyü)",
        "posta_kodu": "08100"
    },
    {
        "mahalle_id": "164_2",
        "mahalle_adi": "Merkez Mah (zeytinlik Köyü)",
        "posta_kodu": "08100"
    },
    {
        "mahalle_id": "284_2",
        "mahalle_adi": "Meydan Mah (yukarımaden Köyü)",
        "posta_kodu": "08100"
    },
    {
        "mahalle_id": "130_2",
        "mahalle_adi": "Mezra Mah (çimenli Köyü)",
        "posta_kodu": "08100"
    },
    {
        "mahalle_id": "29_2",
        "mahalle_adi": "Mezra Mah (ormanlı Köyü)",
        "posta_kodu": "08100"
    },
    {
        "mahalle_id": "126_2",
        "mahalle_adi": "Minyatür Mah (bağcılar Köyü)",
        "posta_kodu": "08100"
    },
    {
        "mahalle_id": "190_2",
        "mahalle_adi": "Mirzigil Mah (aşağımaden Köyü)",
        "posta_kodu": "08100"
    },
    {
        "mahalle_id": "194_2",
        "mahalle_adi": "Mısırlı Mah (aşağımaden Köyü)",
        "posta_kodu": "08100"
    },
    {
        "mahalle_id": "55_2",
        "mahalle_adi": "Molas Mah (taşlıca Köyü)",
        "posta_kodu": "08100"
    },
    {
        "mahalle_id": "186_2",
        "mahalle_adi": "Muğa Mah (aşağımaden Köyü)",
        "posta_kodu": "08100"
    },
    {
        "mahalle_id": "216_2",
        "mahalle_adi": "Muskolu Mah (dokuzoğul Köyü)",
        "posta_kodu": "08100"
    },
    {
        "mahalle_id": "252_2",
        "mahalle_adi": "Nağmur Mah (sarıbudak Köyü)",
        "posta_kodu": "08100"
    },
    {
        "mahalle_id": "120_2",
        "mahalle_adi": "Nakorev Mah (alabalık Köyü)",
        "posta_kodu": "08100"
    },
    {
        "mahalle_id": "81_2",
        "mahalle_adi": "Napetur Mah (varlık Köyü)",
        "posta_kodu": "08100"
    },
    {
        "mahalle_id": "51_2",
        "mahalle_adi": "Natengelav Mah (taşlıca Köyü)",
        "posta_kodu": "08100"
    },
    {
        "mahalle_id": "290_2",
        "mahalle_adi": "Nazigil Mah (yukarımaden Köyü)",
        "posta_kodu": "08100"
    },
    {
        "mahalle_id": "41_2",
        "mahalle_adi": "Nıpala Mah (seyitler Köyü)",
        "posta_kodu": "08100"
    },
    {
        "mahalle_id": "176_2",
        "mahalle_adi": "Nuhsağara Mah (aşağımaden Köyü)",
        "posta_kodu": "08100"
    },
    {
        "mahalle_id": "102_2",
        "mahalle_adi": "Ocakbaşı Mah (ortaköy Köyü)",
        "posta_kodu": "08100"
    },
    {
        "mahalle_id": "52_2",
        "mahalle_adi": "Örenli Mah (taşlıca Köyü)",
        "posta_kodu": "08100"
    },
    {
        "mahalle_id": "32_2",
        "mahalle_adi": "Ormanlı Mah (ormanlı Köyü)",
        "posta_kodu": "08100"
    },
    {
        "mahalle_id": "6_1",
        "mahalle_adi": "Orta Mah",
        "posta_kodu": "08010"
    },
    {
        "mahalle_id": "209_2",
        "mahalle_adi": "Orta Mah (dikmenli Köyü)",
        "posta_kodu": "08100"
    },
    {
        "mahalle_id": "138_2",
        "mahalle_adi": "Orta Mah (hamamlı Köyü)",
        "posta_kodu": "08100"
    },
    {
        "mahalle_id": "151_2",
        "mahalle_adi": "Ortabağlar Mah (yanıklı Köyü)",
        "posta_kodu": "08100"
    },
    {
        "mahalle_id": "184_2",
        "mahalle_adi": "Osut Mah (aşağımaden Köyü)",
        "posta_kodu": "08100"
    },
    {
        "mahalle_id": "277_2",
        "mahalle_adi": "Parmaklı Mah (yukarımaden Köyü)",
        "posta_kodu": "08100"
    },
    {
        "mahalle_id": "276_2",
        "mahalle_adi": "Petrigil Mah (yukarımaden Köyü)",
        "posta_kodu": "08100"
    },
    {
        "mahalle_id": "139_2",
        "mahalle_adi": "Pırnallı Yaylası Mah (pırnallı Köyü)",
        "posta_kodu": "08100"
    },
    {
        "mahalle_id": "21_2",
        "mahalle_adi": "Rahtevanoğlu Mah (erenler Köyü)",
        "posta_kodu": "08100"
    },
    {
        "mahalle_id": "275_2",
        "mahalle_adi": "Rem Mah (yukarımaden Köyü)",
        "posta_kodu": "08100"
    },
    {
        "mahalle_id": "11_2",
        "mahalle_adi": "Reşitoğlu Mah (bakırköy Köyü)",
        "posta_kodu": "08100"
    },
    {
        "mahalle_id": "76_2",
        "mahalle_adi": "Ruhigil Mah (varlık Köyü)",
        "posta_kodu": "08100"
    },
    {
        "mahalle_id": "140_2",
        "mahalle_adi": "Sabur Mah (pırnallı Köyü)",
        "posta_kodu": "08100"
    },
    {
        "mahalle_id": "36_2",
        "mahalle_adi": "Saçınka Mah (salkımlı Köyü)",
        "posta_kodu": "08100"
    },
    {
        "mahalle_id": "157_2",
        "mahalle_adi": "Sağriyetul Mah (yanıklı Köyü)",
        "posta_kodu": "08100"
    },
    {
        "mahalle_id": "219_2",
        "mahalle_adi": "Salat Mah (dokuzoğul Köyü)",
        "posta_kodu": "08100"
    },
    {
        "mahalle_id": "178_2",
        "mahalle_adi": "Salicor Mah (aşağımaden Köyü)",
        "posta_kodu": "08100"
    },
    {
        "mahalle_id": "19_2",
        "mahalle_adi": "Salihoğlu Mah (erenler Köyü)",
        "posta_kodu": "08100"
    },
    {
        "mahalle_id": "160_2",
        "mahalle_adi": "Şanliyet Mah (yanıklı Köyü)",
        "posta_kodu": "08100"
    },
    {
        "mahalle_id": "145_2",
        "mahalle_adi": "Sarıdana Mah (pırnallı Köyü)",
        "posta_kodu": "08100"
    },
    {
        "mahalle_id": "246_2",
        "mahalle_adi": "Sarsıhev Mah (sarıbudak Köyü)",
        "posta_kodu": "08100"
    },
    {
        "mahalle_id": "13_2",
        "mahalle_adi": "Satibo Mah (beşağıl Köyü)",
        "posta_kodu": "08100"
    },
    {
        "mahalle_id": "148_2",
        "mahalle_adi": "Şavkaf Mah (sakalar Köyü)",
        "posta_kodu": "08100"
    },
    {
        "mahalle_id": "171_2",
        "mahalle_adi": "Saygılı Mah (ağıllar Köyü)",
        "posta_kodu": "08100"
    },
    {
        "mahalle_id": "224_2",
        "mahalle_adi": "Selvaget Mah (hızarlı Köyü)",
        "posta_kodu": "08100"
    },
    {
        "mahalle_id": "14_2",
        "mahalle_adi": "Sevail Mah (beşağıl Köyü)",
        "posta_kodu": "08100"
    },
    {
        "mahalle_id": "247_2",
        "mahalle_adi": "Sikaşar Mah (sarıbudak Köyü)",
        "posta_kodu": "08100"
    },
    {
        "mahalle_id": "134_2",
        "mahalle_adi": "Sıralan Mah (hamamlı Köyü)",
        "posta_kodu": "08100"
    },
    {
        "mahalle_id": "204_2",
        "mahalle_adi": "Sırt Mah (derinköy Köyü)",
        "posta_kodu": "08100"
    },
    {
        "mahalle_id": "93_2",
        "mahalle_adi": "Sırt Mah (ortaköy Köyü)",
        "posta_kodu": "08100"
    },
    {
        "mahalle_id": "34_2",
        "mahalle_adi": "Sobar Mah (salkımlı Köyü)",
        "posta_kodu": "08100"
    },
    {
        "mahalle_id": "288_2",
        "mahalle_adi": "Soğukpınar Mah (yukarımaden Köyü)",
        "posta_kodu": "08100"
    },
    {
        "mahalle_id": "220_2",
        "mahalle_adi": "Solmaz Mah (dokuzoğul Köyü)",
        "posta_kodu": "08100"
    },
    {
        "mahalle_id": "38_2",
        "mahalle_adi": "Sotibar Mah (seyitler Köyü)",
        "posta_kodu": "08100"
    },
    {
        "mahalle_id": "113_2",
        "mahalle_adi": "Soylu Mah (ortaköy Köyü)",
        "posta_kodu": "08100"
    },
    {
        "mahalle_id": "75_2",
        "mahalle_adi": "Sumbatur Mah (varlık Köyü)",
        "posta_kodu": "08100"
    },
    {
        "mahalle_id": "79_2",
        "mahalle_adi": "Sümetağara Mah (varlık Köyü)",
        "posta_kodu": "08100"
    },
    {
        "mahalle_id": "282_2",
        "mahalle_adi": "Talgum Mah (yukarımaden Köyü)",
        "posta_kodu": "08100"
    },
    {
        "mahalle_id": "193_2",
        "mahalle_adi": "Tanrıverdi Mah (aşağımaden Köyü)",
        "posta_kodu": "08100"
    },
    {
        "mahalle_id": "173_2",
        "mahalle_adi": "Tanzek Mah (aşağımaden Köyü)",
        "posta_kodu": "08100"
    },
    {
        "mahalle_id": "263_2",
        "mahalle_adi": "Tepebaşı Mah (yukarımaden Köyü)",
        "posta_kodu": "08100"
    },
    {
        "mahalle_id": "283_2",
        "mahalle_adi": "Tepecik Mah (yesirgil Mah) (yukarımaden Köyü)",
        "posta_kodu": "08100"
    },
    {
        "mahalle_id": "281_2",
        "mahalle_adi": "Tepecik Mah (yukarımaden Köyü)",
        "posta_kodu": "08100"
    },
    {
        "mahalle_id": "31_2",
        "mahalle_adi": "Tıhnara Mah (ormanlı Köyü)",
        "posta_kodu": "08100"
    },
    {
        "mahalle_id": "265_2",
        "mahalle_adi": "Tıraşgil Mah (yukarımaden Köyü)",
        "posta_kodu": "08100"
    },
    {
        "mahalle_id": "108_2",
        "mahalle_adi": "Topluca Mah (ortaköy Köyü)",
        "posta_kodu": "08100"
    },
    {
        "mahalle_id": "103_2",
        "mahalle_adi": "Tosunlu Mah (ortaköy Köyü)",
        "posta_kodu": "08100"
    },
    {
        "mahalle_id": "221_2",
        "mahalle_adi": "Tusaklar Mah (dokuzoğul Köyü)",
        "posta_kodu": "08100"
    },
    {
        "mahalle_id": "244_2",
        "mahalle_adi": "Üçdut Mah (oruçlu Köyü)",
        "posta_kodu": "08100"
    },
    {
        "mahalle_id": "237_2",
        "mahalle_adi": "Üçpınar Mah (kalburlu Köyü)",
        "posta_kodu": "08100"
    },
    {
        "mahalle_id": "243_2",
        "mahalle_adi": "Üçpınar Mah (oruçlu Köyü)",
        "posta_kodu": "08100"
    },
    {
        "mahalle_id": "154_2",
        "mahalle_adi": "Üçpınar Mah (yanıklı Köyü)",
        "posta_kodu": "08100"
    },
    {
        "mahalle_id": "267_2",
        "mahalle_adi": "Uğur Mah (aşağımah Mah) (yukarımaden Köyü)",
        "posta_kodu": "08100"
    },
    {
        "mahalle_id": "268_2",
        "mahalle_adi": "Uğur Mah (hekimoğlumah Mah) (yukarımaden Köyü)",
        "posta_kodu": "08100"
    },
    {
        "mahalle_id": "270_2",
        "mahalle_adi": "Uğur Mah (mijnabara Mah) (yukarımaden Köyü)",
        "posta_kodu": "08100"
    },
    {
        "mahalle_id": "264_2",
        "mahalle_adi": "Uğur Mah (yukarımah Mah) (yukarımaden Köyü)",
        "posta_kodu": "08100"
    },
    {
        "mahalle_id": "181_2",
        "mahalle_adi": "Uskup Mah (aşağımaden Köyü)",
        "posta_kodu": "08100"
    },
    {
        "mahalle_id": "111_2",
        "mahalle_adi": "Uslufent Mah (ortaköy Köyü)",
        "posta_kodu": "08100"
    },
    {
        "mahalle_id": "101_2",
        "mahalle_adi": "Uyanık Mah (ortaköy Köyü)",
        "posta_kodu": "08100"
    },
    {
        "mahalle_id": "27_2",
        "mahalle_adi": "Uzundere Mah (ormanlı Köyü)",
        "posta_kodu": "08100"
    },
    {
        "mahalle_id": "45_2",
        "mahalle_adi": "Vake Mah (sümbüllü Köyü)",
        "posta_kodu": "08100"
    },
    {
        "mahalle_id": "1_2",
        "mahalle_adi": "Vanat Mah (ahlat Köyü)",
        "posta_kodu": "08100"
    },
    {
        "mahalle_id": "65_2",
        "mahalle_adi": "Vehnat Mah (taşlıca Köyü)",
        "posta_kodu": "08100"
    },
    {
        "mahalle_id": "90_2",
        "mahalle_adi": "Vezirköyyaylası Mah (vezirköy Köyü)",
        "posta_kodu": "08100"
    },
    {
        "mahalle_id": "258_2",
        "mahalle_adi": "Veziroğlu Mah (yukarımaden Köyü)",
        "posta_kodu": "08100"
    },
    {
        "mahalle_id": "285_2",
        "mahalle_adi": "Yamaçlı Mah (yukarımaden Köyü)",
        "posta_kodu": "08100"
    },
    {
        "mahalle_id": "286_2",
        "mahalle_adi": "Yamaçlı Yaylası Mah (yukarımaden Köyü)",
        "posta_kodu": "08100"
    },
    {
        "mahalle_id": "161_2",
        "mahalle_adi": "Yanıklı Mah (yanıklı Köyü)",
        "posta_kodu": "08100"
    },
    {
        "mahalle_id": "155_2",
        "mahalle_adi": "Yaylalar Mah (yanıklı Köyü)",
        "posta_kodu": "08100"
    },
    {
        "mahalle_id": "7_1",
        "mahalle_adi": "Yeni Mah",
        "posta_kodu": "08010"
    },
    {
        "mahalle_id": "107_2",
        "mahalle_adi": "Yenice Mah (ortaköy Köyü)",
        "posta_kodu": "08100"
    },
    {
        "mahalle_id": "248_2",
        "mahalle_adi": "Yenigün Mah (sarıbudak Köyü)",
        "posta_kodu": "08100"
    },
    {
        "mahalle_id": "271_2",
        "mahalle_adi": "Yenişli Mah (yukarımaden Köyü)",
        "posta_kodu": "08100"
    },
    {
        "mahalle_id": "210_2",
        "mahalle_adi": "Yukarı Mah (dikmenli Köyü)",
        "posta_kodu": "08100"
    },
    {
        "mahalle_id": "26_2",
        "mahalle_adi": "Yukarı Mah (fıstıklı Köyü)",
        "posta_kodu": "08100"
    },
    {
        "mahalle_id": "136_2",
        "mahalle_adi": "Yukarı Mah (hamamlı Köyü)",
        "posta_kodu": "08100"
    },
    {
        "mahalle_id": "67_2",
        "mahalle_adi": "Yukarı Mah (tütüncüler Köyü)",
        "posta_kodu": "08100"
    },
    {
        "mahalle_id": "169_2",
        "mahalle_adi": "Yukarı Sadro Mah (zeytinlik Köyü)",
        "posta_kodu": "08100"
    },
    {
        "mahalle_id": "47_2",
        "mahalle_adi": "Yukarı Şehitlik Mah (şehitlik Köyü)",
        "posta_kodu": "08100"
    },
    {
        "mahalle_id": "33_2",
        "mahalle_adi": "Yukarı Tolgum Mah (salkımlı Köyü)",
        "posta_kodu": "08100"
    },
    {
        "mahalle_id": "68_2",
        "mahalle_adi": "Zegoni Mah (tütüncüler Köyü)",
        "posta_kodu": "08100"
    },
    {
        "mahalle_id": "192_2",
        "mahalle_adi": "Zom Mah (aşağımaden Köyü)",
        "posta_kodu": "08100"
    },
    {
        "mahalle_id": "259_2",
        "mahalle_adi": "Zorlu Mah (yukarımaden Köyü)",
        "posta_kodu": "08100"
    },
    {
        "mahalle_id": "133_2",
        "mahalle_adi": "Zuvar Mah (hamamlı Köyü)",
        "posta_kodu": "08100"
    }
]