[
    {
        "mahalle_id": "67_2",
        "mahalle_adi": "Abacılar Mah (çamcılar Köyü)",
        "posta_kodu": "67852"
    },
    {
        "mahalle_id": "20_2",
        "mahalle_adi": "Ahiler Mah (alioğlu Köyü)",
        "posta_kodu": "67852"
    },
    {
        "mahalle_id": "6_2",
        "mahalle_adi": "Alaplıbölücek Köyü",
        "posta_kodu": "67852"
    },
    {
        "mahalle_id": "31_2",
        "mahalle_adi": "Aşağıdağ Mah (aşağıdağ Köyü)",
        "posta_kodu": "67852"
    },
    {
        "mahalle_id": "4_1",
        "mahalle_adi": "Aşağıdoğancılar Mah",
        "posta_kodu": "67850"
    },
    {
        "mahalle_id": "32_2",
        "mahalle_adi": "Aşağıtekke Köyü",
        "posta_kodu": "67852"
    },
    {
        "mahalle_id": "25_2",
        "mahalle_adi": "Aydınlı Mah (alioğlu Köyü)",
        "posta_kodu": "67852"
    },
    {
        "mahalle_id": "119_2",
        "mahalle_adi": "Büyükilyaslı Mah (yenidoğanlar Köyü)",
        "posta_kodu": "67852"
    },
    {
        "mahalle_id": "42_2",
        "mahalle_adi": "Büyüktekke Köyü",
        "posta_kodu": "67852"
    },
    {
        "mahalle_id": "125_2",
        "mahalle_adi": "Çamcılar Köyü",
        "posta_kodu": "67852"
    },
    {
        "mahalle_id": "71_2",
        "mahalle_adi": "Çamcılar Mah (çamcılar Köyü)",
        "posta_kodu": "67852"
    },
    {
        "mahalle_id": "95_2",
        "mahalle_adi": "Çamlık Mah (küçüktekke Köyü)",
        "posta_kodu": "67852"
    },
    {
        "mahalle_id": "26_2",
        "mahalle_adi": "Çanakçı Mah (aşağıdağ Köyü)",
        "posta_kodu": "67852"
    },
    {
        "mahalle_id": "110_2",
        "mahalle_adi": "Çandırlı Mah (osmanlı Köyü)",
        "posta_kodu": "67852"
    },
    {
        "mahalle_id": "38_2",
        "mahalle_adi": "Cinler Mah (bektaşlı Köyü)",
        "posta_kodu": "67852"
    },
    {
        "mahalle_id": "61_2",
        "mahalle_adi": "Çobanlar Mah (gürpınar Köyü)",
        "posta_kodu": "67852"
    },
    {
        "mahalle_id": "82_2",
        "mahalle_adi": "Çöngelli Mah (kasımlı Köyü)",
        "posta_kodu": "67852"
    },
    {
        "mahalle_id": "80_2",
        "mahalle_adi": "Davutlar Mah (kasımlı Köyü)",
        "posta_kodu": "67852"
    },
    {
        "mahalle_id": "39_2",
        "mahalle_adi": "Değirmendere Mah (belen Köyü)",
        "posta_kodu": "67852"
    },
    {
        "mahalle_id": "54_2",
        "mahalle_adi": "Demirciler Köyü",
        "posta_kodu": "67852"
    },
    {
        "mahalle_id": "78_2",
        "mahalle_adi": "Dereli Mah (kabalar Köyü)",
        "posta_kodu": "67852"
    },
    {
        "mahalle_id": "55_2",
        "mahalle_adi": "Doğancılar Köyü",
        "posta_kodu": "67852"
    },
    {
        "mahalle_id": "23_2",
        "mahalle_adi": "Doruklu Mah (alioğlu Köyü)",
        "posta_kodu": "67852"
    },
    {
        "mahalle_id": "69_2",
        "mahalle_adi": "Dorukoğlu Mah (çamcılar Köyü)",
        "posta_kodu": "67852"
    },
    {
        "mahalle_id": "13_2",
        "mahalle_adi": "Dumanlar Mah (alaplıömerli Köyü)",
        "posta_kodu": "67852"
    },
    {
        "mahalle_id": "75_2",
        "mahalle_adi": "Durabeyli Mah (isafakılı Köyü)",
        "posta_kodu": "67852"
    },
    {
        "mahalle_id": "4_2",
        "mahalle_adi": "Dürgelli Mah (ahiler Köyü)",
        "posta_kodu": "67852"
    },
    {
        "mahalle_id": "102_2",
        "mahalle_adi": "Durular Mah (musabeyli Köyü)",
        "posta_kodu": "67852"
    },
    {
        "mahalle_id": "1_3",
        "mahalle_adi": "Erenköy Mah (gümeli Beldesi)",
        "posta_kodu": "67856"
    },
    {
        "mahalle_id": "99_2",
        "mahalle_adi": "Esentepe Mah (kürkükler Köyü)",
        "posta_kodu": "67852"
    },
    {
        "mahalle_id": "47_2",
        "mahalle_adi": "Eteklioğlu Mah (çatak Köyü)",
        "posta_kodu": "67852"
    },
    {
        "mahalle_id": "2_3",
        "mahalle_adi": "Fındıklı Ağılı Mah (gümeli Beldesi)",
        "posta_kodu": "67856"
    },
    {
        "mahalle_id": "34_2",
        "mahalle_adi": "Geçmiş Altı Mah (aydınyayla Köyü)",
        "posta_kodu": "67852"
    },
    {
        "mahalle_id": "14_2",
        "mahalle_adi": "Gökçeler Mah (alaplıömerli Köyü)",
        "posta_kodu": "67852"
    },
    {
        "mahalle_id": "70_2",
        "mahalle_adi": "Güncüoğlu Mah (çamcılar Köyü)",
        "posta_kodu": "67852"
    },
    {
        "mahalle_id": "64_2",
        "mahalle_adi": "Güney Mah (hacıhasan Köyü)",
        "posta_kodu": "67852"
    },
    {
        "mahalle_id": "121_2",
        "mahalle_adi": "Hacıhasan Mah (yeşilyurt Köyü)",
        "posta_kodu": "67852"
    },
    {
        "mahalle_id": "98_2",
        "mahalle_adi": "Hacılar Mah (kürkükler Köyü)",
        "posta_kodu": "67852"
    },
    {
        "mahalle_id": "66_2",
        "mahalle_adi": "Hallı Köyü",
        "posta_kodu": "67852"
    },
    {
        "mahalle_id": "85_2",
        "mahalle_adi": "Harman Mah (kılçak Köyü)",
        "posta_kodu": "67852"
    },
    {
        "mahalle_id": "52_2",
        "mahalle_adi": "Haydarlar Mah (çiçekli Köyü)",
        "posta_kodu": "67852"
    },
    {
        "mahalle_id": "24_2",
        "mahalle_adi": "Hıdırlar Mah (alioğlu Köyü)",
        "posta_kodu": "67852"
    },
    {
        "mahalle_id": "28_2",
        "mahalle_adi": "Hıdırlar Mah (aşağıdağ Köyü)",
        "posta_kodu": "67852"
    },
    {
        "mahalle_id": "73_2",
        "mahalle_adi": "Hüseyinli Köyü",
        "posta_kodu": "67852"
    },
    {
        "mahalle_id": "86_2",
        "mahalle_adi": "Huzurkent Mah (kılçak Köyü)",
        "posta_kodu": "67852"
    },
    {
        "mahalle_id": "59_2",
        "mahalle_adi": "İkisu Mah (fındıklı Köyü)",
        "posta_kodu": "67852"
    },
    {
        "mahalle_id": "79_2",
        "mahalle_adi": "İmzeli Mah (kasımlı Köyü)",
        "posta_kodu": "67852"
    },
    {
        "mahalle_id": "93_2",
        "mahalle_adi": "İncivezaltı Mah (küçüktekke Köyü)",
        "posta_kodu": "67852"
    },
    {
        "mahalle_id": "10_2",
        "mahalle_adi": "Kadıoğlu Mah (alaplıkocaali Köyü)",
        "posta_kodu": "67852"
    },
    {
        "mahalle_id": "3_3",
        "mahalle_adi": "Kale Mah (gümeli Beldesi)",
        "posta_kodu": "67856"
    },
    {
        "mahalle_id": "112_2",
        "mahalle_adi": "Karabakal Mah (sabırlı Köyü)",
        "posta_kodu": "67852"
    },
    {
        "mahalle_id": "35_2",
        "mahalle_adi": "Karadoruk Mah (aydınyayla Köyü)",
        "posta_kodu": "67852"
    },
    {
        "mahalle_id": "1_2",
        "mahalle_adi": "Karşıyaka Mah",
        "posta_kodu": "67852"
    },
    {
        "mahalle_id": "40_2",
        "mahalle_adi": "Karşıyaka Mah (belen Köyü)",
        "posta_kodu": "67852"
    },
    {
        "mahalle_id": "36_2",
        "mahalle_adi": "Kasırgalı Mah (bektaşlı Köyü)",
        "posta_kodu": "67852"
    },
    {
        "mahalle_id": "19_2",
        "mahalle_adi": "Katırcıoğlu Mah (alioğlu Köyü)",
        "posta_kodu": "67852"
    },
    {
        "mahalle_id": "65_2",
        "mahalle_adi": "Kavakbelen Mah (hacıhasan Köyü)",
        "posta_kodu": "67852"
    },
    {
        "mahalle_id": "88_2",
        "mahalle_adi": "Kavukkavla Mah (kıran Köyü)",
        "posta_kodu": "67852"
    },
    {
        "mahalle_id": "123_2",
        "mahalle_adi": "Kılçak Mah (kılçak Köyü)",
        "posta_kodu": "67852"
    },
    {
        "mahalle_id": "90_2",
        "mahalle_adi": "Kocaman Köyü",
        "posta_kodu": "67852"
    },
    {
        "mahalle_id": "118_2",
        "mahalle_adi": "Küçükilyaslı Mah (yenidoğanlar Köyü)",
        "posta_kodu": "67852"
    },
    {
        "mahalle_id": "16_2",
        "mahalle_adi": "Kufallar Mah (alioğlu Köyü)",
        "posta_kodu": "67852"
    },
    {
        "mahalle_id": "97_2",
        "mahalle_adi": "Kurtlar Mah (kürkükler Köyü)",
        "posta_kodu": "67852"
    },
    {
        "mahalle_id": "77_2",
        "mahalle_adi": "Leller Mah (kabalar Köyü)",
        "posta_kodu": "67852"
    },
    {
        "mahalle_id": "27_2",
        "mahalle_adi": "Makas Mah (aşağıdağ Köyü)",
        "posta_kodu": "67852"
    },
    {
        "mahalle_id": "103_2",
        "mahalle_adi": "Marmar Mah (musabeyli Köyü)",
        "posta_kodu": "67852"
    },
    {
        "mahalle_id": "18_2",
        "mahalle_adi": "Merkez Değirmenciler Mah (alioğlu Köyü)",
        "posta_kodu": "67852"
    },
    {
        "mahalle_id": "1_1",
        "mahalle_adi": "Merkez Mah",
        "posta_kodu": "67850"
    },
    {
        "mahalle_id": "2_2",
        "mahalle_adi": "Merkez Mah (ahatlı Köyü)",
        "posta_kodu": "67852"
    },
    {
        "mahalle_id": "3_2",
        "mahalle_adi": "Merkez Mah (ahiler Köyü)",
        "posta_kodu": "67852"
    },
    {
        "mahalle_id": "8_2",
        "mahalle_adi": "Merkez Mah (alaplıkocaali Köyü)",
        "posta_kodu": "67852"
    },
    {
        "mahalle_id": "11_2",
        "mahalle_adi": "Merkez Mah (alaplıortacı Köyü)",
        "posta_kodu": "67852"
    },
    {
        "mahalle_id": "33_2",
        "mahalle_adi": "Merkez Mah (aydınyayla Köyü)",
        "posta_kodu": "67852"
    },
    {
        "mahalle_id": "37_2",
        "mahalle_adi": "Merkez Mah (bektaşlı Köyü)",
        "posta_kodu": "67852"
    },
    {
        "mahalle_id": "41_2",
        "mahalle_adi": "Merkez Mah (belen Köyü)",
        "posta_kodu": "67852"
    },
    {
        "mahalle_id": "45_2",
        "mahalle_adi": "Merkez Mah (çamlıbel Köyü)",
        "posta_kodu": "67852"
    },
    {
        "mahalle_id": "44_2",
        "mahalle_adi": "Merkez Mah (canbazlı Köyü)",
        "posta_kodu": "67852"
    },
    {
        "mahalle_id": "48_2",
        "mahalle_adi": "Merkez Mah (çatak Köyü)",
        "posta_kodu": "67852"
    },
    {
        "mahalle_id": "49_2",
        "mahalle_adi": "Merkez Mah (çayköy Köyü)",
        "posta_kodu": "67852"
    },
    {
        "mahalle_id": "50_2",
        "mahalle_adi": "Merkez Mah (çengelli Köyü)",
        "posta_kodu": "67852"
    },
    {
        "mahalle_id": "53_2",
        "mahalle_adi": "Merkez Mah (çiçekli Köyü)",
        "posta_kodu": "67852"
    },
    {
        "mahalle_id": "57_2",
        "mahalle_adi": "Merkez Mah (durhanlı Köyü)",
        "posta_kodu": "67852"
    },
    {
        "mahalle_id": "58_2",
        "mahalle_adi": "Merkez Mah (fındıklı Köyü)",
        "posta_kodu": "67852"
    },
    {
        "mahalle_id": "60_2",
        "mahalle_adi": "Merkez Mah (gökhasan Köyü)",
        "posta_kodu": "67852"
    },
    {
        "mahalle_id": "4_3",
        "mahalle_adi": "Merkez Mah (gümeli Beldesi)",
        "posta_kodu": "67856"
    },
    {
        "mahalle_id": "62_2",
        "mahalle_adi": "Merkez Mah (gürpınar Köyü)",
        "posta_kodu": "67852"
    },
    {
        "mahalle_id": "72_2",
        "mahalle_adi": "Merkez Mah (hasanlı Köyü)",
        "posta_kodu": "67852"
    },
    {
        "mahalle_id": "74_2",
        "mahalle_adi": "Merkez Mah (isafakılı Köyü)",
        "posta_kodu": "67852"
    },
    {
        "mahalle_id": "76_2",
        "mahalle_adi": "Merkez Mah (kabalar Köyü)",
        "posta_kodu": "67852"
    },
    {
        "mahalle_id": "83_2",
        "mahalle_adi": "Merkez Mah (kasımlı Köyü)",
        "posta_kodu": "67852"
    },
    {
        "mahalle_id": "87_2",
        "mahalle_adi": "Merkez Mah (kılçak Köyü)",
        "posta_kodu": "67852"
    },
    {
        "mahalle_id": "89_2",
        "mahalle_adi": "Merkez Mah (kıran Köyü)",
        "posta_kodu": "67852"
    },
    {
        "mahalle_id": "92_2",
        "mahalle_adi": "Merkez Mah (küçükkaymaz Köyü)",
        "posta_kodu": "67852"
    },
    {
        "mahalle_id": "94_2",
        "mahalle_adi": "Merkez Mah (küçüktekke Köyü)",
        "posta_kodu": "67852"
    },
    {
        "mahalle_id": "96_2",
        "mahalle_adi": "Merkez Mah (kürkükler Köyü)",
        "posta_kodu": "67852"
    },
    {
        "mahalle_id": "104_2",
        "mahalle_adi": "Merkez Mah (musabeyli Köyü)",
        "posta_kodu": "67852"
    },
    {
        "mahalle_id": "106_2",
        "mahalle_adi": "Merkez Mah (okçular Köyü)",
        "posta_kodu": "67852"
    },
    {
        "mahalle_id": "111_2",
        "mahalle_adi": "Merkez Mah (osmanlı Köyü)",
        "posta_kodu": "67852"
    },
    {
        "mahalle_id": "114_2",
        "mahalle_adi": "Merkez Mah (sabırlı Köyü)",
        "posta_kodu": "67852"
    },
    {
        "mahalle_id": "117_2",
        "mahalle_adi": "Merkez Mah (yenidoğanlar Köyü)",
        "posta_kodu": "67852"
    },
    {
        "mahalle_id": "122_2",
        "mahalle_adi": "Merkez Mah (yeşilyurt Köyü)",
        "posta_kodu": "67852"
    },
    {
        "mahalle_id": "124_2",
        "mahalle_adi": "Mollabey Köyü",
        "posta_kodu": "67852"
    },
    {
        "mahalle_id": "46_2",
        "mahalle_adi": "Muratlı Mah (çatak Köyü)",
        "posta_kodu": "67852"
    },
    {
        "mahalle_id": "68_2",
        "mahalle_adi": "Nusratlı Mah (hasanlı Köyü)",
        "posta_kodu": "67852"
    },
    {
        "mahalle_id": "101_2",
        "mahalle_adi": "Okuf Mah (kürkükler Köyü)",
        "posta_kodu": "67852"
    },
    {
        "mahalle_id": "84_2",
        "mahalle_adi": "Ölüce Mah (kasımlı Köyü)",
        "posta_kodu": "67852"
    },
    {
        "mahalle_id": "108_2",
        "mahalle_adi": "Onurlu Köyü",
        "posta_kodu": "67852"
    },
    {
        "mahalle_id": "7_2",
        "mahalle_adi": "Pazaryeri Mah (alaplıkocaali Köyü)",
        "posta_kodu": "67852"
    },
    {
        "mahalle_id": "29_2",
        "mahalle_adi": "Pazaryeri Mah (aşağıdağ Köyü)",
        "posta_kodu": "67852"
    },
    {
        "mahalle_id": "15_2",
        "mahalle_adi": "Pircioğlu Mah (alioğlu Köyü)",
        "posta_kodu": "67852"
    },
    {
        "mahalle_id": "63_2",
        "mahalle_adi": "Şahbaz Mah (hacıhasan Köyü)",
        "posta_kodu": "67852"
    },
    {
        "mahalle_id": "43_2",
        "mahalle_adi": "Şahlar Mah (canbazlı Köyü)",
        "posta_kodu": "67852"
    },
    {
        "mahalle_id": "126_2",
        "mahalle_adi": "Sarıkadı Köyü",
        "posta_kodu": "67852"
    },
    {
        "mahalle_id": "91_2",
        "mahalle_adi": "Seferoğlu Mah (küçükkaymaz Köyü)",
        "posta_kodu": "67852"
    },
    {
        "mahalle_id": "22_2",
        "mahalle_adi": "Sıhlar Mah (alioğlu Köyü)",
        "posta_kodu": "67852"
    },
    {
        "mahalle_id": "21_2",
        "mahalle_adi": "Sinanlı Mah (alioğlu Köyü)",
        "posta_kodu": "67852"
    },
    {
        "mahalle_id": "51_2",
        "mahalle_adi": "Sindelli Mah (çengelli Köyü)",
        "posta_kodu": "67852"
    },
    {
        "mahalle_id": "115_2",
        "mahalle_adi": "Sofullu Köyü",
        "posta_kodu": "67852"
    },
    {
        "mahalle_id": "113_2",
        "mahalle_adi": "Sucallı Mah (sabırlı Köyü)",
        "posta_kodu": "67852"
    },
    {
        "mahalle_id": "2_1",
        "mahalle_adi": "Tepeköy Mah",
        "posta_kodu": "67850"
    },
    {
        "mahalle_id": "9_2",
        "mahalle_adi": "Terzioğlu Mah (alaplıkocaali Köyü)",
        "posta_kodu": "67852"
    },
    {
        "mahalle_id": "12_2",
        "mahalle_adi": "Toşmanlı Mah (alaplıortacı Köyü)",
        "posta_kodu": "67852"
    },
    {
        "mahalle_id": "56_2",
        "mahalle_adi": "Toşmanlı Mah (durhanlı Köyü)",
        "posta_kodu": "67852"
    },
    {
        "mahalle_id": "109_2",
        "mahalle_adi": "Ulaşlı Mah (osmanlı Köyü)",
        "posta_kodu": "67852"
    },
    {
        "mahalle_id": "81_2",
        "mahalle_adi": "Varahlı Mah (kasımlı Köyü)",
        "posta_kodu": "67852"
    },
    {
        "mahalle_id": "5_2",
        "mahalle_adi": "Yağışlı Mah (ahiler Köyü)",
        "posta_kodu": "67852"
    },
    {
        "mahalle_id": "100_2",
        "mahalle_adi": "Yazıllı Mah (kürkükler Köyü)",
        "posta_kodu": "67852"
    },
    {
        "mahalle_id": "107_2",
        "mahalle_adi": "Yazlık Mah (okçular Köyü)",
        "posta_kodu": "67852"
    },
    {
        "mahalle_id": "116_2",
        "mahalle_adi": "Yedigelli Köyü",
        "posta_kodu": "67852"
    },
    {
        "mahalle_id": "3_1",
        "mahalle_adi": "Yeni Siteler Mah",
        "posta_kodu": "67850"
    },
    {
        "mahalle_id": "120_2",
        "mahalle_adi": "Yeniköy Köyü",
        "posta_kodu": "67852"
    },
    {
        "mahalle_id": "5_1",
        "mahalle_adi": "Yenimahalle Mah",
        "posta_kodu": "67850"
    },
    {
        "mahalle_id": "17_2",
        "mahalle_adi": "Yukarı Değirmenciler Mah (alioğlu Köyü)",
        "posta_kodu": "67852"
    },
    {
        "mahalle_id": "30_2",
        "mahalle_adi": "Yukarıdağ Mah (aşağıdağ Köyü)",
        "posta_kodu": "67852"
    },
    {
        "mahalle_id": "105_2",
        "mahalle_adi": "Yusufköy Mah (okçular Köyü)",
        "posta_kodu": "67852"
    }
]