[
    {
        "mahalle_id": "22_2",
        "mahalle_adi": "Acıbadem Mah (çitliköy Köyü)",
        "posta_kodu": "23402"
    },
    {
        "mahalle_id": "3_2",
        "mahalle_adi": "Ağadibek Köyü",
        "posta_kodu": "23402"
    },
    {
        "mahalle_id": "84_2",
        "mahalle_adi": "Akboğa Köyü",
        "posta_kodu": "23402"
    },
    {
        "mahalle_id": "58_2",
        "mahalle_adi": "Akburç Mah (naldöken Köyü)",
        "posta_kodu": "23402"
    },
    {
        "mahalle_id": "85_2",
        "mahalle_adi": "Altıntarla Köyü",
        "posta_kodu": "23402"
    },
    {
        "mahalle_id": "6_2",
        "mahalle_adi": "Arslantaşı Köyü",
        "posta_kodu": "23402"
    },
    {
        "mahalle_id": "36_2",
        "mahalle_adi": "Aşağı Karatop Mah (karatop Köyü)",
        "posta_kodu": "23402"
    },
    {
        "mahalle_id": "18_2",
        "mahalle_adi": "Aşağı Meydancık Mah (çayırköy Köyü)",
        "posta_kodu": "23402"
    },
    {
        "mahalle_id": "30_2",
        "mahalle_adi": "Bağarası Mah (dutpınar Köyü)",
        "posta_kodu": "23402"
    },
    {
        "mahalle_id": "56_2",
        "mahalle_adi": "Bahçe Mah (naldöken Köyü)",
        "posta_kodu": "23402"
    },
    {
        "mahalle_id": "86_2",
        "mahalle_adi": "Bahçedere Köyü",
        "posta_kodu": "23402"
    },
    {
        "mahalle_id": "1_1",
        "mahalle_adi": "Bahçelievler Mah",
        "posta_kodu": "23400"
    },
    {
        "mahalle_id": "29_2",
        "mahalle_adi": "Bakaçak Mah (dutpınar Köyü)",
        "posta_kodu": "23402"
    },
    {
        "mahalle_id": "17_2",
        "mahalle_adi": "Bezikan Mah (çayırköy Köyü)",
        "posta_kodu": "23402"
    },
    {
        "mahalle_id": "42_2",
        "mahalle_adi": "Bük Mah (kaşlıca Köyü)",
        "posta_kodu": "23402"
    },
    {
        "mahalle_id": "89_2",
        "mahalle_adi": "Çakıroğlu Köyü",
        "posta_kodu": "23402"
    },
    {
        "mahalle_id": "12_2",
        "mahalle_adi": "Çalkaya Köyü",
        "posta_kodu": "23402"
    },
    {
        "mahalle_id": "2_1",
        "mahalle_adi": "Camii Kebir Mah",
        "posta_kodu": "23400"
    },
    {
        "mahalle_id": "23_2",
        "mahalle_adi": "Camii Mah (çitliköy Köyü)",
        "posta_kodu": "23402"
    },
    {
        "mahalle_id": "57_2",
        "mahalle_adi": "Çay Mah (naldöken Köyü)",
        "posta_kodu": "23402"
    },
    {
        "mahalle_id": "27_2",
        "mahalle_adi": "Çayırköm Mah (çitliköy Köyü)",
        "posta_kodu": "23402"
    },
    {
        "mahalle_id": "16_2",
        "mahalle_adi": "Çayırköy Köyü",
        "posta_kodu": "23402"
    },
    {
        "mahalle_id": "32_2",
        "mahalle_adi": "Çınarçık Mah (dutpınar Köyü)",
        "posta_kodu": "23402"
    },
    {
        "mahalle_id": "76_2",
        "mahalle_adi": "Çörekli Mah (tekevler Köyü)",
        "posta_kodu": "23402"
    },
    {
        "mahalle_id": "10_2",
        "mahalle_adi": "Cumhuriyetçi Köyü",
        "posta_kodu": "23402"
    },
    {
        "mahalle_id": "105_2",
        "mahalle_adi": "Dağ Mah (polatköy Köyü)",
        "posta_kodu": "23402"
    },
    {
        "mahalle_id": "63_2",
        "mahalle_adi": "Demokan Mah (naldöken Köyü)",
        "posta_kodu": "23402"
    },
    {
        "mahalle_id": "26_2",
        "mahalle_adi": "Dere Mah (çitliköy Köyü)",
        "posta_kodu": "23402"
    },
    {
        "mahalle_id": "65_2",
        "mahalle_adi": "Dere Mah (örtülü Köyü)",
        "posta_kodu": "23402"
    },
    {
        "mahalle_id": "73_2",
        "mahalle_adi": "Dilekkaya Mah (tekevler Köyü)",
        "posta_kodu": "23402"
    },
    {
        "mahalle_id": "28_2",
        "mahalle_adi": "Dutpınar Köyü",
        "posta_kodu": "23402"
    },
    {
        "mahalle_id": "93_2",
        "mahalle_adi": "Eğrikavak Köyü",
        "posta_kodu": "23402"
    },
    {
        "mahalle_id": "1_2",
        "mahalle_adi": "Göl Önü Mah (gezin Köyü)",
        "posta_kodu": "23402"
    },
    {
        "mahalle_id": "43_2",
        "mahalle_adi": "Günbağı Mah (kaşlıca Köyü)",
        "posta_kodu": "23402"
    },
    {
        "mahalle_id": "90_2",
        "mahalle_adi": "Güvendik Mah (durmuştepe Köyü)",
        "posta_kodu": "23402"
    },
    {
        "mahalle_id": "48_2",
        "mahalle_adi": "Güzelbağ Mah (kayalar Köyü)",
        "posta_kodu": "23402"
    },
    {
        "mahalle_id": "112_2",
        "mahalle_adi": "Güzelevler Mah (naldöken Köyü)",
        "posta_kodu": "23402"
    },
    {
        "mahalle_id": "33_2",
        "mahalle_adi": "Hanevleri Köyü",
        "posta_kodu": "23402"
    },
    {
        "mahalle_id": "21_2",
        "mahalle_adi": "Haraba Mah (çitliköy Köyü)",
        "posta_kodu": "23402"
    },
    {
        "mahalle_id": "11_2",
        "mahalle_adi": "Haraba Mah (cumhuriyetçi Köyü)",
        "posta_kodu": "23402"
    },
    {
        "mahalle_id": "75_2",
        "mahalle_adi": "Harabe Mah (tekevler Köyü)",
        "posta_kodu": "23402"
    },
    {
        "mahalle_id": "95_2",
        "mahalle_adi": "Hatunköy Köyü",
        "posta_kodu": "23402"
    },
    {
        "mahalle_id": "80_2",
        "mahalle_adi": "Hazar Mah (kavak Köyü)",
        "posta_kodu": "23402"
    },
    {
        "mahalle_id": "4_2",
        "mahalle_adi": "Hopanlar Mah (ağadibek Köyü)",
        "posta_kodu": "23402"
    },
    {
        "mahalle_id": "96_2",
        "mahalle_adi": "Işıktepe Köyü",
        "posta_kodu": "23402"
    },
    {
        "mahalle_id": "50_2",
        "mahalle_adi": "İstasyon Mah (kızıltepe Köyü)",
        "posta_kodu": "23402"
    },
    {
        "mahalle_id": "20_2",
        "mahalle_adi": "Karabıyık Mah (çayırköy Köyü)",
        "posta_kodu": "23402"
    },
    {
        "mahalle_id": "92_2",
        "mahalle_adi": "Karagülle Mah (durmuştepe Köyü)",
        "posta_kodu": "23402"
    },
    {
        "mahalle_id": "97_2",
        "mahalle_adi": "Karataş Mah (ışıktepe Köyü)",
        "posta_kodu": "23402"
    },
    {
        "mahalle_id": "34_2",
        "mahalle_adi": "Karatop Köyü",
        "posta_kodu": "23402"
    },
    {
        "mahalle_id": "39_2",
        "mahalle_adi": "Kartaldere Köyü",
        "posta_kodu": "23402"
    },
    {
        "mahalle_id": "41_2",
        "mahalle_adi": "Kaşlıca Köyü",
        "posta_kodu": "23402"
    },
    {
        "mahalle_id": "83_2",
        "mahalle_adi": "Kavak Gazi Ercan Mah (kavak Köyü)",
        "posta_kodu": "23402"
    },
    {
        "mahalle_id": "81_2",
        "mahalle_adi": "Kavak Kara Ali Mah (kavak Köyü)",
        "posta_kodu": "23402"
    },
    {
        "mahalle_id": "82_2",
        "mahalle_adi": "Kavak Küçük Bilal Mah (kavak Köyü)",
        "posta_kodu": "23402"
    },
    {
        "mahalle_id": "47_2",
        "mahalle_adi": "Kayalar Köyü",
        "posta_kodu": "23402"
    },
    {
        "mahalle_id": "9_2",
        "mahalle_adi": "Kirazlı Mah (cumhuriyetçi Köyü)",
        "posta_kodu": "23402"
    },
    {
        "mahalle_id": "69_2",
        "mahalle_adi": "Kısabekir Mah (sağrılı Köyü)",
        "posta_kodu": "23402"
    },
    {
        "mahalle_id": "51_2",
        "mahalle_adi": "Kızıltepe Köyü",
        "posta_kodu": "23402"
    },
    {
        "mahalle_id": "98_2",
        "mahalle_adi": "Koçkonağı Köyü",
        "posta_kodu": "23402"
    },
    {
        "mahalle_id": "71_2",
        "mahalle_adi": "Küçükkömler Mah (sağrılı Köyü)",
        "posta_kodu": "23402"
    },
    {
        "mahalle_id": "54_2",
        "mahalle_adi": "Küçükova Köyü",
        "posta_kodu": "23402"
    },
    {
        "mahalle_id": "53_2",
        "mahalle_adi": "Kumyazı Köyü",
        "posta_kodu": "23402"
    },
    {
        "mahalle_id": "62_2",
        "mahalle_adi": "Kutuşağı Mah (naldöken Köyü)",
        "posta_kodu": "23402"
    },
    {
        "mahalle_id": "37_2",
        "mahalle_adi": "Mastek Mah (karatop Köyü)",
        "posta_kodu": "23402"
    },
    {
        "mahalle_id": "2_2",
        "mahalle_adi": "Merkez Mah (gezin Köyü)",
        "posta_kodu": "23402"
    },
    {
        "mahalle_id": "35_2",
        "mahalle_adi": "Meşedibi Mah (karatop Köyü)",
        "posta_kodu": "23402"
    },
    {
        "mahalle_id": "87_2",
        "mahalle_adi": "Mollalar Mah (çakıroğlu Köyü)",
        "posta_kodu": "23402"
    },
    {
        "mahalle_id": "55_2",
        "mahalle_adi": "Naldöken Köyü",
        "posta_kodu": "23402"
    },
    {
        "mahalle_id": "70_2",
        "mahalle_adi": "Nüzul Mah (sağrılı Köyü)",
        "posta_kodu": "23402"
    },
    {
        "mahalle_id": "64_2",
        "mahalle_adi": "Örtülü Köyü",
        "posta_kodu": "23402"
    },
    {
        "mahalle_id": "13_2",
        "mahalle_adi": "Osman Çayır Mah (çalkaya Köyü)",
        "posta_kodu": "23402"
    },
    {
        "mahalle_id": "94_2",
        "mahalle_adi": "Özay Mah (eğrikavak Köyü)",
        "posta_kodu": "23402"
    },
    {
        "mahalle_id": "77_2",
        "mahalle_adi": "Özyurt Mah (tekevler Köyü)",
        "posta_kodu": "23402"
    },
    {
        "mahalle_id": "102_2",
        "mahalle_adi": "Plajköy Köyü",
        "posta_kodu": "23402"
    },
    {
        "mahalle_id": "103_2",
        "mahalle_adi": "Polatköy Köyü",
        "posta_kodu": "23402"
    },
    {
        "mahalle_id": "67_2",
        "mahalle_adi": "Sağrılı Köyü",
        "posta_kodu": "23402"
    },
    {
        "mahalle_id": "61_2",
        "mahalle_adi": "Şaman Mah (naldöken Köyü)",
        "posta_kodu": "23402"
    },
    {
        "mahalle_id": "25_2",
        "mahalle_adi": "Samanlı Mah (çitliköy Köyü)",
        "posta_kodu": "23402"
    },
    {
        "mahalle_id": "14_2",
        "mahalle_adi": "Sarıkavak Mah (çalkaya Köyü)",
        "posta_kodu": "23402"
    },
    {
        "mahalle_id": "60_2",
        "mahalle_adi": "Sarıyer Mah (naldöken Köyü)",
        "posta_kodu": "23402"
    },
    {
        "mahalle_id": "49_2",
        "mahalle_adi": "Şehbayram Mah (kayalar Köyü)",
        "posta_kodu": "23402"
    },
    {
        "mahalle_id": "109_2",
        "mahalle_adi": "Şehoğlu Mah (yoncapınar Köyü)",
        "posta_kodu": "23402"
    },
    {
        "mahalle_id": "8_2",
        "mahalle_adi": "Seterli Mah (arslantaşı Köyü)",
        "posta_kodu": "23402"
    },
    {
        "mahalle_id": "99_2",
        "mahalle_adi": "Seyhan Mah (koçkonağı Köyü)",
        "posta_kodu": "23402"
    },
    {
        "mahalle_id": "91_2",
        "mahalle_adi": "Sinan Mah (durmuştepe Köyü)",
        "posta_kodu": "23402"
    },
    {
        "mahalle_id": "45_2",
        "mahalle_adi": "Süran Mah (kayalar Köyü)",
        "posta_kodu": "23402"
    },
    {
        "mahalle_id": "110_2",
        "mahalle_adi": "Tecer Mah (yoncapınar Köyü)",
        "posta_kodu": "23402"
    },
    {
        "mahalle_id": "72_2",
        "mahalle_adi": "Tekevler Köyü",
        "posta_kodu": "23402"
    },
    {
        "mahalle_id": "101_2",
        "mahalle_adi": "Tellikaya Mah (koçkonağı Köyü)",
        "posta_kodu": "23402"
    },
    {
        "mahalle_id": "88_2",
        "mahalle_adi": "Tellolar Mah (çakıroğlu Köyü)",
        "posta_kodu": "23402"
    },
    {
        "mahalle_id": "104_2",
        "mahalle_adi": "Tepe Mah (polatköy Köyü)",
        "posta_kodu": "23402"
    },
    {
        "mahalle_id": "78_2",
        "mahalle_adi": "Tepecik Köyü",
        "posta_kodu": "23402"
    },
    {
        "mahalle_id": "7_2",
        "mahalle_adi": "Ter Yaylası Mah (arslantaşı Köyü)",
        "posta_kodu": "23402"
    },
    {
        "mahalle_id": "38_2",
        "mahalle_adi": "Tokmak Mah (karatop Köyü)",
        "posta_kodu": "23402"
    },
    {
        "mahalle_id": "106_2",
        "mahalle_adi": "Topaluşağı Köyü",
        "posta_kodu": "23402"
    },
    {
        "mahalle_id": "100_2",
        "mahalle_adi": "Tut Mah (koçkonağı Köyü)",
        "posta_kodu": "23402"
    },
    {
        "mahalle_id": "52_2",
        "mahalle_adi": "Tuzluca Mah (kumyazı Köyü)",
        "posta_kodu": "23402"
    },
    {
        "mahalle_id": "44_2",
        "mahalle_adi": "Yalınca Mah (kaşlıca Köyü)",
        "posta_kodu": "23402"
    },
    {
        "mahalle_id": "59_2",
        "mahalle_adi": "Yeni Mah (naldöken Köyü)",
        "posta_kodu": "23402"
    },
    {
        "mahalle_id": "107_2",
        "mahalle_adi": "Yenibahçe Köyü",
        "posta_kodu": "23402"
    },
    {
        "mahalle_id": "79_2",
        "mahalle_adi": "Yeşilova Köyü",
        "posta_kodu": "23402"
    },
    {
        "mahalle_id": "108_2",
        "mahalle_adi": "Yıldızhan Köyü",
        "posta_kodu": "23402"
    },
    {
        "mahalle_id": "5_2",
        "mahalle_adi": "Yoncalı Mah (ağadibek Köyü)",
        "posta_kodu": "23402"
    },
    {
        "mahalle_id": "46_2",
        "mahalle_adi": "Yoncalı Mah (kayalar Köyü)",
        "posta_kodu": "23402"
    },
    {
        "mahalle_id": "111_2",
        "mahalle_adi": "Yoncapınar Köyü",
        "posta_kodu": "23402"
    },
    {
        "mahalle_id": "31_2",
        "mahalle_adi": "Yörecik Mah (dutpınar Köyü)",
        "posta_kodu": "23402"
    },
    {
        "mahalle_id": "24_2",
        "mahalle_adi": "Yukarı Konaklar Mah (çitliköy Köyü)",
        "posta_kodu": "23402"
    },
    {
        "mahalle_id": "19_2",
        "mahalle_adi": "Yukarı Meydancık Mah (çayırköy Köyü)",
        "posta_kodu": "23402"
    },
    {
        "mahalle_id": "66_2",
        "mahalle_adi": "Yurtbaşı Mah (örtülü Köyü)",
        "posta_kodu": "23402"
    },
    {
        "mahalle_id": "68_2",
        "mahalle_adi": "Zahuran Mah (sağrılı Köyü)",
        "posta_kodu": "23402"
    },
    {
        "mahalle_id": "74_2",
        "mahalle_adi": "Zibe Mah (tekevler Köyü)",
        "posta_kodu": "23402"
    },
    {
        "mahalle_id": "40_2",
        "mahalle_adi": "Ziyaret Evleri Mah (kartaldere Köyü)",
        "posta_kodu": "23402"
    },
    {
        "mahalle_id": "15_2",
        "mahalle_adi": "Zuğur Evleri Mah (çalkaya Köyü)",
        "posta_kodu": "23402"
    }
]