[
    {
        "mahalle_id": "110_2",
        "mahalle_adi": "Ahatlar Mah (güngören Köyü)",
        "posta_kodu": "78302"
    },
    {
        "mahalle_id": "20_2",
        "mahalle_adi": "Ahmetci Mah (akçakese Köyü)",
        "posta_kodu": "78302"
    },
    {
        "mahalle_id": "177_2",
        "mahalle_adi": "Akbaş Mah (osmanlar Köyü)",
        "posta_kodu": "78302"
    },
    {
        "mahalle_id": "82_2",
        "mahalle_adi": "Alhanlar Mah (çengeller Köyü)",
        "posta_kodu": "78302"
    },
    {
        "mahalle_id": "62_2",
        "mahalle_adi": "Alifakoğlu Mah (bostancılar Köyü)",
        "posta_kodu": "78302"
    },
    {
        "mahalle_id": "162_2",
        "mahalle_adi": "Aloğlu Mah (koltucak Köyü)",
        "posta_kodu": "78302"
    },
    {
        "mahalle_id": "101_2",
        "mahalle_adi": "Alt Mah (gelicek Köyü)",
        "posta_kodu": "78302"
    },
    {
        "mahalle_id": "28_2",
        "mahalle_adi": "Aşağı Mah (alaçat Köyü)",
        "posta_kodu": "78302"
    },
    {
        "mahalle_id": "8_2",
        "mahalle_adi": "Aşağı Mah (hacıağaç Köyü)",
        "posta_kodu": "78302"
    },
    {
        "mahalle_id": "223_2",
        "mahalle_adi": "Aşağı Mah (yağlıca Köyü)",
        "posta_kodu": "78302"
    },
    {
        "mahalle_id": "169_2",
        "mahalle_adi": "Aşağı Mülayim Mah (mülayim Köyü)",
        "posta_kodu": "78302"
    },
    {
        "mahalle_id": "79_2",
        "mahalle_adi": "Aşağıkonak Mah (çengeller Köyü)",
        "posta_kodu": "78302"
    },
    {
        "mahalle_id": "15_2",
        "mahalle_adi": "Aslanlar Mah (afşar Köyü)",
        "posta_kodu": "78302"
    },
    {
        "mahalle_id": "56_2",
        "mahalle_adi": "Avdal Mah (bostancı Köyü)",
        "posta_kodu": "78302"
    },
    {
        "mahalle_id": "159_2",
        "mahalle_adi": "Bahçeli Mah (koltucak Köyü)",
        "posta_kodu": "78302"
    },
    {
        "mahalle_id": "120_2",
        "mahalle_adi": "Bakacak Mah (hacışaban Köyü)",
        "posta_kodu": "78302"
    },
    {
        "mahalle_id": "132_2",
        "mahalle_adi": "Bakacak Mah (karataş Köyü)",
        "posta_kodu": "78302"
    },
    {
        "mahalle_id": "66_2",
        "mahalle_adi": "Baraj Yanı Mah (bostancılar Köyü)",
        "posta_kodu": "78302"
    },
    {
        "mahalle_id": "47_2",
        "mahalle_adi": "Başiğdir Köyü",
        "posta_kodu": "78302"
    },
    {
        "mahalle_id": "117_2",
        "mahalle_adi": "Başören Mah (günlüce Köyü)",
        "posta_kodu": "78302"
    },
    {
        "mahalle_id": "17_2",
        "mahalle_adi": "Berberoğlu Mah (afşar Köyü)",
        "posta_kodu": "78302"
    },
    {
        "mahalle_id": "83_2",
        "mahalle_adi": "Beyazıtoğlu Mah (çengeller Köyü)",
        "posta_kodu": "78302"
    },
    {
        "mahalle_id": "16_2",
        "mahalle_adi": "Bezikler Mah (afşar Köyü)",
        "posta_kodu": "78302"
    },
    {
        "mahalle_id": "43_2",
        "mahalle_adi": "Bicco Mah (bakırcılar Köyü)",
        "posta_kodu": "78302"
    },
    {
        "mahalle_id": "200_2",
        "mahalle_adi": "Boduroğlu Mah (pınarözü Köyü)",
        "posta_kodu": "78302"
    },
    {
        "mahalle_id": "21_2",
        "mahalle_adi": "Bostancı Mah (akçakese Köyü)",
        "posta_kodu": "78302"
    },
    {
        "mahalle_id": "206_2",
        "mahalle_adi": "Bozarmut Mah (saraycık Köyü)",
        "posta_kodu": "78302"
    },
    {
        "mahalle_id": "91_2",
        "mahalle_adi": "Bürüncek Mah (çukurören Köyü)",
        "posta_kodu": "78302"
    },
    {
        "mahalle_id": "191_2",
        "mahalle_adi": "Çakırosmanlar Mah (ovaşeyhler Köyü)",
        "posta_kodu": "78302"
    },
    {
        "mahalle_id": "172_2",
        "mahalle_adi": "Çalıkahvesi Mah (osmanlar Köyü)",
        "posta_kodu": "78302"
    },
    {
        "mahalle_id": "216_2",
        "mahalle_adi": "Çalıkoğlu Mah (soğucak Köyü)",
        "posta_kodu": "78302"
    },
    {
        "mahalle_id": "183_2",
        "mahalle_adi": "Çalış Mah (ovaçalış Köyü)",
        "posta_kodu": "78302"
    },
    {
        "mahalle_id": "2_1",
        "mahalle_adi": "Çalışlar Mah",
        "posta_kodu": "78300"
    },
    {
        "mahalle_id": "187_2",
        "mahalle_adi": "Çaloğlu Mah (ovaşeyhler Köyü)",
        "posta_kodu": "78302"
    },
    {
        "mahalle_id": "1_1",
        "mahalle_adi": "Candaroğulları Mah",
        "posta_kodu": "78300"
    },
    {
        "mahalle_id": "131_2",
        "mahalle_adi": "Çay Mah (karataş Köyü)",
        "posta_kodu": "78302"
    },
    {
        "mahalle_id": "3_1",
        "mahalle_adi": "Çelebiler Mah",
        "posta_kodu": "78300"
    },
    {
        "mahalle_id": "39_2",
        "mahalle_adi": "Çelebioğlu Mah (bağlıca Köyü)",
        "posta_kodu": "78302"
    },
    {
        "mahalle_id": "143_2",
        "mahalle_adi": "Celepoğlu Mah (kocacık Köyü)",
        "posta_kodu": "78302"
    },
    {
        "mahalle_id": "35_2",
        "mahalle_adi": "Çeltekler Mah (bağlıca Köyü)",
        "posta_kodu": "78302"
    },
    {
        "mahalle_id": "157_2",
        "mahalle_adi": "Çeşmeli Mah (koltucak Köyü)",
        "posta_kodu": "78302"
    },
    {
        "mahalle_id": "72_2",
        "mahalle_adi": "Cevizli Mah (çavuşlu Köyü)",
        "posta_kodu": "78302"
    },
    {
        "mahalle_id": "57_2",
        "mahalle_adi": "Çiftçiler Mah (bostancı Köyü)",
        "posta_kodu": "78302"
    },
    {
        "mahalle_id": "193_2",
        "mahalle_adi": "Çiftlik Mah (ovaşeyhler Köyü)",
        "posta_kodu": "78302"
    },
    {
        "mahalle_id": "71_2",
        "mahalle_adi": "Çilekoğlu Mah (çamyurt Köyü)",
        "posta_kodu": "78302"
    },
    {
        "mahalle_id": "58_2",
        "mahalle_adi": "Cilver Mah (bostancı Köyü)",
        "posta_kodu": "78302"
    },
    {
        "mahalle_id": "124_2",
        "mahalle_adi": "Cingöz Mah (halkevli Köyü)",
        "posta_kodu": "78302"
    },
    {
        "mahalle_id": "225_2",
        "mahalle_adi": "Çıraklar Mah (yağlıca Köyü)",
        "posta_kodu": "78302"
    },
    {
        "mahalle_id": "13_2",
        "mahalle_adi": "Çıraklı Mah (aday Köyü)",
        "posta_kodu": "78302"
    },
    {
        "mahalle_id": "144_2",
        "mahalle_adi": "Çirişler Mah (kocacık Köyü)",
        "posta_kodu": "78302"
    },
    {
        "mahalle_id": "126_2",
        "mahalle_adi": "Çömeç Mah (halkevli Köyü)",
        "posta_kodu": "78302"
    },
    {
        "mahalle_id": "38_2",
        "mahalle_adi": "Çömlekler Mah (bağlıca Köyü)",
        "posta_kodu": "78302"
    },
    {
        "mahalle_id": "181_2",
        "mahalle_adi": "Çörekli Mah (ovaçalış Köyü)",
        "posta_kodu": "78302"
    },
    {
        "mahalle_id": "227_2",
        "mahalle_adi": "Cortlar Mah (yağlıca Köyü)",
        "posta_kodu": "78302"
    },
    {
        "mahalle_id": "215_2",
        "mahalle_adi": "Cücey Mah (soğucak Köyü)",
        "posta_kodu": "78302"
    },
    {
        "mahalle_id": "109_2",
        "mahalle_adi": "Çukurca Mah (göller Köyü)",
        "posta_kodu": "78302"
    },
    {
        "mahalle_id": "7_2",
        "mahalle_adi": "Dağcıoğlu Mah (hacıağaç Köyü)",
        "posta_kodu": "78302"
    },
    {
        "mahalle_id": "138_2",
        "mahalle_adi": "Danaşoğlu Mah (kavak Köyü)",
        "posta_kodu": "78302"
    },
    {
        "mahalle_id": "105_2",
        "mahalle_adi": "Dayılar Mah (gökgöz Köyü)",
        "posta_kodu": "78302"
    },
    {
        "mahalle_id": "165_2",
        "mahalle_adi": "Deccaller Mah (müftüler Köyü)",
        "posta_kodu": "78302"
    },
    {
        "mahalle_id": "106_2",
        "mahalle_adi": "Dele Mah (gökgöz Köyü)",
        "posta_kodu": "78302"
    },
    {
        "mahalle_id": "130_2",
        "mahalle_adi": "Demircioğlu Mah (karataş Köyü)",
        "posta_kodu": "78302"
    },
    {
        "mahalle_id": "146_2",
        "mahalle_adi": "Demircioğlu Mah (kocacık Köyü)",
        "posta_kodu": "78302"
    },
    {
        "mahalle_id": "178_2",
        "mahalle_adi": "Dere Mah (osmanlar Köyü)",
        "posta_kodu": "78302"
    },
    {
        "mahalle_id": "22_2",
        "mahalle_adi": "Dereköy Mah (akçakese Köyü)",
        "posta_kodu": "78302"
    },
    {
        "mahalle_id": "75_2",
        "mahalle_adi": "Derler Mah (çemçi Köyü)",
        "posta_kodu": "78302"
    },
    {
        "mahalle_id": "198_2",
        "mahalle_adi": "Durallar Mah (pınarözü Köyü)",
        "posta_kodu": "78302"
    },
    {
        "mahalle_id": "211_2",
        "mahalle_adi": "Ekmekçioğlu Mah (soğucak Köyü)",
        "posta_kodu": "78302"
    },
    {
        "mahalle_id": "2_2",
        "mahalle_adi": "Ekşioğlu Mah (abakolu Köyü)",
        "posta_kodu": "78302"
    },
    {
        "mahalle_id": "229_2",
        "mahalle_adi": "Esenoğlu Mah (yağlıca Köyü)",
        "posta_kodu": "78302"
    },
    {
        "mahalle_id": "202_2",
        "mahalle_adi": "Eyüpoğlu Mah (saçak Köyü)",
        "posta_kodu": "78302"
    },
    {
        "mahalle_id": "190_2",
        "mahalle_adi": "Fidikler Mah (ovaşeyhler Köyü)",
        "posta_kodu": "78302"
    },
    {
        "mahalle_id": "188_2",
        "mahalle_adi": "Gemicioğlu Mah (ovaşeyhler Köyü)",
        "posta_kodu": "78302"
    },
    {
        "mahalle_id": "50_2",
        "mahalle_adi": "Gencoğlu Mah (bedil Köyü)",
        "posta_kodu": "78302"
    },
    {
        "mahalle_id": "135_2",
        "mahalle_adi": "Gocaoğlu Mah (karlı Köyü)",
        "posta_kodu": "78302"
    },
    {
        "mahalle_id": "5_2",
        "mahalle_adi": "Gökceoğlu Mah (hacıağaç Köyü)",
        "posta_kodu": "78302"
    },
    {
        "mahalle_id": "100_2",
        "mahalle_adi": "Gülabi Mah (esencik Köyü)",
        "posta_kodu": "78302"
    },
    {
        "mahalle_id": "129_2",
        "mahalle_adi": "Hacıoğlu Mah (karataş Köyü)",
        "posta_kodu": "78302"
    },
    {
        "mahalle_id": "219_2",
        "mahalle_adi": "Hacıosman Mah (ulugeçit Köyü)",
        "posta_kodu": "78302"
    },
    {
        "mahalle_id": "196_2",
        "mahalle_adi": "Haciz Oğlu Mah (pınarözü Köyü)",
        "posta_kodu": "78302"
    },
    {
        "mahalle_id": "167_2",
        "mahalle_adi": "Halaşlar Mah (mülayim Köyü)",
        "posta_kodu": "78302"
    },
    {
        "mahalle_id": "64_2",
        "mahalle_adi": "Haliloğlu Mah (bostancılar Köyü)",
        "posta_kodu": "78302"
    },
    {
        "mahalle_id": "150_2",
        "mahalle_adi": "Hasanlar Mah (kutluören Köyü)",
        "posta_kodu": "78302"
    },
    {
        "mahalle_id": "70_2",
        "mahalle_adi": "Hekimli Mah (çamyurt Köyü)",
        "posta_kodu": "78302"
    },
    {
        "mahalle_id": "228_2",
        "mahalle_adi": "Hereşabanlar Mah (yağlıca Köyü)",
        "posta_kodu": "78302"
    },
    {
        "mahalle_id": "40_2",
        "mahalle_adi": "Heslemoğlu Mah (bağlıca Köyü)",
        "posta_kodu": "78302"
    },
    {
        "mahalle_id": "31_2",
        "mahalle_adi": "Hıdırlı Mah (alpagut Köyü)",
        "posta_kodu": "78302"
    },
    {
        "mahalle_id": "168_2",
        "mahalle_adi": "Hünkerler Mah (mülayim Köyü)",
        "posta_kodu": "78302"
    },
    {
        "mahalle_id": "60_2",
        "mahalle_adi": "İmamoğlu Mah (bostancılar Köyü)",
        "posta_kodu": "78302"
    },
    {
        "mahalle_id": "145_2",
        "mahalle_adi": "İmamoğlu Mah (kocacık Köyü)",
        "posta_kodu": "78302"
    },
    {
        "mahalle_id": "81_2",
        "mahalle_adi": "İnallar Mah (çengeller Köyü)",
        "posta_kodu": "78302"
    },
    {
        "mahalle_id": "93_2",
        "mahalle_adi": "İnciğez Mah (demirli Köyü)",
        "posta_kodu": "78302"
    },
    {
        "mahalle_id": "208_2",
        "mahalle_adi": "Kabalar Mah (seferler Köyü)",
        "posta_kodu": "78302"
    },
    {
        "mahalle_id": "180_2",
        "mahalle_adi": "Kabaoğlu Mah (ovaçalış Köyü)",
        "posta_kodu": "78302"
    },
    {
        "mahalle_id": "161_2",
        "mahalle_adi": "Kadı Mah (koltucak Köyü)",
        "posta_kodu": "78302"
    },
    {
        "mahalle_id": "85_2",
        "mahalle_adi": "Kadıoğlu Mah (çörekli Köyü)",
        "posta_kodu": "78302"
    },
    {
        "mahalle_id": "98_2",
        "mahalle_adi": "Kadıoğlu Mah (emirler Köyü)",
        "posta_kodu": "78302"
    },
    {
        "mahalle_id": "128_2",
        "mahalle_adi": "Kadıoğlu Mah (karacapınar Köyü)",
        "posta_kodu": "78302"
    },
    {
        "mahalle_id": "186_2",
        "mahalle_adi": "Kadıoğlu Mah (ovaşeyhler Köyü)",
        "posta_kodu": "78302"
    },
    {
        "mahalle_id": "32_2",
        "mahalle_adi": "Kahyaoğlu Mah (bağlıca Köyü)",
        "posta_kodu": "78302"
    },
    {
        "mahalle_id": "84_2",
        "mahalle_adi": "Kapso Mah (çörekli Köyü)",
        "posta_kodu": "78302"
    },
    {
        "mahalle_id": "45_2",
        "mahalle_adi": "Karabacak Mah (bakırcılar Köyü)",
        "posta_kodu": "78302"
    },
    {
        "mahalle_id": "9_2",
        "mahalle_adi": "Karacabey Mah (hacıağaç Köyü)",
        "posta_kodu": "78302"
    },
    {
        "mahalle_id": "54_2",
        "mahalle_adi": "Karacaoğlu Mah (bedil Köyü)",
        "posta_kodu": "78302"
    },
    {
        "mahalle_id": "55_2",
        "mahalle_adi": "Karagöz Mah (bostancı Köyü)",
        "posta_kodu": "78302"
    },
    {
        "mahalle_id": "194_2",
        "mahalle_adi": "Karamehmetoğlu Mah (ovaşeyhler Köyü)",
        "posta_kodu": "78302"
    },
    {
        "mahalle_id": "192_2",
        "mahalle_adi": "Karani Mah (ovaşeyhler Köyü)",
        "posta_kodu": "78302"
    },
    {
        "mahalle_id": "29_2",
        "mahalle_adi": "Karapınar Mah (alaçat Köyü)",
        "posta_kodu": "78302"
    },
    {
        "mahalle_id": "122_2",
        "mahalle_adi": "Karasadık Mah (hacışaban Köyü)",
        "posta_kodu": "78302"
    },
    {
        "mahalle_id": "153_2",
        "mahalle_adi": "Kartallar Mah (kutluören Köyü)",
        "posta_kodu": "78302"
    },
    {
        "mahalle_id": "221_2",
        "mahalle_adi": "Karyağdılar Mah (ulugeçit Köyü)",
        "posta_kodu": "78302"
    },
    {
        "mahalle_id": "116_2",
        "mahalle_adi": "Kavaloğlu Mah (günlüce Köyü)",
        "posta_kodu": "78302"
    },
    {
        "mahalle_id": "210_2",
        "mahalle_adi": "Kavutoğlu Mah (soğucak Köyü)",
        "posta_kodu": "78302"
    },
    {
        "mahalle_id": "134_2",
        "mahalle_adi": "Kaya Mah (karlı Köyü)",
        "posta_kodu": "78302"
    },
    {
        "mahalle_id": "107_2",
        "mahalle_adi": "Kayabaşı Mah (gökgöz Köyü)",
        "posta_kodu": "78302"
    },
    {
        "mahalle_id": "4_1",
        "mahalle_adi": "Kayadibi Mah",
        "posta_kodu": "78300"
    },
    {
        "mahalle_id": "24_2",
        "mahalle_adi": "Kayalar Mah (akören Köyü)",
        "posta_kodu": "78302"
    },
    {
        "mahalle_id": "46_2",
        "mahalle_adi": "Kaykıoğlu Mah (bakırcılar Köyü)",
        "posta_kodu": "78302"
    },
    {
        "mahalle_id": "49_2",
        "mahalle_adi": "Kaymakcı Mah (bedil Köyü)",
        "posta_kodu": "78302"
    },
    {
        "mahalle_id": "204_2",
        "mahalle_adi": "Keço Mah (saçak Köyü)",
        "posta_kodu": "78302"
    },
    {
        "mahalle_id": "154_2",
        "mahalle_adi": "Kelekoğlu Mah (kutluören Köyü)",
        "posta_kodu": "78302"
    },
    {
        "mahalle_id": "166_2",
        "mahalle_adi": "Kemerler Mah (müftüler Köyü)",
        "posta_kodu": "78302"
    },
    {
        "mahalle_id": "34_2",
        "mahalle_adi": "Kenanlar Mah (bağlıca Köyü)",
        "posta_kodu": "78302"
    },
    {
        "mahalle_id": "63_2",
        "mahalle_adi": "Kızılcalar Mah (bostancılar Köyü)",
        "posta_kodu": "78302"
    },
    {
        "mahalle_id": "68_2",
        "mahalle_adi": "Kızılgelik Mah (çal Köyü)",
        "posta_kodu": "78302"
    },
    {
        "mahalle_id": "140_2",
        "mahalle_adi": "Köçek Mah (kavak Köyü)",
        "posta_kodu": "78302"
    },
    {
        "mahalle_id": "48_2",
        "mahalle_adi": "Köle Mah (bedil Köyü)",
        "posta_kodu": "78302"
    },
    {
        "mahalle_id": "18_2",
        "mahalle_adi": "Konak Mah (afşar Köyü)",
        "posta_kodu": "78302"
    },
    {
        "mahalle_id": "1_2",
        "mahalle_adi": "Kuloğlu Mah (abakolu Köyü)",
        "posta_kodu": "78302"
    },
    {
        "mahalle_id": "94_2",
        "mahalle_adi": "Küre Mah (demirli Köyü)",
        "posta_kodu": "78302"
    },
    {
        "mahalle_id": "158_2",
        "mahalle_adi": "Kürt Mah (koltucak Köyü)",
        "posta_kodu": "78302"
    },
    {
        "mahalle_id": "65_2",
        "mahalle_adi": "Kurtçular Mah (bostancılar Köyü)",
        "posta_kodu": "78302"
    },
    {
        "mahalle_id": "111_2",
        "mahalle_adi": "Mahmutlar Mah (güngören Köyü)",
        "posta_kodu": "78302"
    },
    {
        "mahalle_id": "214_2",
        "mahalle_adi": "Makmara Mah (soğucak Köyü)",
        "posta_kodu": "78302"
    },
    {
        "mahalle_id": "121_2",
        "mahalle_adi": "Malakcıoğlu Mah (hacışaban Köyü)",
        "posta_kodu": "78302"
    },
    {
        "mahalle_id": "113_2",
        "mahalle_adi": "Maylat Mah (güngören Köyü)",
        "posta_kodu": "78302"
    },
    {
        "mahalle_id": "209_2",
        "mahalle_adi": "Mazlumlar Mah (seferler Köyü)",
        "posta_kodu": "78302"
    },
    {
        "mahalle_id": "4_2",
        "mahalle_adi": "Merkez Mah (abakolu Köyü)",
        "posta_kodu": "78302"
    },
    {
        "mahalle_id": "11_2",
        "mahalle_adi": "Merkez Mah (aday Köyü)",
        "posta_kodu": "78302"
    },
    {
        "mahalle_id": "19_2",
        "mahalle_adi": "Merkez Mah (akçakese Köyü)",
        "posta_kodu": "78302"
    },
    {
        "mahalle_id": "23_2",
        "mahalle_adi": "Merkez Mah (akören Köyü)",
        "posta_kodu": "78302"
    },
    {
        "mahalle_id": "27_2",
        "mahalle_adi": "Merkez Mah (alaçat Köyü)",
        "posta_kodu": "78302"
    },
    {
        "mahalle_id": "30_2",
        "mahalle_adi": "Merkez Mah (alpagut Köyü)",
        "posta_kodu": "78302"
    },
    {
        "mahalle_id": "36_2",
        "mahalle_adi": "Merkez Mah (bağlıca Köyü)",
        "posta_kodu": "78302"
    },
    {
        "mahalle_id": "41_2",
        "mahalle_adi": "Merkez Mah (bakırcılar Köyü)",
        "posta_kodu": "78302"
    },
    {
        "mahalle_id": "53_2",
        "mahalle_adi": "Merkez Mah (bedil Köyü)",
        "posta_kodu": "78302"
    },
    {
        "mahalle_id": "61_2",
        "mahalle_adi": "Merkez Mah (bostancılar Köyü)",
        "posta_kodu": "78302"
    },
    {
        "mahalle_id": "67_2",
        "mahalle_adi": "Merkez Mah (çal Köyü)",
        "posta_kodu": "78302"
    },
    {
        "mahalle_id": "69_2",
        "mahalle_adi": "Merkez Mah (çamyurt Köyü)",
        "posta_kodu": "78302"
    },
    {
        "mahalle_id": "73_2",
        "mahalle_adi": "Merkez Mah (çavuşlu Köyü)",
        "posta_kodu": "78302"
    },
    {
        "mahalle_id": "78_2",
        "mahalle_adi": "Merkez Mah (çemçi Köyü)",
        "posta_kodu": "78302"
    },
    {
        "mahalle_id": "80_2",
        "mahalle_adi": "Merkez Mah (çengeller Köyü)",
        "posta_kodu": "78302"
    },
    {
        "mahalle_id": "86_2",
        "mahalle_adi": "Merkez Mah (çörekli Köyü)",
        "posta_kodu": "78302"
    },
    {
        "mahalle_id": "87_2",
        "mahalle_adi": "Merkez Mah (çukurgelik Köyü)",
        "posta_kodu": "78302"
    },
    {
        "mahalle_id": "88_2",
        "mahalle_adi": "Merkez Mah (çukurören Köyü)",
        "posta_kodu": "78302"
    },
    {
        "mahalle_id": "95_2",
        "mahalle_adi": "Merkez Mah (demirli Köyü)",
        "posta_kodu": "78302"
    },
    {
        "mahalle_id": "99_2",
        "mahalle_adi": "Merkez Mah (esencik Köyü)",
        "posta_kodu": "78302"
    },
    {
        "mahalle_id": "103_2",
        "mahalle_adi": "Merkez Mah (gökgöz Köyü)",
        "posta_kodu": "78302"
    },
    {
        "mahalle_id": "108_2",
        "mahalle_adi": "Merkez Mah (göller Köyü)",
        "posta_kodu": "78302"
    },
    {
        "mahalle_id": "118_2",
        "mahalle_adi": "Merkez Mah (günlüce Köyü)",
        "posta_kodu": "78302"
    },
    {
        "mahalle_id": "119_2",
        "mahalle_adi": "Merkez Mah (hacışaban Köyü)",
        "posta_kodu": "78302"
    },
    {
        "mahalle_id": "123_2",
        "mahalle_adi": "Merkez Mah (halkevli Köyü)",
        "posta_kodu": "78302"
    },
    {
        "mahalle_id": "127_2",
        "mahalle_adi": "Merkez Mah (karacapınar Köyü)",
        "posta_kodu": "78302"
    },
    {
        "mahalle_id": "133_2",
        "mahalle_adi": "Merkez Mah (karataş Köyü)",
        "posta_kodu": "78302"
    },
    {
        "mahalle_id": "137_2",
        "mahalle_adi": "Merkez Mah (karlı Köyü)",
        "posta_kodu": "78302"
    },
    {
        "mahalle_id": "139_2",
        "mahalle_adi": "Merkez Mah (kavak Köyü)",
        "posta_kodu": "78302"
    },
    {
        "mahalle_id": "142_2",
        "mahalle_adi": "Merkez Mah (kıran Köyü)",
        "posta_kodu": "78302"
    },
    {
        "mahalle_id": "156_2",
        "mahalle_adi": "Merkez Mah (koltucak Köyü)",
        "posta_kodu": "78302"
    },
    {
        "mahalle_id": "152_2",
        "mahalle_adi": "Merkez Mah (kutluören Köyü)",
        "posta_kodu": "78302"
    },
    {
        "mahalle_id": "163_2",
        "mahalle_adi": "Merkez Mah (müftüler Köyü)",
        "posta_kodu": "78302"
    },
    {
        "mahalle_id": "170_2",
        "mahalle_adi": "Merkez Mah (mülayim Köyü)",
        "posta_kodu": "78302"
    },
    {
        "mahalle_id": "176_2",
        "mahalle_adi": "Merkez Mah (osmanlar Köyü)",
        "posta_kodu": "78302"
    },
    {
        "mahalle_id": "179_2",
        "mahalle_adi": "Merkez Mah (ovaçalış Köyü)",
        "posta_kodu": "78302"
    },
    {
        "mahalle_id": "195_2",
        "mahalle_adi": "Merkez Mah (paşabey Köyü)",
        "posta_kodu": "78302"
    },
    {
        "mahalle_id": "197_2",
        "mahalle_adi": "Merkez Mah (pınarözü Köyü)",
        "posta_kodu": "78302"
    },
    {
        "mahalle_id": "201_2",
        "mahalle_adi": "Merkez Mah (saçak Köyü)",
        "posta_kodu": "78302"
    },
    {
        "mahalle_id": "205_2",
        "mahalle_adi": "Merkez Mah (saraycık Köyü)",
        "posta_kodu": "78302"
    },
    {
        "mahalle_id": "207_2",
        "mahalle_adi": "Merkez Mah (seferler Köyü)",
        "posta_kodu": "78302"
    },
    {
        "mahalle_id": "217_2",
        "mahalle_adi": "Merkez Mah (şenyurt Köyü)",
        "posta_kodu": "78302"
    },
    {
        "mahalle_id": "212_2",
        "mahalle_adi": "Merkez Mah (soğucak Köyü)",
        "posta_kodu": "78302"
    },
    {
        "mahalle_id": "222_2",
        "mahalle_adi": "Merkez Mah (ulugeçit Köyü)",
        "posta_kodu": "78302"
    },
    {
        "mahalle_id": "230_2",
        "mahalle_adi": "Merkez Mah (yağlıca Köyü)",
        "posta_kodu": "78302"
    },
    {
        "mahalle_id": "77_2",
        "mahalle_adi": "Molla Halil Mah (çemçi Köyü)",
        "posta_kodu": "78302"
    },
    {
        "mahalle_id": "164_2",
        "mahalle_adi": "Mollaoğlu Mah (müftüler Köyü)",
        "posta_kodu": "78302"
    },
    {
        "mahalle_id": "203_2",
        "mahalle_adi": "Murat Mah (saçak Köyü)",
        "posta_kodu": "78302"
    },
    {
        "mahalle_id": "148_2",
        "mahalle_adi": "Müsekoğlu Mah (kocacık Köyü)",
        "posta_kodu": "78302"
    },
    {
        "mahalle_id": "226_2",
        "mahalle_adi": "Musluoğlu Mah (yağlıca Köyü)",
        "posta_kodu": "78302"
    },
    {
        "mahalle_id": "96_2",
        "mahalle_adi": "Namazcıoğlu Mah (emirler Köyü)",
        "posta_kodu": "78302"
    },
    {
        "mahalle_id": "218_2",
        "mahalle_adi": "Nuhoğlu Mah (şenyurt Köyü)",
        "posta_kodu": "78302"
    },
    {
        "mahalle_id": "25_2",
        "mahalle_adi": "Numanoğlu Mah (akören Köyü)",
        "posta_kodu": "78302"
    },
    {
        "mahalle_id": "173_2",
        "mahalle_adi": "Ömeroğlu Mah (osmanlar Köyü)",
        "posta_kodu": "78302"
    },
    {
        "mahalle_id": "115_2",
        "mahalle_adi": "Ömüroğlu Mah (günlüce Köyü)",
        "posta_kodu": "78302"
    },
    {
        "mahalle_id": "3_2",
        "mahalle_adi": "Örencik Mah (abakolu Köyü)",
        "posta_kodu": "78302"
    },
    {
        "mahalle_id": "189_2",
        "mahalle_adi": "Örencik Mah (ovaşeyhler Köyü)",
        "posta_kodu": "78302"
    },
    {
        "mahalle_id": "125_2",
        "mahalle_adi": "Ortakcı Mah (halkevli Köyü)",
        "posta_kodu": "78302"
    },
    {
        "mahalle_id": "33_2",
        "mahalle_adi": "Oruçlar Mah (bağlıca Köyü)",
        "posta_kodu": "78302"
    },
    {
        "mahalle_id": "92_2",
        "mahalle_adi": "Ovacık Mah (demirli Köyü)",
        "posta_kodu": "78302"
    },
    {
        "mahalle_id": "10_2",
        "mahalle_adi": "Parmaksızlar Mah (hacıağaç Köyü)",
        "posta_kodu": "78302"
    },
    {
        "mahalle_id": "112_2",
        "mahalle_adi": "Pınarlar Mah (güngören Köyü)",
        "posta_kodu": "78302"
    },
    {
        "mahalle_id": "44_2",
        "mahalle_adi": "Ponooğlu Mah (bakırcılar Köyü)",
        "posta_kodu": "78302"
    },
    {
        "mahalle_id": "37_2",
        "mahalle_adi": "Rahmanlar Mah (bağlıca Köyü)",
        "posta_kodu": "78302"
    },
    {
        "mahalle_id": "220_2",
        "mahalle_adi": "Rahmanlar Mah (ulugeçit Köyü)",
        "posta_kodu": "78302"
    },
    {
        "mahalle_id": "76_2",
        "mahalle_adi": "Rahmanoğlu Mah (çemçi Köyü)",
        "posta_kodu": "78302"
    },
    {
        "mahalle_id": "42_2",
        "mahalle_adi": "Sağıroğlu Mah (bakırcılar Köyü)",
        "posta_kodu": "78302"
    },
    {
        "mahalle_id": "59_2",
        "mahalle_adi": "Sağıroğlu Mah (bostancılar Köyü)",
        "posta_kodu": "78302"
    },
    {
        "mahalle_id": "52_2",
        "mahalle_adi": "Sakalar Mah (bedil Köyü)",
        "posta_kodu": "78302"
    },
    {
        "mahalle_id": "14_2",
        "mahalle_adi": "Sarıkayaaltı Mah (aday Köyü)",
        "posta_kodu": "78302"
    },
    {
        "mahalle_id": "149_2",
        "mahalle_adi": "Sarıoğlu Mah (kutluören Köyü)",
        "posta_kodu": "78302"
    },
    {
        "mahalle_id": "141_2",
        "mahalle_adi": "Seferbeyoğlu Mah (kıran Köyü)",
        "posta_kodu": "78302"
    },
    {
        "mahalle_id": "114_2",
        "mahalle_adi": "Şeyhoğlu Mah (güngören Köyü)",
        "posta_kodu": "78302"
    },
    {
        "mahalle_id": "6_2",
        "mahalle_adi": "Şeyhoğlu Mah (hacıağaç Köyü)",
        "posta_kodu": "78302"
    },
    {
        "mahalle_id": "89_2",
        "mahalle_adi": "Sinitler Mah (çukurören Köyü)",
        "posta_kodu": "78302"
    },
    {
        "mahalle_id": "184_2",
        "mahalle_adi": "Sıtlıkoğlu Mah (ovaşeyhler Köyü)",
        "posta_kodu": "78302"
    },
    {
        "mahalle_id": "185_2",
        "mahalle_adi": "Siyamoğlu Mah (ovaşeyhler Köyü)",
        "posta_kodu": "78302"
    },
    {
        "mahalle_id": "213_2",
        "mahalle_adi": "Sofuoğlu Mah (soğucak Köyü)",
        "posta_kodu": "78302"
    },
    {
        "mahalle_id": "12_2",
        "mahalle_adi": "Şükürşük Mah (aday Köyü)",
        "posta_kodu": "78302"
    },
    {
        "mahalle_id": "5_1",
        "mahalle_adi": "Tabaklar Mah",
        "posta_kodu": "78300"
    },
    {
        "mahalle_id": "155_2",
        "mahalle_adi": "Tamiş Mah (kutluören Köyü)",
        "posta_kodu": "78302"
    },
    {
        "mahalle_id": "90_2",
        "mahalle_adi": "Tepe Mah (çukurören Köyü)",
        "posta_kodu": "78302"
    },
    {
        "mahalle_id": "182_2",
        "mahalle_adi": "Tepe Mah (ovaçalış Köyü)",
        "posta_kodu": "78302"
    },
    {
        "mahalle_id": "74_2",
        "mahalle_adi": "Terke Mah (çavuşlu Köyü)",
        "posta_kodu": "78302"
    },
    {
        "mahalle_id": "151_2",
        "mahalle_adi": "Terzioğlu Mah (kutluören Köyü)",
        "posta_kodu": "78302"
    },
    {
        "mahalle_id": "147_2",
        "mahalle_adi": "Topuz Mah (kocacık Köyü)",
        "posta_kodu": "78302"
    },
    {
        "mahalle_id": "104_2",
        "mahalle_adi": "Topuzlu Mah (gökgöz Köyü)",
        "posta_kodu": "78302"
    },
    {
        "mahalle_id": "171_2",
        "mahalle_adi": "Türbelioğlu Mah (osmanlar Köyü)",
        "posta_kodu": "78302"
    },
    {
        "mahalle_id": "102_2",
        "mahalle_adi": "Üst Mah (gelicek Köyü)",
        "posta_kodu": "78302"
    },
    {
        "mahalle_id": "97_2",
        "mahalle_adi": "Velifakir Mah (emirler Köyü)",
        "posta_kodu": "78302"
    },
    {
        "mahalle_id": "26_2",
        "mahalle_adi": "Velişıhlar Mah (akören Köyü)",
        "posta_kodu": "78302"
    },
    {
        "mahalle_id": "6_1",
        "mahalle_adi": "Yalacık Mah",
        "posta_kodu": "78300"
    },
    {
        "mahalle_id": "160_2",
        "mahalle_adi": "Yantiri Mah (koltucak Köyü)",
        "posta_kodu": "78302"
    },
    {
        "mahalle_id": "199_2",
        "mahalle_adi": "Yayalar Mah (pınarözü Köyü)",
        "posta_kodu": "78302"
    },
    {
        "mahalle_id": "51_2",
        "mahalle_adi": "Yazıcıoğlu Mah (bedil Köyü)",
        "posta_kodu": "78302"
    },
    {
        "mahalle_id": "174_2",
        "mahalle_adi": "Yeni Mah (osmanlar Köyü)",
        "posta_kodu": "78302"
    },
    {
        "mahalle_id": "175_2",
        "mahalle_adi": "Yeniköprü Mah (osmanlar Köyü)",
        "posta_kodu": "78302"
    },
    {
        "mahalle_id": "136_2",
        "mahalle_adi": "Yukarı Karlı Mah (karlı Köyü)",
        "posta_kodu": "78302"
    },
    {
        "mahalle_id": "224_2",
        "mahalle_adi": "Yukarı Mah (yağlıca Köyü)",
        "posta_kodu": "78302"
    }
]