[
    {
        "mahalle_id": "3_1",
        "mahalle_adi": "Adakınık Mah",
        "posta_kodu": "14910"
    },
    {
        "mahalle_id": "2_2",
        "mahalle_adi": "Adaköy Merkez Mah (adaköy Köyü)",
        "posta_kodu": "14912"
    },
    {
        "mahalle_id": "61_2",
        "mahalle_adi": "Aladağ Mah (sorkun Köyü)",
        "posta_kodu": "14912"
    },
    {
        "mahalle_id": "82_2",
        "mahalle_adi": "Aladağ Mah (yukarıdüğer Köyü)",
        "posta_kodu": "14912"
    },
    {
        "mahalle_id": "32_2",
        "mahalle_adi": "Aşağı Mah (doğancılar Köyü)",
        "posta_kodu": "14912"
    },
    {
        "mahalle_id": "68_2",
        "mahalle_adi": "Aşağı Mah (sorkun Köyü)",
        "posta_kodu": "14912"
    },
    {
        "mahalle_id": "79_2",
        "mahalle_adi": "Aşağı Mah (yukarıdüğer Köyü)",
        "posta_kodu": "14912"
    },
    {
        "mahalle_id": "65_2",
        "mahalle_adi": "Aşağı Mandıra Mah (sorkun Köyü)",
        "posta_kodu": "14912"
    },
    {
        "mahalle_id": "41_2",
        "mahalle_adi": "Aşağı Yayla Mah (göbüler Köyü)",
        "posta_kodu": "14912"
    },
    {
        "mahalle_id": "55_2",
        "mahalle_adi": "Aşağı Yayla Mah (ömerpaşalar Köyü)",
        "posta_kodu": "14912"
    },
    {
        "mahalle_id": "83_2",
        "mahalle_adi": "Aşağı Yayla Mah (yukarıdüğer Köyü)",
        "posta_kodu": "14912"
    },
    {
        "mahalle_id": "4_2",
        "mahalle_adi": "Aşağıdüğer Merkez Mah (aşağıdüğer Köyü)",
        "posta_kodu": "14912"
    },
    {
        "mahalle_id": "3_2",
        "mahalle_adi": "Aşağıdüğer Yaylası Mah (aşağıdüğer Köyü)",
        "posta_kodu": "14912"
    },
    {
        "mahalle_id": "39_2",
        "mahalle_adi": "Aşağıdülger Mah (dülger Köyü)",
        "posta_kodu": "14912"
    },
    {
        "mahalle_id": "9_2",
        "mahalle_adi": "Aşağısayık Merkez Mah (aşağısayık Köyü)",
        "posta_kodu": "14912"
    },
    {
        "mahalle_id": "58_2",
        "mahalle_adi": "Azaplar Mah (ömerpaşalar Köyü)",
        "posta_kodu": "14912"
    },
    {
        "mahalle_id": "13_2",
        "mahalle_adi": "Batı Mah (bünüş Köyü)",
        "posta_kodu": "14912"
    },
    {
        "mahalle_id": "36_2",
        "mahalle_adi": "Bayır Mah (doğancılar Köyü)",
        "posta_kodu": "14912"
    },
    {
        "mahalle_id": "4_1",
        "mahalle_adi": "Bayramlar Mah",
        "posta_kodu": "14910"
    },
    {
        "mahalle_id": "62_2",
        "mahalle_adi": "Bıçkı Yaylası Mah (sorkun Köyü)",
        "posta_kodu": "14912"
    },
    {
        "mahalle_id": "11_2",
        "mahalle_adi": "Bünüş Aladağı Mah (bünüş Köyü)",
        "posta_kodu": "14912"
    },
    {
        "mahalle_id": "12_2",
        "mahalle_adi": "Bünüş Mandırası Mah (bünüş Köyü)",
        "posta_kodu": "14912"
    },
    {
        "mahalle_id": "14_2",
        "mahalle_adi": "Bünüş Merkez Mah (bünüş Köyü)",
        "posta_kodu": "14912"
    },
    {
        "mahalle_id": "21_2",
        "mahalle_adi": "Çalköy Beydüşlüh Mah.yaylası Mah (çalköy Köyü)",
        "posta_kodu": "14912"
    },
    {
        "mahalle_id": "20_2",
        "mahalle_adi": "Çalköy Köroğlu Yaylası Mah (çalköy Köyü)",
        "posta_kodu": "14912"
    },
    {
        "mahalle_id": "22_2",
        "mahalle_adi": "Çalköy Merkez Mah (çalköy Köyü)",
        "posta_kodu": "14912"
    },
    {
        "mahalle_id": "24_2",
        "mahalle_adi": "Çardak Köyü",
        "posta_kodu": "14912"
    },
    {
        "mahalle_id": "23_2",
        "mahalle_adi": "Çardak Yaylası Mah (çardak Köyü)",
        "posta_kodu": "14912"
    },
    {
        "mahalle_id": "1_1",
        "mahalle_adi": "Çavuşlar Mah",
        "posta_kodu": "14910"
    },
    {
        "mahalle_id": "18_2",
        "mahalle_adi": "Cemaller Çiçekli Yaylası Mah (cemaller Köyü)",
        "posta_kodu": "14912"
    },
    {
        "mahalle_id": "17_2",
        "mahalle_adi": "Cemaller Hokak Yaylası Mah (cemaller Köyü)",
        "posta_kodu": "14912"
    },
    {
        "mahalle_id": "16_2",
        "mahalle_adi": "Cemaller Karagöz Yaylası Mah (cemaller Köyü)",
        "posta_kodu": "14912"
    },
    {
        "mahalle_id": "15_2",
        "mahalle_adi": "Cemaller Kirazlı Yaylası Mah (cemaller Köyü)",
        "posta_kodu": "14912"
    },
    {
        "mahalle_id": "19_2",
        "mahalle_adi": "Cemaller Merkez Mah (cemaller Köyü)",
        "posta_kodu": "14912"
    },
    {
        "mahalle_id": "26_2",
        "mahalle_adi": "Çetikören Aladağ Yaylası Mah (çetikören Köyü)",
        "posta_kodu": "14912"
    },
    {
        "mahalle_id": "29_2",
        "mahalle_adi": "Çetikören Kirazlı Yaylası Mah (çetikören Köyü)",
        "posta_kodu": "14912"
    },
    {
        "mahalle_id": "25_2",
        "mahalle_adi": "Çetikören Mandıraları Mah (çetikören Köyü)",
        "posta_kodu": "14912"
    },
    {
        "mahalle_id": "56_2",
        "mahalle_adi": "Çimencik Yaylası Mah (ömerpaşalar Köyü)",
        "posta_kodu": "14912"
    },
    {
        "mahalle_id": "5_1",
        "mahalle_adi": "Çitler Mah",
        "posta_kodu": "14910"
    },
    {
        "mahalle_id": "7_2",
        "mahalle_adi": "Çukurca Aladağı Mah (aşağısayık Köyü)",
        "posta_kodu": "14912"
    },
    {
        "mahalle_id": "84_2",
        "mahalle_adi": "Çukurca Yaylası Mah (yukarısayık Köyü)",
        "posta_kodu": "14912"
    },
    {
        "mahalle_id": "6_1",
        "mahalle_adi": "Deveciler Mah",
        "posta_kodu": "14910"
    },
    {
        "mahalle_id": "40_2",
        "mahalle_adi": "Dülger Merkez Mah (dülger Köyü)",
        "posta_kodu": "14912"
    },
    {
        "mahalle_id": "31_2",
        "mahalle_adi": "Gerede Yolu Mah (doğancılar Köyü)",
        "posta_kodu": "14912"
    },
    {
        "mahalle_id": "44_2",
        "mahalle_adi": "Göbüler Merkez Mah (göbüler Köyü)",
        "posta_kodu": "14912"
    },
    {
        "mahalle_id": "10_2",
        "mahalle_adi": "Göl Yayla Mah (bünüş Köyü)",
        "posta_kodu": "14912"
    },
    {
        "mahalle_id": "63_2",
        "mahalle_adi": "Göllü Yayla Mah (sorkun Köyü)",
        "posta_kodu": "14912"
    },
    {
        "mahalle_id": "46_2",
        "mahalle_adi": "Gücükler Merkez Mah (gücükler Köyü)",
        "posta_kodu": "14912"
    },
    {
        "mahalle_id": "47_2",
        "mahalle_adi": "Gücükler Yaylası Mah (gücükler Köyü)",
        "posta_kodu": "14912"
    },
    {
        "mahalle_id": "7_1",
        "mahalle_adi": "Hacetler Mah",
        "posta_kodu": "14910"
    },
    {
        "mahalle_id": "8_2",
        "mahalle_adi": "Hasinler Mah (aşağısayık Köyü)",
        "posta_kodu": "14912"
    },
    {
        "mahalle_id": "37_2",
        "mahalle_adi": "İmamlar Mah (doğancılar Köyü)",
        "posta_kodu": "14912"
    },
    {
        "mahalle_id": "71_2",
        "mahalle_adi": "Kabaklar Mah (yağbaşlar Köyü)",
        "posta_kodu": "14912"
    },
    {
        "mahalle_id": "73_2",
        "mahalle_adi": "Kabaklar Yaylası Mah (yağbaşlar Köyü)",
        "posta_kodu": "14912"
    },
    {
        "mahalle_id": "2_1",
        "mahalle_adi": "Kadılar Mah",
        "posta_kodu": "14910"
    },
    {
        "mahalle_id": "38_2",
        "mahalle_adi": "Kadirler Mah (doğancılar Köyü)",
        "posta_kodu": "14912"
    },
    {
        "mahalle_id": "30_2",
        "mahalle_adi": "Karaçayır Yaylası Mah (doğancılar Köyü)",
        "posta_kodu": "14912"
    },
    {
        "mahalle_id": "8_1",
        "mahalle_adi": "Kargıbayramlar Mah",
        "posta_kodu": "14910"
    },
    {
        "mahalle_id": "45_2",
        "mahalle_adi": "Karslar Mah (gücükler Köyü)",
        "posta_kodu": "14912"
    },
    {
        "mahalle_id": "50_2",
        "mahalle_adi": "Kılıçlar Merkez Mah (kılıçlar Köyü)",
        "posta_kodu": "14912"
    },
    {
        "mahalle_id": "48_2",
        "mahalle_adi": "Kılıçlar Yaylası Mah (kılıçlar Köyü)",
        "posta_kodu": "14912"
    },
    {
        "mahalle_id": "52_2",
        "mahalle_adi": "Kirazlı Yayla Mah (ortaköy Köyü)",
        "posta_kodu": "14912"
    },
    {
        "mahalle_id": "28_2",
        "mahalle_adi": "Konaklar Mah (çetikören Köyü)",
        "posta_kodu": "14912"
    },
    {
        "mahalle_id": "51_2",
        "mahalle_adi": "Kuruca Köyü",
        "posta_kodu": "14912"
    },
    {
        "mahalle_id": "49_2",
        "mahalle_adi": "Kuzköy Mah (kılıçlar Köyü)",
        "posta_kodu": "14912"
    },
    {
        "mahalle_id": "5_2",
        "mahalle_adi": "Mandıra Mah (aşağısayık Köyü)",
        "posta_kodu": "14912"
    },
    {
        "mahalle_id": "72_2",
        "mahalle_adi": "Mursallar Yaylası Mah (yağbaşlar Köyü)",
        "posta_kodu": "14912"
    },
    {
        "mahalle_id": "70_2",
        "mahalle_adi": "Mursallar Mah (yağbaşlar Köyü)",
        "posta_kodu": "14912"
    },
    {
        "mahalle_id": "1_2",
        "mahalle_adi": "Nahçıvan Mah (adaköy Köyü)",
        "posta_kodu": "14912"
    },
    {
        "mahalle_id": "59_2",
        "mahalle_adi": "Ömerpaşalar Merkez Mah (ömerpaşalar Köyü)",
        "posta_kodu": "14912"
    },
    {
        "mahalle_id": "54_2",
        "mahalle_adi": "Ortaköy Merkez Mah (ortaköy Köyü)",
        "posta_kodu": "14912"
    },
    {
        "mahalle_id": "35_2",
        "mahalle_adi": "Şahallar Mah (doğancılar Köyü)",
        "posta_kodu": "14912"
    },
    {
        "mahalle_id": "60_2",
        "mahalle_adi": "Seyitaliler Merkez Mah (seyitaliler Köyü)",
        "posta_kodu": "14912"
    },
    {
        "mahalle_id": "43_2",
        "mahalle_adi": "Softalar Mah (göbüler Köyü)",
        "posta_kodu": "14912"
    },
    {
        "mahalle_id": "69_2",
        "mahalle_adi": "Süleler Merkez Mah (süleler Köyü)",
        "posta_kodu": "14912"
    },
    {
        "mahalle_id": "34_2",
        "mahalle_adi": "Tabaklar Mah (doğancılar Köyü)",
        "posta_kodu": "14912"
    },
    {
        "mahalle_id": "27_2",
        "mahalle_adi": "Tepecik Mah (çetikören Köyü)",
        "posta_kodu": "14912"
    },
    {
        "mahalle_id": "33_2",
        "mahalle_adi": "Uzunlar Mah (doğancılar Köyü)",
        "posta_kodu": "14912"
    },
    {
        "mahalle_id": "75_2",
        "mahalle_adi": "Yağbaşlar Merkez Mah (yağbaşlar Köyü)",
        "posta_kodu": "14912"
    },
    {
        "mahalle_id": "74_2",
        "mahalle_adi": "Yağbaşlar Yaylası Mah (yağbaşlar Köyü)",
        "posta_kodu": "14912"
    },
    {
        "mahalle_id": "76_2",
        "mahalle_adi": "Yalacık Köyü",
        "posta_kodu": "14912"
    },
    {
        "mahalle_id": "77_2",
        "mahalle_adi": "Yalacık Yaylası Mah (yalacık Köyü)",
        "posta_kodu": "14912"
    },
    {
        "mahalle_id": "53_2",
        "mahalle_adi": "Yaslıcalı Yaylası Mah (ortaköy Köyü)",
        "posta_kodu": "14912"
    },
    {
        "mahalle_id": "78_2",
        "mahalle_adi": "Yayalar Köyü",
        "posta_kodu": "14912"
    },
    {
        "mahalle_id": "6_2",
        "mahalle_adi": "Yayla Mah (aşağısayık Köyü)",
        "posta_kodu": "14912"
    },
    {
        "mahalle_id": "57_2",
        "mahalle_adi": "Yeni Mah (ömerpaşalar Köyü)",
        "posta_kodu": "14912"
    },
    {
        "mahalle_id": "66_2",
        "mahalle_adi": "Yeni Mah (sorkun Köyü)",
        "posta_kodu": "14912"
    },
    {
        "mahalle_id": "81_2",
        "mahalle_adi": "Yeni Mah (yukarıdüğer Köyü)",
        "posta_kodu": "14912"
    },
    {
        "mahalle_id": "67_2",
        "mahalle_adi": "Yukarı Mah (sorkun Köyü)",
        "posta_kodu": "14912"
    },
    {
        "mahalle_id": "80_2",
        "mahalle_adi": "Yukarı Mah (yukarıdüğer Köyü)",
        "posta_kodu": "14912"
    },
    {
        "mahalle_id": "64_2",
        "mahalle_adi": "Yukarı Mandıra Mah (sorkun Köyü)",
        "posta_kodu": "14912"
    },
    {
        "mahalle_id": "42_2",
        "mahalle_adi": "Yukarı Yayla Mah (göbüler Köyü)",
        "posta_kodu": "14912"
    },
    {
        "mahalle_id": "85_2",
        "mahalle_adi": "Yukarısayık Merkez Mah (yukarısayık Köyü)",
        "posta_kodu": "14912"
    }
]