[
    {
        "mahalle_id": "34_2",
        "mahalle_adi": "Aktaş Mah (kaynarpınar Köyü)",
        "posta_kodu": "12902"
    },
    {
        "mahalle_id": "23_2",
        "mahalle_adi": "Ali Mah (kargapazarı Köyü)",
        "posta_kodu": "12902"
    },
    {
        "mahalle_id": "35_2",
        "mahalle_adi": "Altı Evler Mah (kaynarpınar Köyü)",
        "posta_kodu": "12902"
    },
    {
        "mahalle_id": "61_2",
        "mahalle_adi": "Aşağı Çır Mah (yorgançayır Köyü)",
        "posta_kodu": "12902"
    },
    {
        "mahalle_id": "63_2",
        "mahalle_adi": "Aşağıyağmurlu Köyü",
        "posta_kodu": "12902"
    },
    {
        "mahalle_id": "71_2",
        "mahalle_adi": "Aynik Mah (kızılağaç Köyü)",
        "posta_kodu": "12902"
    },
    {
        "mahalle_id": "1_2",
        "mahalle_adi": "Bağlıisa Köyü",
        "posta_kodu": "12902"
    },
    {
        "mahalle_id": "5_2",
        "mahalle_adi": "Bahçeköy Köyü",
        "posta_kodu": "12902"
    },
    {
        "mahalle_id": "47_2",
        "mahalle_adi": "Bedran Mah (serpmekaya Köyü)",
        "posta_kodu": "12902"
    },
    {
        "mahalle_id": "51_2",
        "mahalle_adi": "Binkoz Mah (soğukpınar Köyü)",
        "posta_kodu": "12902"
    },
    {
        "mahalle_id": "6_2",
        "mahalle_adi": "Boncukgöze Köyü",
        "posta_kodu": "12902"
    },
    {
        "mahalle_id": "25_2",
        "mahalle_adi": "Boyhane Mah (kargapazarı Köyü)",
        "posta_kodu": "12902"
    },
    {
        "mahalle_id": "17_2",
        "mahalle_adi": "Burmataş Mah (hasanova Köyü)",
        "posta_kodu": "12902"
    },
    {
        "mahalle_id": "7_2",
        "mahalle_adi": "Çatak Köyü",
        "posta_kodu": "12902"
    },
    {
        "mahalle_id": "76_2",
        "mahalle_adi": "Çatak Mah (yiğitler Köyü)",
        "posta_kodu": "12902"
    },
    {
        "mahalle_id": "2_2",
        "mahalle_adi": "Çiçekli Mah (bağlıisa Köyü)",
        "posta_kodu": "12902"
    },
    {
        "mahalle_id": "56_2",
        "mahalle_adi": "Çiçekpınar Mah (tuzluca Köyü)",
        "posta_kodu": "12902"
    },
    {
        "mahalle_id": "9_2",
        "mahalle_adi": "Çiftlikköy Köyü",
        "posta_kodu": "12902"
    },
    {
        "mahalle_id": "64_2",
        "mahalle_adi": "Cilligöl Köyü",
        "posta_kodu": "12902"
    },
    {
        "mahalle_id": "10_2",
        "mahalle_adi": "Çukurtepe Köyü",
        "posta_kodu": "12902"
    },
    {
        "mahalle_id": "8_2",
        "mahalle_adi": "Dağ Çayır Mah (çatak Köyü)",
        "posta_kodu": "12902"
    },
    {
        "mahalle_id": "11_2",
        "mahalle_adi": "Dörtyol Köyü",
        "posta_kodu": "12902"
    },
    {
        "mahalle_id": "12_2",
        "mahalle_adi": "Geçitli Köyü",
        "posta_kodu": "12902"
    },
    {
        "mahalle_id": "26_2",
        "mahalle_adi": "Gola Use Mah (kargapazarı Köyü)",
        "posta_kodu": "12902"
    },
    {
        "mahalle_id": "62_2",
        "mahalle_adi": "Göynük Köyü",
        "posta_kodu": "12902"
    },
    {
        "mahalle_id": "75_2",
        "mahalle_adi": "Gülabi Mah (yiğitler Köyü)",
        "posta_kodu": "12902"
    },
    {
        "mahalle_id": "41_2",
        "mahalle_adi": "Hacı Fevzli Mah (kızılçubuk Köyü)",
        "posta_kodu": "12902"
    },
    {
        "mahalle_id": "67_2",
        "mahalle_adi": "Hacılar Köyü",
        "posta_kodu": "12902"
    },
    {
        "mahalle_id": "65_2",
        "mahalle_adi": "Halifan Köyü",
        "posta_kodu": "12902"
    },
    {
        "mahalle_id": "14_2",
        "mahalle_adi": "Harmantepe Köyü",
        "posta_kodu": "12902"
    },
    {
        "mahalle_id": "15_2",
        "mahalle_adi": "Hasanova Köyü",
        "posta_kodu": "12902"
    },
    {
        "mahalle_id": "13_2",
        "mahalle_adi": "Hasar Mah (geçitli Köyü)",
        "posta_kodu": "12902"
    },
    {
        "mahalle_id": "19_2",
        "mahalle_adi": "Ilıpınar Köyü",
        "posta_kodu": "12902"
    },
    {
        "mahalle_id": "78_2",
        "mahalle_adi": "Kale Mah",
        "posta_kodu": "12902"
    },
    {
        "mahalle_id": "68_2",
        "mahalle_adi": "Kalencik Köyü",
        "posta_kodu": "12902"
    },
    {
        "mahalle_id": "1_1",
        "mahalle_adi": "Kanıreş Mah",
        "posta_kodu": "12900"
    },
    {
        "mahalle_id": "79_2",
        "mahalle_adi": "Kanitaht Mah",
        "posta_kodu": "12902"
    },
    {
        "mahalle_id": "20_2",
        "mahalle_adi": "Kantarkaya Köyü",
        "posta_kodu": "12902"
    },
    {
        "mahalle_id": "21_2",
        "mahalle_adi": "Karabalçık Köyü",
        "posta_kodu": "12902"
    },
    {
        "mahalle_id": "22_2",
        "mahalle_adi": "Kargapazarı Köyü",
        "posta_kodu": "12902"
    },
    {
        "mahalle_id": "69_2",
        "mahalle_adi": "Karlıca Köyü",
        "posta_kodu": "12902"
    },
    {
        "mahalle_id": "31_2",
        "mahalle_adi": "Karşıyaka Mah (kaynarpınar Köyü)",
        "posta_kodu": "12902"
    },
    {
        "mahalle_id": "27_2",
        "mahalle_adi": "Kaşıkçı Köyü",
        "posta_kodu": "12902"
    },
    {
        "mahalle_id": "33_2",
        "mahalle_adi": "Kavakan Mah (kaynarpınar Köyü)",
        "posta_kodu": "12902"
    },
    {
        "mahalle_id": "28_2",
        "mahalle_adi": "Kaynak Köyü",
        "posta_kodu": "12902"
    },
    {
        "mahalle_id": "29_2",
        "mahalle_adi": "Kaynarpınar Köyü",
        "posta_kodu": "12902"
    },
    {
        "mahalle_id": "37_2",
        "mahalle_adi": "Kazanlı Köyü",
        "posta_kodu": "12902"
    },
    {
        "mahalle_id": "38_2",
        "mahalle_adi": "Kıraçtepe Köyü",
        "posta_kodu": "12902"
    },
    {
        "mahalle_id": "70_2",
        "mahalle_adi": "Kızılağaç Köyü",
        "posta_kodu": "12902"
    },
    {
        "mahalle_id": "40_2",
        "mahalle_adi": "Kızılçubuk Köyü",
        "posta_kodu": "12902"
    },
    {
        "mahalle_id": "16_2",
        "mahalle_adi": "Konak Mah (hasanova Köyü)",
        "posta_kodu": "12902"
    },
    {
        "mahalle_id": "42_2",
        "mahalle_adi": "Kümbet Köyü",
        "posta_kodu": "12902"
    },
    {
        "mahalle_id": "66_2",
        "mahalle_adi": "Kürük Köyü",
        "posta_kodu": "12902"
    },
    {
        "mahalle_id": "73_2",
        "mahalle_adi": "Mezracık Mah (yiğitler Köyü)",
        "posta_kodu": "12902"
    },
    {
        "mahalle_id": "24_2",
        "mahalle_adi": "Molla Hüseyin Mah (kargapazarı Köyü)",
        "posta_kodu": "12902"
    },
    {
        "mahalle_id": "43_2",
        "mahalle_adi": "Mollaşakir Köyü",
        "posta_kodu": "12902"
    },
    {
        "mahalle_id": "3_2",
        "mahalle_adi": "Morkoyun Mah (bağlıisa Köyü)",
        "posta_kodu": "12902"
    },
    {
        "mahalle_id": "44_2",
        "mahalle_adi": "Ortaköy Köyü",
        "posta_kodu": "12902"
    },
    {
        "mahalle_id": "45_2",
        "mahalle_adi": "Sakaören Köyü",
        "posta_kodu": "12902"
    },
    {
        "mahalle_id": "46_2",
        "mahalle_adi": "Sarıkuşak Köyü",
        "posta_kodu": "12902"
    },
    {
        "mahalle_id": "36_2",
        "mahalle_adi": "Serince Mah (kaynarpınar Köyü)",
        "posta_kodu": "12902"
    },
    {
        "mahalle_id": "49_2",
        "mahalle_adi": "Serpmekaya Köyü",
        "posta_kodu": "12902"
    },
    {
        "mahalle_id": "2_1",
        "mahalle_adi": "Seyran Tepe Mah",
        "posta_kodu": "12900"
    },
    {
        "mahalle_id": "39_2",
        "mahalle_adi": "Seyrana Mah (kıraçtepe Köyü)",
        "posta_kodu": "12902"
    },
    {
        "mahalle_id": "50_2",
        "mahalle_adi": "Soğukpınar Köyü",
        "posta_kodu": "12902"
    },
    {
        "mahalle_id": "52_2",
        "mahalle_adi": "Suçatı Köyü",
        "posta_kodu": "12902"
    },
    {
        "mahalle_id": "72_2",
        "mahalle_adi": "Sudurağı Köyü",
        "posta_kodu": "12902"
    },
    {
        "mahalle_id": "80_2",
        "mahalle_adi": "Tarlacık Mah (mollaşakir Köyü)",
        "posta_kodu": "12902"
    },
    {
        "mahalle_id": "53_2",
        "mahalle_adi": "Taşlıçay Köyü",
        "posta_kodu": "12902"
    },
    {
        "mahalle_id": "54_2",
        "mahalle_adi": "Toklular Köyü",
        "posta_kodu": "12902"
    },
    {
        "mahalle_id": "4_1",
        "mahalle_adi": "Turgut Özal Mah",
        "posta_kodu": "12900"
    },
    {
        "mahalle_id": "55_2",
        "mahalle_adi": "Tuzluca Köyü",
        "posta_kodu": "12902"
    },
    {
        "mahalle_id": "30_2",
        "mahalle_adi": "Üç Evler Mah (kaynarpınar Köyü)",
        "posta_kodu": "12902"
    },
    {
        "mahalle_id": "4_2",
        "mahalle_adi": "Ulukapı Mah (bağlıisa Köyü)",
        "posta_kodu": "12902"
    },
    {
        "mahalle_id": "57_2",
        "mahalle_adi": "Viranşehir Köyü",
        "posta_kodu": "12902"
    },
    {
        "mahalle_id": "48_2",
        "mahalle_adi": "Yalnızlar Mah (serpmekaya Köyü)",
        "posta_kodu": "12902"
    },
    {
        "mahalle_id": "32_2",
        "mahalle_adi": "Yazlıkonak Mah (kaynarpınar Köyü)",
        "posta_kodu": "12902"
    },
    {
        "mahalle_id": "58_2",
        "mahalle_adi": "Yeniköy Köyü",
        "posta_kodu": "12902"
    },
    {
        "mahalle_id": "3_1",
        "mahalle_adi": "Yeşilyurt Mah",
        "posta_kodu": "12900"
    },
    {
        "mahalle_id": "74_2",
        "mahalle_adi": "Yiğitler Köyü",
        "posta_kodu": "12902"
    },
    {
        "mahalle_id": "59_2",
        "mahalle_adi": "Yoncalık Köyü",
        "posta_kodu": "12902"
    },
    {
        "mahalle_id": "60_2",
        "mahalle_adi": "Yorgançayır Köyü",
        "posta_kodu": "12902"
    },
    {
        "mahalle_id": "18_2",
        "mahalle_adi": "Yukarı Çır Mah (hasanova Köyü)",
        "posta_kodu": "12902"
    },
    {
        "mahalle_id": "77_2",
        "mahalle_adi": "Yukarıyağmurlu Köyü",
        "posta_kodu": "12902"
    }
]