[
    {
        "mahalle_id": "11_1",
        "mahalle_adi": "101 Evler Mah",
        "posta_kodu": "43500"
    },
    {
        "mahalle_id": "12_1",
        "mahalle_adi": "4 Eylül Mah",
        "posta_kodu": "43500"
    },
    {
        "mahalle_id": "25_2",
        "mahalle_adi": "Ahlatlıçeşme Köyü",
        "posta_kodu": "43502"
    },
    {
        "mahalle_id": "26_2",
        "mahalle_adi": "Ahmetli Köyü",
        "posta_kodu": "43502"
    },
    {
        "mahalle_id": "27_2",
        "mahalle_adi": "Akpınar Köyü",
        "posta_kodu": "43502"
    },
    {
        "mahalle_id": "30_2",
        "mahalle_adi": "Aksaz Köyü",
        "posta_kodu": "43502"
    },
    {
        "mahalle_id": "31_2",
        "mahalle_adi": "Aksaz-mevki Mah (aksaz Köyü)",
        "posta_kodu": "43502"
    },
    {
        "mahalle_id": "29_2",
        "mahalle_adi": "Aksaz-oba Mah (aksaz Köyü)",
        "posta_kodu": "43502"
    },
    {
        "mahalle_id": "100_2",
        "mahalle_adi": "Alan Mah (çınarlıdere Köyü)",
        "posta_kodu": "43502"
    },
    {
        "mahalle_id": "75_2",
        "mahalle_adi": "Aşağı Mah (yavu Köyü)",
        "posta_kodu": "43502"
    },
    {
        "mahalle_id": "32_2",
        "mahalle_adi": "Aşağıdolaylar Köyü",
        "posta_kodu": "43502"
    },
    {
        "mahalle_id": "2_2",
        "mahalle_adi": "Atatürk Mah (bahtıllı Köyü)",
        "posta_kodu": "43502"
    },
    {
        "mahalle_id": "89_2",
        "mahalle_adi": "Azizler Mah (esenbağ Köyü)",
        "posta_kodu": "43502"
    },
    {
        "mahalle_id": "82_2",
        "mahalle_adi": "Bademli Köyü",
        "posta_kodu": "43502"
    },
    {
        "mahalle_id": "33_2",
        "mahalle_adi": "Başkonak Köyü",
        "posta_kodu": "43502"
    },
    {
        "mahalle_id": "35_2",
        "mahalle_adi": "Beciler Köyü",
        "posta_kodu": "43502"
    },
    {
        "mahalle_id": "83_2",
        "mahalle_adi": "Bedirler Köyü",
        "posta_kodu": "43502"
    },
    {
        "mahalle_id": "16_1",
        "mahalle_adi": "Beyce Mah",
        "posta_kodu": "43500"
    },
    {
        "mahalle_id": "34_2",
        "mahalle_adi": "Beylikler Mah (beciler Köyü)",
        "posta_kodu": "43502"
    },
    {
        "mahalle_id": "115_2",
        "mahalle_adi": "Boğazköy Köyü",
        "posta_kodu": "43502"
    },
    {
        "mahalle_id": "94_2",
        "mahalle_adi": "Büdüz Mah (hasanören Köyü)",
        "posta_kodu": "43502"
    },
    {
        "mahalle_id": "36_2",
        "mahalle_adi": "Çakırlar Köyü",
        "posta_kodu": "43502"
    },
    {
        "mahalle_id": "1_4",
        "mahalle_adi": "Camii Kebir Mah (çitgöl Beldesi)",
        "posta_kodu": "43510"
    },
    {
        "mahalle_id": "37_2",
        "mahalle_adi": "Çamlık Köyü",
        "posta_kodu": "43502"
    },
    {
        "mahalle_id": "15_1",
        "mahalle_adi": "Çavdır Mah",
        "posta_kodu": "43500"
    },
    {
        "mahalle_id": "118_2",
        "mahalle_adi": "Çayhanlar Mah (çınarlıdere Köyü)",
        "posta_kodu": "43502"
    },
    {
        "mahalle_id": "3_5",
        "mahalle_adi": "Çaysimav Mah (demirci Beldesi)",
        "posta_kodu": "43512"
    },
    {
        "mahalle_id": "1_3",
        "mahalle_adi": "Cevizlik Mah (akdağ Beldesi)",
        "posta_kodu": "43590"
    },
    {
        "mahalle_id": "101_2",
        "mahalle_adi": "Çınarlıdere Köyü",
        "posta_kodu": "43502"
    },
    {
        "mahalle_id": "21_2",
        "mahalle_adi": "Çobanlar Mah (yeniköy Köyü)",
        "posta_kodu": "43502"
    },
    {
        "mahalle_id": "84_2",
        "mahalle_adi": "Çulhalar Köyü",
        "posta_kodu": "43502"
    },
    {
        "mahalle_id": "1_1",
        "mahalle_adi": "Cuma Mah",
        "posta_kodu": "43500"
    },
    {
        "mahalle_id": "1_6",
        "mahalle_adi": "Cuma Mah (güney Beldesi)",
        "posta_kodu": "43511"
    },
    {
        "mahalle_id": "3_2",
        "mahalle_adi": "Cumhuriyet Mah (bahtıllı Köyü)",
        "posta_kodu": "43502"
    },
    {
        "mahalle_id": "2_4",
        "mahalle_adi": "Cumhuriyet Mah (çitgöl Beldesi)",
        "posta_kodu": "43510"
    },
    {
        "mahalle_id": "9_2",
        "mahalle_adi": "Cumhuriyet Mah (gümüşsu Köyü)",
        "posta_kodu": "43502"
    },
    {
        "mahalle_id": "1_8",
        "mahalle_adi": "Cumhuriyet Mah (naşa Beldesi)",
        "posta_kodu": "43505"
    },
    {
        "mahalle_id": "19_2",
        "mahalle_adi": "Cumhuriyet Mah (yeniköy Köyü)",
        "posta_kodu": "43502"
    },
    {
        "mahalle_id": "22_2",
        "mahalle_adi": "Darıcı Mah (yeşildere Köyü)",
        "posta_kodu": "43502"
    },
    {
        "mahalle_id": "14_1",
        "mahalle_adi": "Değirmenciler Mah",
        "posta_kodu": "43500"
    },
    {
        "mahalle_id": "2_5",
        "mahalle_adi": "Demirci Mah (demirci Beldesi)",
        "posta_kodu": "43512"
    },
    {
        "mahalle_id": "4_7",
        "mahalle_adi": "Dere Mah (kuşu Beldesi)",
        "posta_kodu": "43520"
    },
    {
        "mahalle_id": "85_2",
        "mahalle_adi": "Dereköy Köyü",
        "posta_kodu": "43502"
    },
    {
        "mahalle_id": "87_2",
        "mahalle_adi": "Dereyüzüdere Köyü",
        "posta_kodu": "43502"
    },
    {
        "mahalle_id": "51_2",
        "mahalle_adi": "Efedamlar Mah (karakoca Köyü)",
        "posta_kodu": "43502"
    },
    {
        "mahalle_id": "38_2",
        "mahalle_adi": "Efir Köyü",
        "posta_kodu": "43502"
    },
    {
        "mahalle_id": "117_2",
        "mahalle_adi": "Eğdemir Köyü",
        "posta_kodu": "43502"
    },
    {
        "mahalle_id": "39_2",
        "mahalle_adi": "Eğirler Köyü",
        "posta_kodu": "43502"
    },
    {
        "mahalle_id": "88_2",
        "mahalle_adi": "Esenbağ Köyü",
        "posta_kodu": "43502"
    },
    {
        "mahalle_id": "2_1",
        "mahalle_adi": "Esenevler Mah",
        "posta_kodu": "43500"
    },
    {
        "mahalle_id": "91_2",
        "mahalle_adi": "Evciler Köyü",
        "posta_kodu": "43502"
    },
    {
        "mahalle_id": "3_1",
        "mahalle_adi": "Fatih Mah",
        "posta_kodu": "43500"
    },
    {
        "mahalle_id": "2_6",
        "mahalle_adi": "Fatih Mah (güney Beldesi)",
        "posta_kodu": "43511"
    },
    {
        "mahalle_id": "11_2",
        "mahalle_adi": "Fatih Mah (kestel Köyü)",
        "posta_kodu": "43502"
    },
    {
        "mahalle_id": "2_8",
        "mahalle_adi": "Fatih Mah (naşa Beldesi)",
        "posta_kodu": "43505"
    },
    {
        "mahalle_id": "20_2",
        "mahalle_adi": "Fatih Mah (yeniköy Köyü)",
        "posta_kodu": "43502"
    },
    {
        "mahalle_id": "12_2",
        "mahalle_adi": "Gazi Mah (kestel Köyü)",
        "posta_kodu": "43502"
    },
    {
        "mahalle_id": "15_2",
        "mahalle_adi": "Gazi Mah (yaykın Köyü)",
        "posta_kodu": "43502"
    },
    {
        "mahalle_id": "92_2",
        "mahalle_adi": "Gılmanlar Köyü",
        "posta_kodu": "43502"
    },
    {
        "mahalle_id": "40_2",
        "mahalle_adi": "Gökçeler Köyü",
        "posta_kodu": "43502"
    },
    {
        "mahalle_id": "23_2",
        "mahalle_adi": "Gökçepınar Mah (yeşilköy Köyü)",
        "posta_kodu": "43502"
    },
    {
        "mahalle_id": "41_2",
        "mahalle_adi": "Gölköy Köyü",
        "posta_kodu": "43502"
    },
    {
        "mahalle_id": "107_2",
        "mahalle_adi": "Güney Mah (sudöşeği Köyü)",
        "posta_kodu": "43502"
    },
    {
        "mahalle_id": "99_2",
        "mahalle_adi": "Gurbetler Mah (çınarlıdere Köyü)",
        "posta_kodu": "43502"
    },
    {
        "mahalle_id": "81_2",
        "mahalle_adi": "Güzelyurt Köyü",
        "posta_kodu": "43502"
    },
    {
        "mahalle_id": "17_1",
        "mahalle_adi": "Hacıahmetoğlu Mah",
        "posta_kodu": "43500"
    },
    {
        "mahalle_id": "43_2",
        "mahalle_adi": "Hacıhüseyinefendi Köyü",
        "posta_kodu": "43502"
    },
    {
        "mahalle_id": "3_8",
        "mahalle_adi": "Hamzabey Mah (naşa Beldesi)",
        "posta_kodu": "43505"
    },
    {
        "mahalle_id": "93_2",
        "mahalle_adi": "Hasanören Köyü",
        "posta_kodu": "43502"
    },
    {
        "mahalle_id": "44_2",
        "mahalle_adi": "Hıdırdivanı Köyü",
        "posta_kodu": "43502"
    },
    {
        "mahalle_id": "7_2",
        "mahalle_adi": "Hisar Mah (karacahisar Köyü)",
        "posta_kodu": "43502"
    },
    {
        "mahalle_id": "4_1",
        "mahalle_adi": "Hisarardı Mah",
        "posta_kodu": "43500"
    },
    {
        "mahalle_id": "4_2",
        "mahalle_adi": "Hisarbey Mah (hisarbey Köyü)",
        "posta_kodu": "43502"
    },
    {
        "mahalle_id": "10_2",
        "mahalle_adi": "Hürriyet Mah (gümüşsu Köyü)",
        "posta_kodu": "43502"
    },
    {
        "mahalle_id": "95_2",
        "mahalle_adi": "Ihlamur Köyü",
        "posta_kodu": "43502"
    },
    {
        "mahalle_id": "97_2",
        "mahalle_adi": "İmranlar Köyü",
        "posta_kodu": "43502"
    },
    {
        "mahalle_id": "98_2",
        "mahalle_adi": "İnkaya Köyü",
        "posta_kodu": "43502"
    },
    {
        "mahalle_id": "46_2",
        "mahalle_adi": "İnlice Köyü",
        "posta_kodu": "43502"
    },
    {
        "mahalle_id": "59_2",
        "mahalle_adi": "Kabaşlar Mah (koyunoba Köyü)",
        "posta_kodu": "43502"
    },
    {
        "mahalle_id": "1_7",
        "mahalle_adi": "Kadılar Mah (kuşu Beldesi)",
        "posta_kodu": "43520"
    },
    {
        "mahalle_id": "90_2",
        "mahalle_adi": "Kaili Mah (evciler Köyü)",
        "posta_kodu": "43502"
    },
    {
        "mahalle_id": "47_2",
        "mahalle_adi": "Kapıkaya Köyü",
        "posta_kodu": "43502"
    },
    {
        "mahalle_id": "1_5",
        "mahalle_adi": "Karacalar Mah (demirci Beldesi)",
        "posta_kodu": "43512"
    },
    {
        "mahalle_id": "49_2",
        "mahalle_adi": "Karacaören Köyü",
        "posta_kodu": "43502"
    },
    {
        "mahalle_id": "50_2",
        "mahalle_adi": "Karakoca Köyü",
        "posta_kodu": "43502"
    },
    {
        "mahalle_id": "5_1",
        "mahalle_adi": "Karakür Mah",
        "posta_kodu": "43500"
    },
    {
        "mahalle_id": "52_2",
        "mahalle_adi": "Karapınar Köyü",
        "posta_kodu": "43502"
    },
    {
        "mahalle_id": "6_1",
        "mahalle_adi": "Karşıyaka Mah",
        "posta_kodu": "43500"
    },
    {
        "mahalle_id": "3_7",
        "mahalle_adi": "Kaya Mah (kuşu Beldesi)",
        "posta_kodu": "43520"
    },
    {
        "mahalle_id": "55_2",
        "mahalle_adi": "Kayaışık Köyü",
        "posta_kodu": "43502"
    },
    {
        "mahalle_id": "54_2",
        "mahalle_adi": "Kayalıdere Köyü",
        "posta_kodu": "43502"
    },
    {
        "mahalle_id": "7_1",
        "mahalle_adi": "Kekliktepe Mah",
        "posta_kodu": "43500"
    },
    {
        "mahalle_id": "57_2",
        "mahalle_adi": "Kiçir Köyü",
        "posta_kodu": "43502"
    },
    {
        "mahalle_id": "2_3",
        "mahalle_adi": "Kınık Mah (akdağ Beldesi)",
        "posta_kodu": "43590"
    },
    {
        "mahalle_id": "56_2",
        "mahalle_adi": "Kızılcık Köyü",
        "posta_kodu": "43502"
    },
    {
        "mahalle_id": "102_2",
        "mahalle_adi": "Köseler Köyü",
        "posta_kodu": "43502"
    },
    {
        "mahalle_id": "58_2",
        "mahalle_adi": "Koyunoba Köyü",
        "posta_kodu": "43502"
    },
    {
        "mahalle_id": "48_2",
        "mahalle_adi": "Kozanlar Mah (kapıkaya Köyü)",
        "posta_kodu": "43502"
    },
    {
        "mahalle_id": "104_2",
        "mahalle_adi": "Külcü Köyü",
        "posta_kodu": "43502"
    },
    {
        "mahalle_id": "61_2",
        "mahalle_adi": "Küplüce Köyü",
        "posta_kodu": "43502"
    },
    {
        "mahalle_id": "60_2",
        "mahalle_adi": "Kurduman Köyü",
        "posta_kodu": "43502"
    },
    {
        "mahalle_id": "116_2",
        "mahalle_adi": "Kusumlar Köyü",
        "posta_kodu": "43502"
    },
    {
        "mahalle_id": "114_2",
        "mahalle_adi": "Maden Köyü",
        "posta_kodu": "43502"
    },
    {
        "mahalle_id": "103_2",
        "mahalle_adi": "Maden Mah (külcü Köyü)",
        "posta_kodu": "43502"
    },
    {
        "mahalle_id": "86_2",
        "mahalle_adi": "Mahmutlar Mah (dereyüzüdere Köyü)",
        "posta_kodu": "43502"
    },
    {
        "mahalle_id": "62_2",
        "mahalle_adi": "Mamak Köyü",
        "posta_kodu": "43502"
    },
    {
        "mahalle_id": "53_2",
        "mahalle_adi": "Mercanlar Mah (kayalıdere Köyü)",
        "posta_kodu": "43502"
    },
    {
        "mahalle_id": "16_2",
        "mahalle_adi": "Mevlana Mah (yaykın Köyü)",
        "posta_kodu": "43502"
    },
    {
        "mahalle_id": "13_1",
        "mahalle_adi": "Muradınlar Mah",
        "posta_kodu": "43500"
    },
    {
        "mahalle_id": "42_2",
        "mahalle_adi": "Mustafaefendi Mah (hacıhüseyinefendi Köyü)",
        "posta_kodu": "43502"
    },
    {
        "mahalle_id": "8_2",
        "mahalle_adi": "Ören Mah (karacahisar Köyü)",
        "posta_kodu": "43502"
    },
    {
        "mahalle_id": "105_2",
        "mahalle_adi": "Örencik Köyü",
        "posta_kodu": "43502"
    },
    {
        "mahalle_id": "64_2",
        "mahalle_adi": "Örenli Köyü",
        "posta_kodu": "43502"
    },
    {
        "mahalle_id": "4_5",
        "mahalle_adi": "Öreyler Mah (demirci Beldesi)",
        "posta_kodu": "43512"
    },
    {
        "mahalle_id": "63_2",
        "mahalle_adi": "Ortacı Köyü",
        "posta_kodu": "43502"
    },
    {
        "mahalle_id": "5_2",
        "mahalle_adi": "Özdere Mah (kalkan Köyü)",
        "posta_kodu": "43502"
    },
    {
        "mahalle_id": "65_2",
        "mahalle_adi": "Pulluca Köyü",
        "posta_kodu": "43502"
    },
    {
        "mahalle_id": "13_2",
        "mahalle_adi": "Rahimler Mah (şenköy Köyü)",
        "posta_kodu": "43502"
    },
    {
        "mahalle_id": "66_2",
        "mahalle_adi": "Samat Köyü",
        "posta_kodu": "43502"
    },
    {
        "mahalle_id": "67_2",
        "mahalle_adi": "Sarıçam Köyü",
        "posta_kodu": "43502"
    },
    {
        "mahalle_id": "68_2",
        "mahalle_adi": "Sarıkaya Köyü",
        "posta_kodu": "43502"
    },
    {
        "mahalle_id": "106_2",
        "mahalle_adi": "Sarkatlar Köyü",
        "posta_kodu": "43502"
    },
    {
        "mahalle_id": "3_3",
        "mahalle_adi": "Savcılar Mah (akdağ Beldesi)",
        "posta_kodu": "43590"
    },
    {
        "mahalle_id": "45_2",
        "mahalle_adi": "Saya Mah (hıdırdivanı Köyü)",
        "posta_kodu": "43502"
    },
    {
        "mahalle_id": "14_2",
        "mahalle_adi": "Şenbirlik Mah (şenköy Köyü)",
        "posta_kodu": "43502"
    },
    {
        "mahalle_id": "8_1",
        "mahalle_adi": "Sırapayam Mah",
        "posta_kodu": "43500"
    },
    {
        "mahalle_id": "70_2",
        "mahalle_adi": "Söğüt Köyü",
        "posta_kodu": "43502"
    },
    {
        "mahalle_id": "110_2",
        "mahalle_adi": "Sudöşeği Köyü",
        "posta_kodu": "43502"
    },
    {
        "mahalle_id": "111_2",
        "mahalle_adi": "Sünnetçiler Köyü",
        "posta_kodu": "43502"
    },
    {
        "mahalle_id": "9_1",
        "mahalle_adi": "Tabakhane Mah",
        "posta_kodu": "43500"
    },
    {
        "mahalle_id": "112_2",
        "mahalle_adi": "Taşköy Köyü",
        "posta_kodu": "43502"
    },
    {
        "mahalle_id": "71_2",
        "mahalle_adi": "Taşlık Köyü",
        "posta_kodu": "43502"
    },
    {
        "mahalle_id": "96_2",
        "mahalle_adi": "Tepebaşı Mah (ıhlamur Köyü)",
        "posta_kodu": "43502"
    },
    {
        "mahalle_id": "10_1",
        "mahalle_adi": "Tepecik Mah",
        "posta_kodu": "43500"
    },
    {
        "mahalle_id": "113_2",
        "mahalle_adi": "Toklar Köyü",
        "posta_kodu": "43502"
    },
    {
        "mahalle_id": "28_2",
        "mahalle_adi": "Toklar Mah (akpınar Köyü)",
        "posta_kodu": "43502"
    },
    {
        "mahalle_id": "72_2",
        "mahalle_adi": "Yağıllar Köyü",
        "posta_kodu": "43502"
    },
    {
        "mahalle_id": "73_2",
        "mahalle_adi": "Yağmurlar Köyü",
        "posta_kodu": "43502"
    },
    {
        "mahalle_id": "74_2",
        "mahalle_adi": "Yassıeynihan Köyü",
        "posta_kodu": "43502"
    },
    {
        "mahalle_id": "109_2",
        "mahalle_adi": "Yayla Evleri-anıtlı Mah (sudöşeği Köyü)",
        "posta_kodu": "43502"
    },
    {
        "mahalle_id": "108_2",
        "mahalle_adi": "Yayla Evleri-korucuk Mah (sudöşeği Köyü)",
        "posta_kodu": "43502"
    },
    {
        "mahalle_id": "1_2",
        "mahalle_adi": "Yeni Mah",
        "posta_kodu": "43502"
    },
    {
        "mahalle_id": "6_2",
        "mahalle_adi": "Yeni Mah (kalkan Köyü)",
        "posta_kodu": "43502"
    },
    {
        "mahalle_id": "2_7",
        "mahalle_adi": "Yeni Mah (kuşu Beldesi)",
        "posta_kodu": "43520"
    },
    {
        "mahalle_id": "69_2",
        "mahalle_adi": "Yeni Mah (söğüt Köyü)",
        "posta_kodu": "43502"
    },
    {
        "mahalle_id": "17_2",
        "mahalle_adi": "Yeni Mah (yemişli Köyü)",
        "posta_kodu": "43502"
    },
    {
        "mahalle_id": "24_2",
        "mahalle_adi": "Yeni Mah (yeşilköy Köyü)",
        "posta_kodu": "43502"
    },
    {
        "mahalle_id": "77_2",
        "mahalle_adi": "Yeniler Köyü",
        "posta_kodu": "43502"
    },
    {
        "mahalle_id": "78_2",
        "mahalle_adi": "Yeşilçam Köyü",
        "posta_kodu": "43502"
    },
    {
        "mahalle_id": "18_1",
        "mahalle_adi": "Yeşilova Mah",
        "posta_kodu": "43500"
    },
    {
        "mahalle_id": "79_2",
        "mahalle_adi": "Yeşilyayla Köyü",
        "posta_kodu": "43502"
    },
    {
        "mahalle_id": "18_2",
        "mahalle_adi": "Yeşilyayla Mah (yemişli Köyü)",
        "posta_kodu": "43502"
    },
    {
        "mahalle_id": "76_2",
        "mahalle_adi": "Yukarı Mah (yavu Köyü)",
        "posta_kodu": "43502"
    },
    {
        "mahalle_id": "80_2",
        "mahalle_adi": "Yukarıdolaylar Köyü",
        "posta_kodu": "43502"
    }
]