[
    {
        "mahalle_id": "106_3",
        "mahalle_adi": "Abdaloğlu Mah (zafer Köyü)",
        "posta_kodu": "74410"
    },
    {
        "mahalle_id": "34_2",
        "mahalle_adi": "Ahmet Mah (aşağıdere Köyü)",
        "posta_kodu": "74602"
    },
    {
        "mahalle_id": "66_3",
        "mahalle_adi": "Ahmet Sofuoğlu Mah (konak Köyü)",
        "posta_kodu": "74410"
    },
    {
        "mahalle_id": "176_2",
        "mahalle_adi": "Ahmetçelebi Mah (kozanlı Köyü)",
        "posta_kodu": "74602"
    },
    {
        "mahalle_id": "77_2",
        "mahalle_adi": "Akmeşeyanı Mah (dodurga Köyü)",
        "posta_kodu": "74602"
    },
    {
        "mahalle_id": "8_3",
        "mahalle_adi": "Aksaray Mah (akörensöküler Köyü)",
        "posta_kodu": "74410"
    },
    {
        "mahalle_id": "12_2",
        "mahalle_adi": "Aktaş Mah (aktaş Köyü)",
        "posta_kodu": "74602"
    },
    {
        "mahalle_id": "124_2",
        "mahalle_adi": "Aktoprak Mah (hasanören Köyü)",
        "posta_kodu": "74602"
    },
    {
        "mahalle_id": "27_3",
        "mahalle_adi": "Alaköy Mah (çubuklu Köyü)",
        "posta_kodu": "74410"
    },
    {
        "mahalle_id": "117_2",
        "mahalle_adi": "Alaoğlu Mah (güneyören Köyü)",
        "posta_kodu": "74602"
    },
    {
        "mahalle_id": "80_3",
        "mahalle_adi": "Alaoğlu Mah (uluköy Köyü)",
        "posta_kodu": "74410"
    },
    {
        "mahalle_id": "5_3",
        "mahalle_adi": "Ali Efendioğlu Mah (akörensöküler Köyü)",
        "posta_kodu": "74410"
    },
    {
        "mahalle_id": "43_3",
        "mahalle_adi": "Ali Kadıoğlu Mah (hisarköy Köyü)",
        "posta_kodu": "74410"
    },
    {
        "mahalle_id": "11_2",
        "mahalle_adi": "Ali Mah (ağaköy Köyü)",
        "posta_kodu": "74602"
    },
    {
        "mahalle_id": "167_2",
        "mahalle_adi": "Aliçelebi Mah (kayabaşı Köyü)",
        "posta_kodu": "74602"
    },
    {
        "mahalle_id": "166_2",
        "mahalle_adi": "Alnek Mah (karakışla Köyü)",
        "posta_kodu": "74602"
    },
    {
        "mahalle_id": "199_2",
        "mahalle_adi": "Andız Mah (yeniköy Köyü)",
        "posta_kodu": "74602"
    },
    {
        "mahalle_id": "131_2",
        "mahalle_adi": "Araçlar Mah (hocaköy Köyü)",
        "posta_kodu": "74602"
    },
    {
        "mahalle_id": "28_2",
        "mahalle_adi": "Aşağı Mah (aşağıçerçi Köyü)",
        "posta_kodu": "74602"
    },
    {
        "mahalle_id": "49_2",
        "mahalle_adi": "Aşağı Mah (balıcak Köyü)",
        "posta_kodu": "74602"
    },
    {
        "mahalle_id": "60_2",
        "mahalle_adi": "Aşağı Mah (çerde Köyü)",
        "posta_kodu": "74602"
    },
    {
        "mahalle_id": "67_2",
        "mahalle_adi": "Aşağı Mah (çubukbeli Köyü)",
        "posta_kodu": "74602"
    },
    {
        "mahalle_id": "162_2",
        "mahalle_adi": "Aşağı Mah (karahasan Köyü)",
        "posta_kodu": "74602"
    },
    {
        "mahalle_id": "62_3",
        "mahalle_adi": "Aşağı Mah (kirsinler Köyü)",
        "posta_kodu": "74410"
    },
    {
        "mahalle_id": "56_3",
        "mahalle_adi": "Aşağı Mah (kıyıklar Köyü)",
        "posta_kodu": "74410"
    },
    {
        "mahalle_id": "187_2",
        "mahalle_adi": "Aşağı Mah (sarnıç Köyü)",
        "posta_kodu": "74602"
    },
    {
        "mahalle_id": "192_2",
        "mahalle_adi": "Aşağıavlu Mah (şirinler Köyü)",
        "posta_kodu": "74602"
    },
    {
        "mahalle_id": "40_2",
        "mahalle_adi": "Aşağıdere Mah (aşağıköy Köyü)",
        "posta_kodu": "74602"
    },
    {
        "mahalle_id": "78_2",
        "mahalle_adi": "Aşağıdoruca Mah (dorucaşahinci Köyü)",
        "posta_kodu": "74602"
    },
    {
        "mahalle_id": "73_2",
        "mahalle_adi": "Aslancı Mah (dodurga Köyü)",
        "posta_kodu": "74602"
    },
    {
        "mahalle_id": "94_2",
        "mahalle_adi": "Ayaklı Mah (eldeş Köyü)",
        "posta_kodu": "74602"
    },
    {
        "mahalle_id": "81_3",
        "mahalle_adi": "Azgın Mah (uluköy Köyü)",
        "posta_kodu": "74410"
    },
    {
        "mahalle_id": "134_2",
        "mahalle_adi": "Bakışoğlu Mah (hocaköy Köyü)",
        "posta_kodu": "74602"
    },
    {
        "mahalle_id": "170_2",
        "mahalle_adi": "Balderesi Mah (kayabaşı Köyü)",
        "posta_kodu": "74602"
    },
    {
        "mahalle_id": "120_2",
        "mahalle_adi": "Baraka Mah (güneyören Köyü)",
        "posta_kodu": "74602"
    },
    {
        "mahalle_id": "9_3",
        "mahalle_adi": "Bayırlar Mah (akörensöküler Köyü)",
        "posta_kodu": "74410"
    },
    {
        "mahalle_id": "11_3",
        "mahalle_adi": "Bayıslar Mah (akörensöküler Köyü)",
        "posta_kodu": "74410"
    },
    {
        "mahalle_id": "97_3",
        "mahalle_adi": "Bayraktaroğlu Mah (yılanlar Köyü)",
        "posta_kodu": "74410"
    },
    {
        "mahalle_id": "138_2",
        "mahalle_adi": "Bayrambaşoğlu Mah (iğneciler Köyü)",
        "posta_kodu": "74602"
    },
    {
        "mahalle_id": "20_3",
        "mahalle_adi": "Bayramoğlu Mah (ceyüpler Köyü)",
        "posta_kodu": "74410"
    },
    {
        "mahalle_id": "33_2",
        "mahalle_adi": "Bekir Mah (aşağıdere Köyü)",
        "posta_kodu": "74602"
    },
    {
        "mahalle_id": "115_2",
        "mahalle_adi": "Belensarnıç Mah (güneyören Köyü)",
        "posta_kodu": "74602"
    },
    {
        "mahalle_id": "10_2",
        "mahalle_adi": "Bıyıklı Mah (ağaköy Köyü)",
        "posta_kodu": "74602"
    },
    {
        "mahalle_id": "60_3",
        "mahalle_adi": "Boğaz Mah (kirsinler Köyü)",
        "posta_kodu": "74410"
    },
    {
        "mahalle_id": "168_2",
        "mahalle_adi": "Börekçiler Mah (kayabaşı Köyü)",
        "posta_kodu": "74602"
    },
    {
        "mahalle_id": "196_2",
        "mahalle_adi": "Budamış Mah (ulukaya Köyü)",
        "posta_kodu": "74602"
    },
    {
        "mahalle_id": "50_2",
        "mahalle_adi": "Çamçı Mah (balıcak Köyü)",
        "posta_kodu": "74602"
    },
    {
        "mahalle_id": "18_2",
        "mahalle_adi": "Çamdibi Mah (alıçlı Köyü)",
        "posta_kodu": "74602"
    },
    {
        "mahalle_id": "111_2",
        "mahalle_adi": "Camiyanı Merkez Mah (gökpınar Köyü)",
        "posta_kodu": "74602"
    },
    {
        "mahalle_id": "33_3",
        "mahalle_adi": "Camuşoğlu Mah (doğanköy Köyü)",
        "posta_kodu": "74410"
    },
    {
        "mahalle_id": "46_3",
        "mahalle_adi": "Çandırlar Mah (hisarköy Köyü)",
        "posta_kodu": "74410"
    },
    {
        "mahalle_id": "57_2",
        "mahalle_adi": "Çavuşoğlu Mah (çavuşköy Köyü)",
        "posta_kodu": "74602"
    },
    {
        "mahalle_id": "81_2",
        "mahalle_adi": "Çayırlıoğlu Mah (dorucaşahinci Köyü)",
        "posta_kodu": "74602"
    },
    {
        "mahalle_id": "108_3",
        "mahalle_adi": "Çaytarla Mah (zafer Köyü)",
        "posta_kodu": "74410"
    },
    {
        "mahalle_id": "52_2",
        "mahalle_adi": "Cebeci Mah (balıcak Köyü)",
        "posta_kodu": "74602"
    },
    {
        "mahalle_id": "104_2",
        "mahalle_adi": "Cebeci Mah (eseler Köyü)",
        "posta_kodu": "74602"
    },
    {
        "mahalle_id": "57_3",
        "mahalle_adi": "Çengelli Mah (kızıllar Köyü)",
        "posta_kodu": "74410"
    },
    {
        "mahalle_id": "21_3",
        "mahalle_adi": "Ceyüpler Mah (ceyüpler Köyü)",
        "posta_kodu": "74410"
    },
    {
        "mahalle_id": "17_2",
        "mahalle_adi": "Çıraklar Mah (alıçlı Köyü)",
        "posta_kodu": "74602"
    },
    {
        "mahalle_id": "4_2",
        "mahalle_adi": "Çitoğlu Mah (abdurrahman Köyü)",
        "posta_kodu": "74602"
    },
    {
        "mahalle_id": "160_2",
        "mahalle_adi": "Cüceoğlu Mah (kalecik Köyü)",
        "posta_kodu": "74602"
    },
    {
        "mahalle_id": "89_3",
        "mahalle_adi": "Çukurtarla Mah (yenikışla Köyü)",
        "posta_kodu": "74410"
    },
    {
        "mahalle_id": "55_3",
        "mahalle_adi": "Cumadüzü Mah (kıyıklar Köyü)",
        "posta_kodu": "74410"
    },
    {
        "mahalle_id": "37_3",
        "mahalle_adi": "Dağlar Mah (döngeller Köyü)",
        "posta_kodu": "74410"
    },
    {
        "mahalle_id": "194_2",
        "mahalle_adi": "Danagölü Mah (şirinler Köyü)",
        "posta_kodu": "74602"
    },
    {
        "mahalle_id": "76_2",
        "mahalle_adi": "Davutlar Mah (dodurga Köyü)",
        "posta_kodu": "74602"
    },
    {
        "mahalle_id": "19_3",
        "mahalle_adi": "Dedeoğlu Mah (ceyüpler Köyü)",
        "posta_kodu": "74410"
    },
    {
        "mahalle_id": "100_2",
        "mahalle_adi": "Değirmencik Mah (elmacık Köyü)",
        "posta_kodu": "74602"
    },
    {
        "mahalle_id": "96_2",
        "mahalle_adi": "Değirmenyanı Mah (eldeş Köyü)",
        "posta_kodu": "74602"
    },
    {
        "mahalle_id": "48_3",
        "mahalle_adi": "Değirmenyanı Mah (hisarköy Köyü)",
        "posta_kodu": "74410"
    },
    {
        "mahalle_id": "145_2",
        "mahalle_adi": "Değirmenyanı Mah (inceçam Köyü)",
        "posta_kodu": "74602"
    },
    {
        "mahalle_id": "88_3",
        "mahalle_adi": "Değirmenyanı Mah (yenikışla Köyü)",
        "posta_kodu": "74410"
    },
    {
        "mahalle_id": "103_3",
        "mahalle_adi": "Değirmenyanı Mah (zafer Köyü)",
        "posta_kodu": "74410"
    },
    {
        "mahalle_id": "127_2",
        "mahalle_adi": "Demirci Mah (hocaköy Köyü)",
        "posta_kodu": "74602"
    },
    {
        "mahalle_id": "146_2",
        "mahalle_adi": "Demirci Mah (inceçam Köyü)",
        "posta_kodu": "74602"
    },
    {
        "mahalle_id": "159_2",
        "mahalle_adi": "Demirci Mah (kalecik Köyü)",
        "posta_kodu": "74602"
    },
    {
        "mahalle_id": "1_2",
        "mahalle_adi": "Demirciler Mah (abdurrahman Köyü)",
        "posta_kodu": "74602"
    },
    {
        "mahalle_id": "189_2",
        "mahalle_adi": "Demirciler Mah (sarnıç Köyü)",
        "posta_kodu": "74602"
    },
    {
        "mahalle_id": "80_2",
        "mahalle_adi": "Demiren Mah (dorucaşahinci Köyü)",
        "posta_kodu": "74602"
    },
    {
        "mahalle_id": "36_3",
        "mahalle_adi": "Dengezler Mah (döngeller Köyü)",
        "posta_kodu": "74410"
    },
    {
        "mahalle_id": "22_2",
        "mahalle_adi": "Dere Mah (arpacık Köyü)",
        "posta_kodu": "74602"
    },
    {
        "mahalle_id": "121_2",
        "mahalle_adi": "Dere Mah (güneyören Köyü)",
        "posta_kodu": "74602"
    },
    {
        "mahalle_id": "172_2",
        "mahalle_adi": "Dere Mah (kirazcık Köyü)",
        "posta_kodu": "74602"
    },
    {
        "mahalle_id": "94_3",
        "mahalle_adi": "Dere Mah (yılanlar Köyü)",
        "posta_kodu": "74410"
    },
    {
        "mahalle_id": "63_3",
        "mahalle_adi": "Derecami Mah (konak Köyü)",
        "posta_kodu": "74410"
    },
    {
        "mahalle_id": "4_4",
        "mahalle_adi": "Derecik Mah (abdipaşa Beldesi)",
        "posta_kodu": "74610"
    },
    {
        "mahalle_id": "184_2",
        "mahalle_adi": "Dereli Mah (sarıfasıl Köyü)",
        "posta_kodu": "74602"
    },
    {
        "mahalle_id": "7_3",
        "mahalle_adi": "Doğankızı Mah (akörensöküler Köyü)",
        "posta_kodu": "74410"
    },
    {
        "mahalle_id": "137_2",
        "mahalle_adi": "Doruk Mah (ibrahimderesi Köyü)",
        "posta_kodu": "74602"
    },
    {
        "mahalle_id": "177_2",
        "mahalle_adi": "Dutlu Mah (köklü Köyü)",
        "posta_kodu": "74602"
    },
    {
        "mahalle_id": "36_2",
        "mahalle_adi": "Düz Mah (aşağıemirce Köyü)",
        "posta_kodu": "74602"
    },
    {
        "mahalle_id": "56_2",
        "mahalle_adi": "Düz Mah (buğurlar Köyü)",
        "posta_kodu": "74602"
    },
    {
        "mahalle_id": "65_2",
        "mahalle_adi": "Düz Mah (çubukbeli Köyü)",
        "posta_kodu": "74602"
    },
    {
        "mahalle_id": "93_2",
        "mahalle_adi": "Düz Mah (eldeş Köyü)",
        "posta_kodu": "74602"
    },
    {
        "mahalle_id": "13_3",
        "mahalle_adi": "Düzağaç Mah (akörensöküler Köyü)",
        "posta_kodu": "74410"
    },
    {
        "mahalle_id": "4_3",
        "mahalle_adi": "Düzyer Mah (akörensöküler Köyü)",
        "posta_kodu": "74410"
    },
    {
        "mahalle_id": "74_2",
        "mahalle_adi": "Ediler Mah (dodurga Köyü)",
        "posta_kodu": "74602"
    },
    {
        "mahalle_id": "25_3",
        "mahalle_adi": "Ekmekçioğlu Mah (çubuklu Köyü)",
        "posta_kodu": "74410"
    },
    {
        "mahalle_id": "106_2",
        "mahalle_adi": "Elmalık Mah (eseler Köyü)",
        "posta_kodu": "74602"
    },
    {
        "mahalle_id": "30_2",
        "mahalle_adi": "Emir Mah (aşağıdere Köyü)",
        "posta_kodu": "74602"
    },
    {
        "mahalle_id": "92_2",
        "mahalle_adi": "Emirtaş Mah (eldeş Köyü)",
        "posta_kodu": "74602"
    },
    {
        "mahalle_id": "102_2",
        "mahalle_adi": "Ese Mah (eseler Köyü)",
        "posta_kodu": "74602"
    },
    {
        "mahalle_id": "96_3",
        "mahalle_adi": "Eseoğlu Mah (yılanlar Köyü)",
        "posta_kodu": "74410"
    },
    {
        "mahalle_id": "113_2",
        "mahalle_adi": "Eskioğlu Mah (gökpınar Köyü)",
        "posta_kodu": "74602"
    },
    {
        "mahalle_id": "188_2",
        "mahalle_adi": "Esköy Mah (sarnıç Köyü)",
        "posta_kodu": "74602"
    },
    {
        "mahalle_id": "85_3",
        "mahalle_adi": "Esmir Mah (üçsaray Köyü)",
        "posta_kodu": "74410"
    },
    {
        "mahalle_id": "98_3",
        "mahalle_adi": "Fabrikayanı Mah (zafer Köyü)",
        "posta_kodu": "74410"
    },
    {
        "mahalle_id": "102_3",
        "mahalle_adi": "Fazlıoğlu Mah (zafer Köyü)",
        "posta_kodu": "74410"
    },
    {
        "mahalle_id": "182_2",
        "mahalle_adi": "Fışkın Mah (küllü Köyü)",
        "posta_kodu": "74602"
    },
    {
        "mahalle_id": "18_3",
        "mahalle_adi": "Furuncuoğlu Mah (ceyüpler Köyü)",
        "posta_kodu": "74410"
    },
    {
        "mahalle_id": "45_3",
        "mahalle_adi": "Galleşoğlu Mah (hisarköy Köyü)",
        "posta_kodu": "74410"
    },
    {
        "mahalle_id": "103_2",
        "mahalle_adi": "Gedikler Mah (eseler Köyü)",
        "posta_kodu": "74602"
    },
    {
        "mahalle_id": "62_2",
        "mahalle_adi": "Gegen Mah (çerde Köyü)",
        "posta_kodu": "74602"
    },
    {
        "mahalle_id": "22_3",
        "mahalle_adi": "Geriş Mah (ceyüpler Köyü)",
        "posta_kodu": "74410"
    },
    {
        "mahalle_id": "95_3",
        "mahalle_adi": "Gökdere Mah (yılanlar Köyü)",
        "posta_kodu": "74410"
    },
    {
        "mahalle_id": "26_3",
        "mahalle_adi": "Gökmenoğlu Mah (çubuklu Köyü)",
        "posta_kodu": "74410"
    },
    {
        "mahalle_id": "202_2",
        "mahalle_adi": "Göksu Mah (yukarıdere Köyü)",
        "posta_kodu": "74602"
    },
    {
        "mahalle_id": "152_2",
        "mahalle_adi": "Gürgencami Mah (kadıköy Köyü)",
        "posta_kodu": "74602"
    },
    {
        "mahalle_id": "68_3",
        "mahalle_adi": "Güvendik Mah (konuklu Köyü)",
        "posta_kodu": "74410"
    },
    {
        "mahalle_id": "15_2",
        "mahalle_adi": "Hacı Mah (aktaş Köyü)",
        "posta_kodu": "74602"
    },
    {
        "mahalle_id": "181_2",
        "mahalle_adi": "Hacı Mah (küllü Köyü)",
        "posta_kodu": "74602"
    },
    {
        "mahalle_id": "44_3",
        "mahalle_adi": "Hacıkadıoğlu Mah (hisarköy Köyü)",
        "posta_kodu": "74410"
    },
    {
        "mahalle_id": "12_3",
        "mahalle_adi": "Haplıoğlu Mah (akörensöküler Köyü)",
        "posta_kodu": "74410"
    },
    {
        "mahalle_id": "63_2",
        "mahalle_adi": "Hatipler Mah (çubukbeli Köyü)",
        "posta_kodu": "74602"
    },
    {
        "mahalle_id": "185_2",
        "mahalle_adi": "Hendek Mah (sarıfasıl Köyü)",
        "posta_kodu": "74602"
    },
    {
        "mahalle_id": "200_2",
        "mahalle_adi": "Himmetoğlu Mah (yeniköy Köyü)",
        "posta_kodu": "74602"
    },
    {
        "mahalle_id": "35_2",
        "mahalle_adi": "Hıradüzü Mah (aşağıemirce Köyü)",
        "posta_kodu": "74602"
    },
    {
        "mahalle_id": "39_3",
        "mahalle_adi": "Hisar Mah (hisarköy Köyü)",
        "posta_kodu": "74410"
    },
    {
        "mahalle_id": "34_3",
        "mahalle_adi": "Hızarcıoğlu Mah (doğanköy Köyü)",
        "posta_kodu": "74410"
    },
    {
        "mahalle_id": "129_2",
        "mahalle_adi": "Hoca Mah (hocaköy Köyü)",
        "posta_kodu": "74602"
    },
    {
        "mahalle_id": "42_3",
        "mahalle_adi": "Hocaoğlu Mah (hisarköy Köyü)",
        "posta_kodu": "74410"
    },
    {
        "mahalle_id": "72_3",
        "mahalle_adi": "Hocaoğlu Mah (öncüler Köyü)",
        "posta_kodu": "74410"
    },
    {
        "mahalle_id": "32_2",
        "mahalle_adi": "Hüseyin Mah (aşağıdere Köyü)",
        "posta_kodu": "74602"
    },
    {
        "mahalle_id": "21_2",
        "mahalle_adi": "Ilavıç Mah (arpacık Köyü)",
        "posta_kodu": "74602"
    },
    {
        "mahalle_id": "83_3",
        "mahalle_adi": "İmamlar Mah (üçsaray Köyü)",
        "posta_kodu": "74410"
    },
    {
        "mahalle_id": "13_2",
        "mahalle_adi": "İmamoğlu Mah (aktaş Köyü)",
        "posta_kodu": "74602"
    },
    {
        "mahalle_id": "82_2",
        "mahalle_adi": "İnciller Mah (dörekler Köyü)",
        "posta_kodu": "74602"
    },
    {
        "mahalle_id": "49_3",
        "mahalle_adi": "İncirler Mah (keçideresi Köyü)",
        "posta_kodu": "74410"
    },
    {
        "mahalle_id": "82_3",
        "mahalle_adi": "İnebey Mah (uluköy Köyü)",
        "posta_kodu": "74410"
    },
    {
        "mahalle_id": "135_2",
        "mahalle_adi": "Isırganlı Köyü",
        "posta_kodu": "74602"
    },
    {
        "mahalle_id": "148_2",
        "mahalle_adi": "İslamlar Mah (kadıköy Köyü)",
        "posta_kodu": "74602"
    },
    {
        "mahalle_id": "143_2",
        "mahalle_adi": "İsmailağa Mah (inceçam Köyü)",
        "posta_kodu": "74602"
    },
    {
        "mahalle_id": "140_2",
        "mahalle_adi": "Kabaoğlu Mah (iğneciler Köyü)",
        "posta_kodu": "74602"
    },
    {
        "mahalle_id": "104_3",
        "mahalle_adi": "Kabasakaloğlu Mah (zafer Köyü)",
        "posta_kodu": "74410"
    },
    {
        "mahalle_id": "14_2",
        "mahalle_adi": "Kadı Mah (aktaş Köyü)",
        "posta_kodu": "74602"
    },
    {
        "mahalle_id": "142_2",
        "mahalle_adi": "Kadı Mah (inceçam Köyü)",
        "posta_kodu": "74602"
    },
    {
        "mahalle_id": "1_4",
        "mahalle_adi": "Kadıoğlu Mah (abdipaşa Beldesi)",
        "posta_kodu": "74610"
    },
    {
        "mahalle_id": "16_3",
        "mahalle_adi": "Kadıoğlu Mah (bağdatlı Köyü)",
        "posta_kodu": "74410"
    },
    {
        "mahalle_id": "86_3",
        "mahalle_adi": "Kadıoğlu Mah (üçsaray Köyü)",
        "posta_kodu": "74410"
    },
    {
        "mahalle_id": "110_2",
        "mahalle_adi": "Kadirağa Mah (gökpınar Köyü)",
        "posta_kodu": "74602"
    },
    {
        "mahalle_id": "38_3",
        "mahalle_adi": "Kahyaoğlu Mah (döngeller Köyü)",
        "posta_kodu": "74410"
    },
    {
        "mahalle_id": "1_1",
        "mahalle_adi": "Kaldırım Mah",
        "posta_kodu": "74600"
    },
    {
        "mahalle_id": "69_2",
        "mahalle_adi": "Kalfalar Mah (dereli Köyü)",
        "posta_kodu": "74602"
    },
    {
        "mahalle_id": "52_3",
        "mahalle_adi": "Kanatoğlu Mah (kıyıklar Köyü)",
        "posta_kodu": "74410"
    },
    {
        "mahalle_id": "132_2",
        "mahalle_adi": "Kanavaka Mah (hocaköy Köyü)",
        "posta_kodu": "74602"
    },
    {
        "mahalle_id": "68_2",
        "mahalle_adi": "Kanburoğlu Mah (dereli Köyü)",
        "posta_kodu": "74602"
    },
    {
        "mahalle_id": "76_3",
        "mahalle_adi": "Karabacak Mah (uluköy Köyü)",
        "posta_kodu": "74410"
    },
    {
        "mahalle_id": "5_2",
        "mahalle_adi": "Karaboyunoğlu Mah (abdurrahman Köyü)",
        "posta_kodu": "74602"
    },
    {
        "mahalle_id": "112_2",
        "mahalle_adi": "Karadayılar Mah (gökpınar Köyü)",
        "posta_kodu": "74602"
    },
    {
        "mahalle_id": "5_4",
        "mahalle_adi": "Karadiken Mah (abdipaşa Beldesi)",
        "posta_kodu": "74610"
    },
    {
        "mahalle_id": "37_2",
        "mahalle_adi": "Karagöl Mah (aşağıemirce Köyü)",
        "posta_kodu": "74602"
    },
    {
        "mahalle_id": "2_2",
        "mahalle_adi": "Karakaçoğlu Mah (abdurrahman Köyü)",
        "posta_kodu": "74602"
    },
    {
        "mahalle_id": "14_3",
        "mahalle_adi": "Karakaşoğlu Mah (akörensöküler Köyü)",
        "posta_kodu": "74410"
    },
    {
        "mahalle_id": "122_2",
        "mahalle_adi": "Karakuz Mah (güneyören Köyü)",
        "posta_kodu": "74602"
    },
    {
        "mahalle_id": "151_2",
        "mahalle_adi": "Karamadanoğlu Mah (kadıköy Köyü)",
        "posta_kodu": "74602"
    },
    {
        "mahalle_id": "75_2",
        "mahalle_adi": "Karamanoğlu Mah (dodurga Köyü)",
        "posta_kodu": "74602"
    },
    {
        "mahalle_id": "87_2",
        "mahalle_adi": "Karasa Mah (düzköy Köyü)",
        "posta_kodu": "74602"
    },
    {
        "mahalle_id": "99_3",
        "mahalle_adi": "Karavelioğlu Mah (zafer Köyü)",
        "posta_kodu": "74410"
    },
    {
        "mahalle_id": "89_2",
        "mahalle_adi": "Kargacak Mah (eldeş Köyü)",
        "posta_kodu": "74602"
    },
    {
        "mahalle_id": "156_2",
        "mahalle_adi": "Kaşaltı Mah (kalecik Köyü)",
        "posta_kodu": "74602"
    },
    {
        "mahalle_id": "2_1",
        "mahalle_adi": "Kasımlar Mah",
        "posta_kodu": "74600"
    },
    {
        "mahalle_id": "1_3",
        "mahalle_adi": "Kavaklıkaldırım Mah (kumluca Beldesi)",
        "posta_kodu": "74410"
    },
    {
        "mahalle_id": "44_2",
        "mahalle_adi": "Kavlakdibi Mah (bahçecik Köyü)",
        "posta_kodu": "74602"
    },
    {
        "mahalle_id": "139_2",
        "mahalle_adi": "Kayacılar Mah (iğneciler Köyü)",
        "posta_kodu": "74602"
    },
    {
        "mahalle_id": "165_2",
        "mahalle_adi": "Kayıcılar Mah (karakışla Köyü)",
        "posta_kodu": "74602"
    },
    {
        "mahalle_id": "53_2",
        "mahalle_adi": "Kayraltı Mah (buğurlar Köyü)",
        "posta_kodu": "74602"
    },
    {
        "mahalle_id": "126_2",
        "mahalle_adi": "Kayrançı Mah (hocaköy Köyü)",
        "posta_kodu": "74602"
    },
    {
        "mahalle_id": "105_3",
        "mahalle_adi": "Kazaskeroğlu Mah (zafer Köyü)",
        "posta_kodu": "74410"
    },
    {
        "mahalle_id": "107_3",
        "mahalle_adi": "Keloğlu Mah (zafer Köyü)",
        "posta_kodu": "74410"
    },
    {
        "mahalle_id": "24_2",
        "mahalle_adi": "Kemerli Mah (aşağıçamlı Köyü)",
        "posta_kodu": "74602"
    },
    {
        "mahalle_id": "203_2",
        "mahalle_adi": "Kerpiçli Mah (yukarıdere Köyü)",
        "posta_kodu": "74602"
    },
    {
        "mahalle_id": "98_2",
        "mahalle_adi": "Kestane Mah (eldeş Köyü)",
        "posta_kodu": "74602"
    },
    {
        "mahalle_id": "128_2",
        "mahalle_adi": "Kınakayası Mah (hocaköy Köyü)",
        "posta_kodu": "74602"
    },
    {
        "mahalle_id": "141_2",
        "mahalle_adi": "Kıraharmanı Mah (iğneciler Köyü)",
        "posta_kodu": "74602"
    },
    {
        "mahalle_id": "157_2",
        "mahalle_adi": "Kıranüzeri Mah (kalecik Köyü)",
        "posta_kodu": "74602"
    },
    {
        "mahalle_id": "155_2",
        "mahalle_adi": "Kızılelma Mah (kalecik Köyü)",
        "posta_kodu": "74602"
    },
    {
        "mahalle_id": "6_3",
        "mahalle_adi": "Kızılovaz Mah (akörensöküler Köyü)",
        "posta_kodu": "74410"
    },
    {
        "mahalle_id": "26_2",
        "mahalle_adi": "Koçak Mah (aşağıçamlı Köyü)",
        "posta_kodu": "74602"
    },
    {
        "mahalle_id": "53_3",
        "mahalle_adi": "Kocakahya Mah (kıyıklar Köyü)",
        "posta_kodu": "74410"
    },
    {
        "mahalle_id": "64_2",
        "mahalle_adi": "Koçali Mah (çubukbeli Köyü)",
        "posta_kodu": "74602"
    },
    {
        "mahalle_id": "64_3",
        "mahalle_adi": "Köhünler Mah (konak Köyü)",
        "posta_kodu": "74410"
    },
    {
        "mahalle_id": "28_3",
        "mahalle_adi": "Konutevler Mah (çubuklu Köyü)",
        "posta_kodu": "74410"
    },
    {
        "mahalle_id": "101_3",
        "mahalle_adi": "Köse Mah (zafer Köyü)",
        "posta_kodu": "74410"
    },
    {
        "mahalle_id": "93_3",
        "mahalle_adi": "Köseoğlu Mah (yılanlar Köyü)",
        "posta_kodu": "74410"
    },
    {
        "mahalle_id": "70_3",
        "mahalle_adi": "Kulaklar Mah (öncüler Köyü)",
        "posta_kodu": "74410"
    },
    {
        "mahalle_id": "75_3",
        "mahalle_adi": "Kulaksızoğlu Mah (uluköy Köyü)",
        "posta_kodu": "74410"
    },
    {
        "mahalle_id": "119_2",
        "mahalle_adi": "Kürtoğlu Mah (güneyören Köyü)",
        "posta_kodu": "74602"
    },
    {
        "mahalle_id": "88_2",
        "mahalle_adi": "Kuruoğlu Mah (düzköy Köyü)",
        "posta_kodu": "74602"
    },
    {
        "mahalle_id": "40_3",
        "mahalle_adi": "Kütükoğlu Mah (hisarköy Köyü)",
        "posta_kodu": "74410"
    },
    {
        "mahalle_id": "55_2",
        "mahalle_adi": "Kuzören Mah (buğurlar Köyü)",
        "posta_kodu": "74602"
    },
    {
        "mahalle_id": "114_2",
        "mahalle_adi": "Lafazanlar Mah (gökpınar Köyü)",
        "posta_kodu": "74602"
    },
    {
        "mahalle_id": "109_2",
        "mahalle_adi": "Madenoğlu Mah (eseler Köyü)",
        "posta_kodu": "74602"
    },
    {
        "mahalle_id": "23_3",
        "mahalle_adi": "Maksadoğlu Mah (çubuklu Köyü)",
        "posta_kodu": "74410"
    },
    {
        "mahalle_id": "32_3",
        "mahalle_adi": "Marazoğlu Mah (doğanköy Köyü)",
        "posta_kodu": "74410"
    },
    {
        "mahalle_id": "7_2",
        "mahalle_adi": "Merkez Mah (ağaköy Köyü)",
        "posta_kodu": "74602"
    },
    {
        "mahalle_id": "19_2",
        "mahalle_adi": "Merkez Mah (alpı Köyü)",
        "posta_kodu": "74602"
    },
    {
        "mahalle_id": "20_2",
        "mahalle_adi": "Merkez Mah (arpacık Köyü)",
        "posta_kodu": "74602"
    },
    {
        "mahalle_id": "25_2",
        "mahalle_adi": "Merkez Mah (aşağıçamlı Köyü)",
        "posta_kodu": "74602"
    },
    {
        "mahalle_id": "31_2",
        "mahalle_adi": "Merkez Mah (aşağıdere Köyü)",
        "posta_kodu": "74602"
    },
    {
        "mahalle_id": "38_2",
        "mahalle_adi": "Merkez Mah (aşağıemirce Köyü)",
        "posta_kodu": "74602"
    },
    {
        "mahalle_id": "15_3",
        "mahalle_adi": "Merkez Mah (bağdatlı Köyü)",
        "posta_kodu": "74410"
    },
    {
        "mahalle_id": "43_2",
        "mahalle_adi": "Merkez Mah (bahçecik Köyü)",
        "posta_kodu": "74602"
    },
    {
        "mahalle_id": "54_2",
        "mahalle_adi": "Merkez Mah (buğurlar Köyü)",
        "posta_kodu": "74602"
    },
    {
        "mahalle_id": "29_3",
        "mahalle_adi": "Merkez Mah (çubuklu Köyü)",
        "posta_kodu": "74410"
    },
    {
        "mahalle_id": "71_2",
        "mahalle_adi": "Merkez Mah (dereli Köyü)",
        "posta_kodu": "74602"
    },
    {
        "mahalle_id": "30_3",
        "mahalle_adi": "Merkez Mah (dibektaş Köyü)",
        "posta_kodu": "74410"
    },
    {
        "mahalle_id": "72_2",
        "mahalle_adi": "Merkez Mah (dodurga Köyü)",
        "posta_kodu": "74602"
    },
    {
        "mahalle_id": "35_3",
        "mahalle_adi": "Merkez Mah (döngeller Köyü)",
        "posta_kodu": "74410"
    },
    {
        "mahalle_id": "83_2",
        "mahalle_adi": "Merkez Mah (dörekler Köyü)",
        "posta_kodu": "74602"
    },
    {
        "mahalle_id": "86_2",
        "mahalle_adi": "Merkez Mah (düzköy Köyü)",
        "posta_kodu": "74602"
    },
    {
        "mahalle_id": "99_2",
        "mahalle_adi": "Merkez Mah (elmacık Köyü)",
        "posta_kodu": "74602"
    },
    {
        "mahalle_id": "118_2",
        "mahalle_adi": "Merkez Mah (güneyören Köyü)",
        "posta_kodu": "74602"
    },
    {
        "mahalle_id": "123_2",
        "mahalle_adi": "Merkez Mah (hasanören Köyü)",
        "posta_kodu": "74602"
    },
    {
        "mahalle_id": "136_2",
        "mahalle_adi": "Merkez Mah (ibrahimderesi Köyü)",
        "posta_kodu": "74602"
    },
    {
        "mahalle_id": "153_2",
        "mahalle_adi": "Merkez Mah (kadıköy Köyü)",
        "posta_kodu": "74602"
    },
    {
        "mahalle_id": "158_2",
        "mahalle_adi": "Merkez Mah (kalecik Köyü)",
        "posta_kodu": "74602"
    },
    {
        "mahalle_id": "164_2",
        "mahalle_adi": "Merkez Mah (karakışla Köyü)",
        "posta_kodu": "74602"
    },
    {
        "mahalle_id": "169_2",
        "mahalle_adi": "Merkez Mah (kayabaşı Köyü)",
        "posta_kodu": "74602"
    },
    {
        "mahalle_id": "50_3",
        "mahalle_adi": "Merkez Mah (keçideresi Köyü)",
        "posta_kodu": "74410"
    },
    {
        "mahalle_id": "171_2",
        "mahalle_adi": "Merkez Mah (kirazcık Köyü)",
        "posta_kodu": "74602"
    },
    {
        "mahalle_id": "51_3",
        "mahalle_adi": "Merkez Mah (kıyıklar Köyü)",
        "posta_kodu": "74410"
    },
    {
        "mahalle_id": "59_3",
        "mahalle_adi": "Merkez Mah (kızıllar Köyü)",
        "posta_kodu": "74410"
    },
    {
        "mahalle_id": "178_2",
        "mahalle_adi": "Merkez Mah (köklü Köyü)",
        "posta_kodu": "74602"
    },
    {
        "mahalle_id": "65_3",
        "mahalle_adi": "Merkez Mah (konak Köyü)",
        "posta_kodu": "74410"
    },
    {
        "mahalle_id": "67_3",
        "mahalle_adi": "Merkez Mah (konuklu Köyü)",
        "posta_kodu": "74410"
    },
    {
        "mahalle_id": "173_2",
        "mahalle_adi": "Merkez Mah (kozanlı Köyü)",
        "posta_kodu": "74602"
    },
    {
        "mahalle_id": "179_2",
        "mahalle_adi": "Merkez Mah (küllü Köyü)",
        "posta_kodu": "74602"
    },
    {
        "mahalle_id": "2_3",
        "mahalle_adi": "Merkez Mah (kumluca Beldesi)",
        "posta_kodu": "74410"
    },
    {
        "mahalle_id": "183_2",
        "mahalle_adi": "Merkez Mah (sarıfasıl Köyü)",
        "posta_kodu": "74602"
    },
    {
        "mahalle_id": "191_2",
        "mahalle_adi": "Merkez Mah (şirinler Köyü)",
        "posta_kodu": "74602"
    },
    {
        "mahalle_id": "195_2",
        "mahalle_adi": "Merkez Mah (ulukaya Köyü)",
        "posta_kodu": "74602"
    },
    {
        "mahalle_id": "87_3",
        "mahalle_adi": "Merkez Mah (yenikışla Köyü)",
        "posta_kodu": "74410"
    },
    {
        "mahalle_id": "92_3",
        "mahalle_adi": "Merkez Mah (yılanlar Köyü)",
        "posta_kodu": "74410"
    },
    {
        "mahalle_id": "201_2",
        "mahalle_adi": "Merkez Mah (yukarıdere Köyü)",
        "posta_kodu": "74602"
    },
    {
        "mahalle_id": "3_1",
        "mahalle_adi": "Mezgeller Mah",
        "posta_kodu": "74600"
    },
    {
        "mahalle_id": "84_3",
        "mahalle_adi": "Milne Mah (üçsaray Köyü)",
        "posta_kodu": "74410"
    },
    {
        "mahalle_id": "144_2",
        "mahalle_adi": "Molla Mah (inceçam Köyü)",
        "posta_kodu": "74602"
    },
    {
        "mahalle_id": "47_3",
        "mahalle_adi": "Müyesseroğlu Mah (hisarköy Köyü)",
        "posta_kodu": "74410"
    },
    {
        "mahalle_id": "9_2",
        "mahalle_adi": "Ocaklı Mah (ağaköy Köyü)",
        "posta_kodu": "74602"
    },
    {
        "mahalle_id": "73_3",
        "mahalle_adi": "Ömerağa Mah (uluköy Köyü)",
        "posta_kodu": "74410"
    },
    {
        "mahalle_id": "16_2",
        "mahalle_adi": "Ömeroğlu Mah (alıçlı Köyü)",
        "posta_kodu": "74602"
    },
    {
        "mahalle_id": "150_2",
        "mahalle_adi": "Ömeroğlu Mah (kadıköy Köyü)",
        "posta_kodu": "74602"
    },
    {
        "mahalle_id": "46_2",
        "mahalle_adi": "Onaç Mah (bahçecik Köyü)",
        "posta_kodu": "74602"
    },
    {
        "mahalle_id": "47_2",
        "mahalle_adi": "Ören Mah (bahçecik Köyü)",
        "posta_kodu": "74602"
    },
    {
        "mahalle_id": "95_2",
        "mahalle_adi": "Ören Mah (eldeş Köyü)",
        "posta_kodu": "74602"
    },
    {
        "mahalle_id": "58_3",
        "mahalle_adi": "Ören Mah (kızıllar Köyü)",
        "posta_kodu": "74410"
    },
    {
        "mahalle_id": "41_2",
        "mahalle_adi": "Orta Mah (aşağıköy Köyü)",
        "posta_kodu": "74602"
    },
    {
        "mahalle_id": "59_2",
        "mahalle_adi": "Orta Mah (çavuşköy Köyü)",
        "posta_kodu": "74602"
    },
    {
        "mahalle_id": "154_2",
        "mahalle_adi": "Orta Mah (kalecik Köyü)",
        "posta_kodu": "74602"
    },
    {
        "mahalle_id": "163_2",
        "mahalle_adi": "Orta Mah (karahasan Köyü)",
        "posta_kodu": "74602"
    },
    {
        "mahalle_id": "186_2",
        "mahalle_adi": "Orta Mah (sarnıç Köyü)",
        "posta_kodu": "74602"
    },
    {
        "mahalle_id": "90_3",
        "mahalle_adi": "Orta Mah (yenikışla Köyü)",
        "posta_kodu": "74410"
    },
    {
        "mahalle_id": "105_2",
        "mahalle_adi": "Oyrak Mah (eseler Köyü)",
        "posta_kodu": "74602"
    },
    {
        "mahalle_id": "97_2",
        "mahalle_adi": "Ozan Mah (eldeş Köyü)",
        "posta_kodu": "74602"
    },
    {
        "mahalle_id": "23_2",
        "mahalle_adi": "Paşalı Mah (aşağıçamlı Köyü)",
        "posta_kodu": "74602"
    },
    {
        "mahalle_id": "90_2",
        "mahalle_adi": "Pazar Mah (eldeş Köyü)",
        "posta_kodu": "74602"
    },
    {
        "mahalle_id": "174_2",
        "mahalle_adi": "Pazar Mah (kozanlı Köyü)",
        "posta_kodu": "74602"
    },
    {
        "mahalle_id": "91_2",
        "mahalle_adi": "Pınarönü Mah (eldeş Köyü)",
        "posta_kodu": "74602"
    },
    {
        "mahalle_id": "116_2",
        "mahalle_adi": "Rumluoğlu Mah (güneyören Köyü)",
        "posta_kodu": "74602"
    },
    {
        "mahalle_id": "77_3",
        "mahalle_adi": "Şahabettin Mah (uluköy Köyü)",
        "posta_kodu": "74410"
    },
    {
        "mahalle_id": "8_2",
        "mahalle_adi": "Şahinoğlu Mah (ağaköy Köyü)",
        "posta_kodu": "74602"
    },
    {
        "mahalle_id": "4_1",
        "mahalle_adi": "Samat Mah",
        "posta_kodu": "74600"
    },
    {
        "mahalle_id": "175_2",
        "mahalle_adi": "Samatlı Mah (kozanlı Köyü)",
        "posta_kodu": "74602"
    },
    {
        "mahalle_id": "84_2",
        "mahalle_adi": "Sap Mah (dörekler Köyü)",
        "posta_kodu": "74602"
    },
    {
        "mahalle_id": "180_2",
        "mahalle_adi": "Sarıcaağaç Mah (küllü Köyü)",
        "posta_kodu": "74602"
    },
    {
        "mahalle_id": "5_1",
        "mahalle_adi": "Saz Mah",
        "posta_kodu": "74600"
    },
    {
        "mahalle_id": "147_2",
        "mahalle_adi": "Seferler Mah (inceçam Köyü)",
        "posta_kodu": "74602"
    },
    {
        "mahalle_id": "31_3",
        "mahalle_adi": "Seferoğlu Mah (doğanköy Köyü)",
        "posta_kodu": "74410"
    },
    {
        "mahalle_id": "69_3",
        "mahalle_adi": "Serdaroğlu Mah (konuklu Köyü)",
        "posta_kodu": "74410"
    },
    {
        "mahalle_id": "133_2",
        "mahalle_adi": "Sofular Mah (hocaköy Köyü)",
        "posta_kodu": "74602"
    },
    {
        "mahalle_id": "24_3",
        "mahalle_adi": "Sofuoğlu Mah (çubuklu Köyü)",
        "posta_kodu": "74410"
    },
    {
        "mahalle_id": "10_3",
        "mahalle_adi": "Söküler Mah (akörensöküler Köyü)",
        "posta_kodu": "74410"
    },
    {
        "mahalle_id": "101_2",
        "mahalle_adi": "Somullu Mah (elmacık Köyü)",
        "posta_kodu": "74602"
    },
    {
        "mahalle_id": "198_2",
        "mahalle_adi": "Sorguncuk Mah (yeniköy Köyü)",
        "posta_kodu": "74602"
    },
    {
        "mahalle_id": "197_2",
        "mahalle_adi": "Şükrüoğlu Mah (yeniköy Köyü)",
        "posta_kodu": "74602"
    },
    {
        "mahalle_id": "71_3",
        "mahalle_adi": "Tabaklar Mah (öncüler Köyü)",
        "posta_kodu": "74410"
    },
    {
        "mahalle_id": "6_2",
        "mahalle_adi": "Tahtabaşoğlu Mah (abdurrahman Köyü)",
        "posta_kodu": "74602"
    },
    {
        "mahalle_id": "107_2",
        "mahalle_adi": "Tanışman Mah (eseler Köyü)",
        "posta_kodu": "74602"
    },
    {
        "mahalle_id": "85_2",
        "mahalle_adi": "Taşçıoğlu Mah (düzköy Köyü)",
        "posta_kodu": "74602"
    },
    {
        "mahalle_id": "149_2",
        "mahalle_adi": "Tekmenoğlu Mah (kadıköy Köyü)",
        "posta_kodu": "74602"
    },
    {
        "mahalle_id": "58_2",
        "mahalle_adi": "Tombooğlu Mah (çavuşköy Köyü)",
        "posta_kodu": "74602"
    },
    {
        "mahalle_id": "51_2",
        "mahalle_adi": "Üçpınar Mah (balıcak Köyü)",
        "posta_kodu": "74602"
    },
    {
        "mahalle_id": "100_3",
        "mahalle_adi": "Üçpınar Mah (zafer Köyü)",
        "posta_kodu": "74410"
    },
    {
        "mahalle_id": "78_3",
        "mahalle_adi": "Ulu Mah (uluköy Köyü)",
        "posta_kodu": "74410"
    },
    {
        "mahalle_id": "2_4",
        "mahalle_adi": "Ulupınar Mah (abdipaşa Beldesi)",
        "posta_kodu": "74610"
    },
    {
        "mahalle_id": "108_2",
        "mahalle_adi": "Vildanlar Mah (eseler Köyü)",
        "posta_kodu": "74602"
    },
    {
        "mahalle_id": "130_2",
        "mahalle_adi": "Yalvaç Mah (hocaköy Köyü)",
        "posta_kodu": "74602"
    },
    {
        "mahalle_id": "54_3",
        "mahalle_adi": "Yamaklar Mah (kıyıklar Köyü)",
        "posta_kodu": "74410"
    },
    {
        "mahalle_id": "45_2",
        "mahalle_adi": "Yeni Mah (bahçecik Köyü)",
        "posta_kodu": "74602"
    },
    {
        "mahalle_id": "17_3",
        "mahalle_adi": "Yeni Mah (ceyüpler Köyü)",
        "posta_kodu": "74410"
    },
    {
        "mahalle_id": "70_2",
        "mahalle_adi": "Yeni Mah (dereli Köyü)",
        "posta_kodu": "74602"
    },
    {
        "mahalle_id": "125_2",
        "mahalle_adi": "Yeni Mah (hasanören Köyü)",
        "posta_kodu": "74602"
    },
    {
        "mahalle_id": "3_3",
        "mahalle_adi": "Yeni Mah (kumluca Beldesi)",
        "posta_kodu": "74410"
    },
    {
        "mahalle_id": "190_2",
        "mahalle_adi": "Yeni Mah (sarnıç Köyü)",
        "posta_kodu": "74602"
    },
    {
        "mahalle_id": "74_3",
        "mahalle_adi": "Yeni Mah (uluköy Köyü)",
        "posta_kodu": "74410"
    },
    {
        "mahalle_id": "91_3",
        "mahalle_adi": "Yeni Mah (yılanlar Köyü)",
        "posta_kodu": "74410"
    },
    {
        "mahalle_id": "29_2",
        "mahalle_adi": "Yenice Mah (aşağıdere Köyü)",
        "posta_kodu": "74602"
    },
    {
        "mahalle_id": "3_4",
        "mahalle_adi": "Yeşilpazar Mah (abdipaşa Beldesi)",
        "posta_kodu": "74610"
    },
    {
        "mahalle_id": "79_3",
        "mahalle_adi": "Yirmibeşoğlu Mah (uluköy Köyü)",
        "posta_kodu": "74410"
    },
    {
        "mahalle_id": "27_2",
        "mahalle_adi": "Yukarı Mah (aşağıçerçi Köyü)",
        "posta_kodu": "74602"
    },
    {
        "mahalle_id": "39_2",
        "mahalle_adi": "Yukarı Mah (aşağıemirce Köyü)",
        "posta_kodu": "74602"
    },
    {
        "mahalle_id": "42_2",
        "mahalle_adi": "Yukarı Mah (aşağıköy Köyü)",
        "posta_kodu": "74602"
    },
    {
        "mahalle_id": "48_2",
        "mahalle_adi": "Yukarı Mah (balıcak Köyü)",
        "posta_kodu": "74602"
    },
    {
        "mahalle_id": "61_2",
        "mahalle_adi": "Yukarı Mah (çerde Köyü)",
        "posta_kodu": "74602"
    },
    {
        "mahalle_id": "66_2",
        "mahalle_adi": "Yukarı Mah (çubukbeli Köyü)",
        "posta_kodu": "74602"
    },
    {
        "mahalle_id": "161_2",
        "mahalle_adi": "Yukarı Mah (karahasan Köyü)",
        "posta_kodu": "74602"
    },
    {
        "mahalle_id": "61_3",
        "mahalle_adi": "Yukarı Mah (kirsinler Köyü)",
        "posta_kodu": "74410"
    },
    {
        "mahalle_id": "193_2",
        "mahalle_adi": "Yukarıavlu Mah (şirinler Köyü)",
        "posta_kodu": "74602"
    },
    {
        "mahalle_id": "79_2",
        "mahalle_adi": "Yukarıdoruca Mah (dorucaşahinci Köyü)",
        "posta_kodu": "74602"
    },
    {
        "mahalle_id": "41_3",
        "mahalle_adi": "Zaroğlu Mah (hisarköy Köyü)",
        "posta_kodu": "74410"
    },
    {
        "mahalle_id": "3_2",
        "mahalle_adi": "Zopunoğlu Mah (abdurrahman Köyü)",
        "posta_kodu": "74602"
    }
]