[
    {
        "mahalle_id": "112_2",
        "mahalle_adi": "Abbaslar Mah (isaköy Köyü)",
        "posta_kodu": "37602"
    },
    {
        "mahalle_id": "250_2",
        "mahalle_adi": "Absalan Mah (yıldızalan Köyü)",
        "posta_kodu": "37602"
    },
    {
        "mahalle_id": "56_2",
        "mahalle_adi": "Adıyüzü Mah (çilekçe Köyü)",
        "posta_kodu": "37602"
    },
    {
        "mahalle_id": "29_2",
        "mahalle_adi": "Ahmetli Mah (başköy Köyü)",
        "posta_kodu": "37602"
    },
    {
        "mahalle_id": "94_2",
        "mahalle_adi": "Ahmetli Mah (günebakan Köyü)",
        "posta_kodu": "37602"
    },
    {
        "mahalle_id": "49_2",
        "mahalle_adi": "Akağaç Mah (çayüstü Köyü)",
        "posta_kodu": "37602"
    },
    {
        "mahalle_id": "6_2",
        "mahalle_adi": "Akbayır Mah (akbayır Köyü)",
        "posta_kodu": "37602"
    },
    {
        "mahalle_id": "119_2",
        "mahalle_adi": "Akbulut Mah (karakadı Köyü)",
        "posta_kodu": "37602"
    },
    {
        "mahalle_id": "10_2",
        "mahalle_adi": "Akça Mah (akça Köyü)",
        "posta_kodu": "37602"
    },
    {
        "mahalle_id": "184_2",
        "mahalle_adi": "Akdemir Mah (musaköy Köyü)",
        "posta_kodu": "37602"
    },
    {
        "mahalle_id": "17_2",
        "mahalle_adi": "Alayazı Mah (alayazı Köyü)",
        "posta_kodu": "37602"
    },
    {
        "mahalle_id": "18_2",
        "mahalle_adi": "Alayüz Mah (alayüz Köyü)",
        "posta_kodu": "37602"
    },
    {
        "mahalle_id": "185_2",
        "mahalle_adi": "Ali Mah (musaköy Köyü)",
        "posta_kodu": "37602"
    },
    {
        "mahalle_id": "162_2",
        "mahalle_adi": "Altıntaş Mah (kumköy Köyü)",
        "posta_kodu": "37602"
    },
    {
        "mahalle_id": "107_2",
        "mahalle_adi": "Arılı Mah (ilyasbey Köyü)",
        "posta_kodu": "37602"
    },
    {
        "mahalle_id": "150_2",
        "mahalle_adi": "Arpalı Mah (konuklar Köyü)",
        "posta_kodu": "37602"
    },
    {
        "mahalle_id": "207_2",
        "mahalle_adi": "Aşağı Alaca Mah (pehlivanlı Köyü)",
        "posta_kodu": "37602"
    },
    {
        "mahalle_id": "129_2",
        "mahalle_adi": "Aşağı Köseli Mah (kazanlı Köyü)",
        "posta_kodu": "37602"
    },
    {
        "mahalle_id": "113_2",
        "mahalle_adi": "Aşağı Kozak Mah (isaköy Köyü)",
        "posta_kodu": "37602"
    },
    {
        "mahalle_id": "39_2",
        "mahalle_adi": "Aşağı Mah (çamaltı Köyü)",
        "posta_kodu": "37602"
    },
    {
        "mahalle_id": "114_2",
        "mahalle_adi": "Aşağı Mah (ishakça Köyü)",
        "posta_kodu": "37602"
    },
    {
        "mahalle_id": "156_2",
        "mahalle_adi": "Aşağı Mah (köseli Köyü)",
        "posta_kodu": "37602"
    },
    {
        "mahalle_id": "155_2",
        "mahalle_adi": "Aşağı Mah (kovanören Köyü)",
        "posta_kodu": "37602"
    },
    {
        "mahalle_id": "189_2",
        "mahalle_adi": "Aşağı Mah (nanepınarı Köyü)",
        "posta_kodu": "37602"
    },
    {
        "mahalle_id": "211_2",
        "mahalle_adi": "Aşağı Mah (sırakaya Köyü)",
        "posta_kodu": "37602"
    },
    {
        "mahalle_id": "239_2",
        "mahalle_adi": "Aşağıyayla Mah (yaylaköy Köyü)",
        "posta_kodu": "37602"
    },
    {
        "mahalle_id": "243_2",
        "mahalle_adi": "Aydın Mah (yenice Köyü)",
        "posta_kodu": "37602"
    },
    {
        "mahalle_id": "21_2",
        "mahalle_adi": "Aydıncık Mah (aydıncık Köyü)",
        "posta_kodu": "37602"
    },
    {
        "mahalle_id": "7_1",
        "mahalle_adi": "Bağyurdu Mah",
        "posta_kodu": "37600"
    },
    {
        "mahalle_id": "82_2",
        "mahalle_adi": "Bayırlı Mah (gökçeler Köyü)",
        "posta_kodu": "37602"
    },
    {
        "mahalle_id": "166_2",
        "mahalle_adi": "Beldibi Mah (kumköy Köyü)",
        "posta_kodu": "37602"
    },
    {
        "mahalle_id": "33_2",
        "mahalle_adi": "Beltepe Mah (beltepe Köyü)",
        "posta_kodu": "37602"
    },
    {
        "mahalle_id": "212_2",
        "mahalle_adi": "Beyköy Mah (sırakaya Köyü)",
        "posta_kodu": "37602"
    },
    {
        "mahalle_id": "95_2",
        "mahalle_adi": "Beykuş Mah (günebakan Köyü)",
        "posta_kodu": "37602"
    },
    {
        "mahalle_id": "45_2",
        "mahalle_adi": "Bilallar Mah (çamdibi Köyü)",
        "posta_kodu": "37602"
    },
    {
        "mahalle_id": "111_2",
        "mahalle_adi": "Buket Mah (isaköy Köyü)",
        "posta_kodu": "37602"
    },
    {
        "mahalle_id": "233_2",
        "mahalle_adi": "Çakal Mah (velioğlu Köyü)",
        "posta_kodu": "37602"
    },
    {
        "mahalle_id": "36_2",
        "mahalle_adi": "Çakırlı Mah (çakırlı Köyü)",
        "posta_kodu": "37602"
    },
    {
        "mahalle_id": "43_2",
        "mahalle_adi": "Çakmakçı Mah (çamdibi Köyü)",
        "posta_kodu": "37602"
    },
    {
        "mahalle_id": "2_2",
        "mahalle_adi": "Çalça Mah (abdülkadir Köyü)",
        "posta_kodu": "37602"
    },
    {
        "mahalle_id": "5_2",
        "mahalle_adi": "Çalca Mah (ağaçbükü Köyü)",
        "posta_kodu": "37602"
    },
    {
        "mahalle_id": "42_2",
        "mahalle_adi": "Çamdibi Mah (çamdibi Köyü)",
        "posta_kodu": "37602"
    },
    {
        "mahalle_id": "16_2",
        "mahalle_adi": "Çavuş Mah (akça Köyü)",
        "posta_kodu": "37602"
    },
    {
        "mahalle_id": "37_2",
        "mahalle_adi": "Cengel Mah (çakırlı Köyü)",
        "posta_kodu": "37602"
    },
    {
        "mahalle_id": "143_2",
        "mahalle_adi": "Cengel Mah (kıranlıkoz Köyü)",
        "posta_kodu": "37602"
    },
    {
        "mahalle_id": "202_2",
        "mahalle_adi": "Çerçi Mah (öveçler Köyü)",
        "posta_kodu": "37602"
    },
    {
        "mahalle_id": "161_2",
        "mahalle_adi": "Çınarcık Mah (kumköy Köyü)",
        "posta_kodu": "37602"
    },
    {
        "mahalle_id": "249_2",
        "mahalle_adi": "Çınarlar Mah (yıldızalan Köyü)",
        "posta_kodu": "37602"
    },
    {
        "mahalle_id": "149_2",
        "mahalle_adi": "Çıtaklı Mah (konuklar Köyü)",
        "posta_kodu": "37602"
    },
    {
        "mahalle_id": "136_2",
        "mahalle_adi": "Çolak Mah (kethüda Köyü)",
        "posta_kodu": "37602"
    },
    {
        "mahalle_id": "237_2",
        "mahalle_adi": "Cumayanı Mah (yaylaköy Köyü)",
        "posta_kodu": "37602"
    },
    {
        "mahalle_id": "1_1",
        "mahalle_adi": "Cumhuriyet Mah",
        "posta_kodu": "37600"
    },
    {
        "mahalle_id": "59_2",
        "mahalle_adi": "Dağ Mah (çukurçal Köyü)",
        "posta_kodu": "37602"
    },
    {
        "mahalle_id": "197_2",
        "mahalle_adi": "Dahallar Mah (ortaca Köyü)",
        "posta_kodu": "37602"
    },
    {
        "mahalle_id": "92_2",
        "mahalle_adi": "Danışman Mah (gündoğan Köyü)",
        "posta_kodu": "37602"
    },
    {
        "mahalle_id": "24_2",
        "mahalle_adi": "Değirmen Çayı Mah (baltacı Köyü)",
        "posta_kodu": "37602"
    },
    {
        "mahalle_id": "137_2",
        "mahalle_adi": "Delihasan Mah (kethüda Köyü)",
        "posta_kodu": "37602"
    },
    {
        "mahalle_id": "26_2",
        "mahalle_adi": "Demirci Mah (baltacı Köyü)",
        "posta_kodu": "37602"
    },
    {
        "mahalle_id": "40_2",
        "mahalle_adi": "Demirci Mah (çamaltı Köyü)",
        "posta_kodu": "37602"
    },
    {
        "mahalle_id": "130_2",
        "mahalle_adi": "Demirci Mah (kazanlı Köyü)",
        "posta_kodu": "37602"
    },
    {
        "mahalle_id": "154_2",
        "mahalle_adi": "Demirci Mah (kovanören Köyü)",
        "posta_kodu": "37602"
    },
    {
        "mahalle_id": "62_2",
        "mahalle_adi": "Denizkonak Mah (denizkonak Köyü)",
        "posta_kodu": "37602"
    },
    {
        "mahalle_id": "192_2",
        "mahalle_adi": "Develi Mah (olucak Köyü)",
        "posta_kodu": "37602"
    },
    {
        "mahalle_id": "83_2",
        "mahalle_adi": "Dilek Mah (gökçeören Köyü)",
        "posta_kodu": "37602"
    },
    {
        "mahalle_id": "14_2",
        "mahalle_adi": "Dıran Mah (akça Köyü)",
        "posta_kodu": "37602"
    },
    {
        "mahalle_id": "200_2",
        "mahalle_adi": "Doğruca Mah (ovacık Köyü)",
        "posta_kodu": "37602"
    },
    {
        "mahalle_id": "73_2",
        "mahalle_adi": "Döngelce Mah (döngelce Köyü)",
        "posta_kodu": "37602"
    },
    {
        "mahalle_id": "75_2",
        "mahalle_adi": "Düzköy Mah (düzköy Köyü)",
        "posta_kodu": "37602"
    },
    {
        "mahalle_id": "2_1",
        "mahalle_adi": "Ece Mah",
        "posta_kodu": "37600"
    },
    {
        "mahalle_id": "60_2",
        "mahalle_adi": "Eceren Mah (çukurçal Köyü)",
        "posta_kodu": "37602"
    },
    {
        "mahalle_id": "76_2",
        "mahalle_adi": "Emirler Mah (emirler Köyü)",
        "posta_kodu": "37602"
    },
    {
        "mahalle_id": "251_2",
        "mahalle_adi": "Erencik Mah (yurtbaşı Köyü)",
        "posta_kodu": "37602"
    },
    {
        "mahalle_id": "110_2",
        "mahalle_adi": "Ese Mah (isaköy Köyü)",
        "posta_kodu": "37602"
    },
    {
        "mahalle_id": "224_2",
        "mahalle_adi": "Esence Mah (üçağıl Köyü)",
        "posta_kodu": "37602"
    },
    {
        "mahalle_id": "180_2",
        "mahalle_adi": "Esenler Mah (musaköy Köyü)",
        "posta_kodu": "37602"
    },
    {
        "mahalle_id": "134_2",
        "mahalle_adi": "Ferah Mah (kethüda Köyü)",
        "posta_kodu": "37602"
    },
    {
        "mahalle_id": "44_2",
        "mahalle_adi": "Fettah Mah (çamdibi Köyü)",
        "posta_kodu": "37602"
    },
    {
        "mahalle_id": "254_2",
        "mahalle_adi": "Gebeş Mah",
        "posta_kodu": "37602"
    },
    {
        "mahalle_id": "28_2",
        "mahalle_adi": "Gede Mah (baltacı Köyü)",
        "posta_kodu": "37602"
    },
    {
        "mahalle_id": "229_2",
        "mahalle_adi": "Gedikoğlu Mah (velioğlu Köyü)",
        "posta_kodu": "37602"
    },
    {
        "mahalle_id": "247_2",
        "mahalle_adi": "Gelünne Mah (yıldızalan Köyü)",
        "posta_kodu": "37602"
    },
    {
        "mahalle_id": "84_2",
        "mahalle_adi": "Gökçeören Mah (gökçeören Köyü)",
        "posta_kodu": "37602"
    },
    {
        "mahalle_id": "242_2",
        "mahalle_adi": "Göksu Mah (yenice Köyü)",
        "posta_kodu": "37602"
    },
    {
        "mahalle_id": "104_2",
        "mahalle_adi": "Gömeren Mah (hamitli Köyü)",
        "posta_kodu": "37602"
    },
    {
        "mahalle_id": "165_2",
        "mahalle_adi": "Göztepe Mah (kumköy Köyü)",
        "posta_kodu": "37602"
    },
    {
        "mahalle_id": "171_2",
        "mahalle_adi": "Gülpınar Mah (kuşçu Köyü)",
        "posta_kodu": "37602"
    },
    {
        "mahalle_id": "7_2",
        "mahalle_adi": "Gümüşsu Mah (akbayır Köyü)",
        "posta_kodu": "37602"
    },
    {
        "mahalle_id": "67_2",
        "mahalle_adi": "Gündoğdu Mah (derebucağı Köyü)",
        "posta_kodu": "37602"
    },
    {
        "mahalle_id": "187_2",
        "mahalle_adi": "Güney Mah (musaköy Köyü)",
        "posta_kodu": "37602"
    },
    {
        "mahalle_id": "88_2",
        "mahalle_adi": "Gürgüne Mah (gündoğan Köyü)",
        "posta_kodu": "37602"
    },
    {
        "mahalle_id": "124_2",
        "mahalle_adi": "Güvenli Mah (kayaardı Köyü)",
        "posta_kodu": "37602"
    },
    {
        "mahalle_id": "98_2",
        "mahalle_adi": "Güzel Yayla Mah (güzelyayla Köyü)",
        "posta_kodu": "37602"
    },
    {
        "mahalle_id": "50_2",
        "mahalle_adi": "Güzelce Mah (çayüstü Köyü)",
        "posta_kodu": "37602"
    },
    {
        "mahalle_id": "100_2",
        "mahalle_adi": "Hacıahmet Mah (hacıahmet Köyü)",
        "posta_kodu": "37602"
    },
    {
        "mahalle_id": "58_2",
        "mahalle_adi": "Haktanır Mah (çukurçal Köyü)",
        "posta_kodu": "37602"
    },
    {
        "mahalle_id": "198_2",
        "mahalle_adi": "Halla Mah (ortaca Köyü)",
        "posta_kodu": "37602"
    },
    {
        "mahalle_id": "69_2",
        "mahalle_adi": "Hamdioğlu Mah (derebucağı Köyü)",
        "posta_kodu": "37602"
    },
    {
        "mahalle_id": "103_2",
        "mahalle_adi": "Hamitli Mah (hamitli Köyü)",
        "posta_kodu": "37602"
    },
    {
        "mahalle_id": "164_2",
        "mahalle_adi": "Hamzalı Mah (kumköy Köyü)",
        "posta_kodu": "37602"
    },
    {
        "mahalle_id": "241_2",
        "mahalle_adi": "Hıdır Mah (yenice Köyü)",
        "posta_kodu": "37602"
    },
    {
        "mahalle_id": "126_2",
        "mahalle_adi": "Hıdırlar Mah (kazanlı Köyü)",
        "posta_kodu": "37602"
    },
    {
        "mahalle_id": "106_2",
        "mahalle_adi": "Himmetbeşe Köyü",
        "posta_kodu": "37602"
    },
    {
        "mahalle_id": "20_2",
        "mahalle_adi": "Hoca Mah (aydıncık Köyü)",
        "posta_kodu": "37602"
    },
    {
        "mahalle_id": "87_2",
        "mahalle_adi": "Hoca Mah (gökçeören Köyü)",
        "posta_kodu": "37602"
    },
    {
        "mahalle_id": "108_2",
        "mahalle_adi": "İlyasbey Mah (ilyasbey Köyü)",
        "posta_kodu": "37602"
    },
    {
        "mahalle_id": "8_1",
        "mahalle_adi": "Irmak Mah",
        "posta_kodu": "37600"
    },
    {
        "mahalle_id": "11_2",
        "mahalle_adi": "İsaklar Mah (akça Köyü)",
        "posta_kodu": "37602"
    },
    {
        "mahalle_id": "81_2",
        "mahalle_adi": "İskele Mah (gökçeler Köyü)",
        "posta_kodu": "37602"
    },
    {
        "mahalle_id": "120_2",
        "mahalle_adi": "Kabalaklı Mah (karakadı Köyü)",
        "posta_kodu": "37602"
    },
    {
        "mahalle_id": "248_2",
        "mahalle_adi": "Kadı Mah (yıldızalan Köyü)",
        "posta_kodu": "37602"
    },
    {
        "mahalle_id": "236_2",
        "mahalle_adi": "Kadıköy Mah (yalçınköy Köyü)",
        "posta_kodu": "37602"
    },
    {
        "mahalle_id": "132_2",
        "mahalle_adi": "Kahya Mah (kethüda Köyü)",
        "posta_kodu": "37602"
    },
    {
        "mahalle_id": "238_2",
        "mahalle_adi": "Kahyalar Mah (yaylaköy Köyü)",
        "posta_kodu": "37602"
    },
    {
        "mahalle_id": "255_2",
        "mahalle_adi": "Kalafat Mah",
        "posta_kodu": "37602"
    },
    {
        "mahalle_id": "231_2",
        "mahalle_adi": "Kalaycı Mah (velioğlu Köyü)",
        "posta_kodu": "37602"
    },
    {
        "mahalle_id": "214_2",
        "mahalle_adi": "Kalaycı-aşağı Mah (sırakaya Köyü)",
        "posta_kodu": "37602"
    },
    {
        "mahalle_id": "72_2",
        "mahalle_adi": "Kapaklı Mah (doğankaya Köyü)",
        "posta_kodu": "37602"
    },
    {
        "mahalle_id": "121_2",
        "mahalle_adi": "Karabalçık Mah (karakadı Köyü)",
        "posta_kodu": "37602"
    },
    {
        "mahalle_id": "193_2",
        "mahalle_adi": "Karabudaklar Mah (olucak Köyü)",
        "posta_kodu": "37602"
    },
    {
        "mahalle_id": "174_2",
        "mahalle_adi": "Karaca Mah (mencekli Köyü)",
        "posta_kodu": "37602"
    },
    {
        "mahalle_id": "118_2",
        "mahalle_adi": "Karakadı Mah (karakadı Köyü)",
        "posta_kodu": "37602"
    },
    {
        "mahalle_id": "153_2",
        "mahalle_adi": "Karaman Mah (kovanören Köyü)",
        "posta_kodu": "37602"
    },
    {
        "mahalle_id": "127_2",
        "mahalle_adi": "Karasu Mah (kazanlı Köyü)",
        "posta_kodu": "37602"
    },
    {
        "mahalle_id": "253_2",
        "mahalle_adi": "Kardere Mah (yurtbaşı Köyü)",
        "posta_kodu": "37602"
    },
    {
        "mahalle_id": "157_2",
        "mahalle_adi": "Kargacak Mah (köseli Köyü)",
        "posta_kodu": "37602"
    },
    {
        "mahalle_id": "131_2",
        "mahalle_adi": "Kargalar Mah (kethüda Köyü)",
        "posta_kodu": "37602"
    },
    {
        "mahalle_id": "3_1",
        "mahalle_adi": "Kasaba Mah",
        "posta_kodu": "37600"
    },
    {
        "mahalle_id": "257_2",
        "mahalle_adi": "Kasım Mah",
        "posta_kodu": "37602"
    },
    {
        "mahalle_id": "122_2",
        "mahalle_adi": "Kayaardı Köyü",
        "posta_kodu": "37602"
    },
    {
        "mahalle_id": "227_2",
        "mahalle_adi": "Kayadibi Mah (uğurlu Köyü)",
        "posta_kodu": "37602"
    },
    {
        "mahalle_id": "168_2",
        "mahalle_adi": "Kazallı Mah (kuşçu Köyü)",
        "posta_kodu": "37602"
    },
    {
        "mahalle_id": "125_2",
        "mahalle_adi": "Kazanlı Mah (kazanlı Köyü)",
        "posta_kodu": "37602"
    },
    {
        "mahalle_id": "232_2",
        "mahalle_adi": "Keloğlu Mah (velioğlu Köyü)",
        "posta_kodu": "37602"
    },
    {
        "mahalle_id": "4_1",
        "mahalle_adi": "Kemerli Mah",
        "posta_kodu": "37600"
    },
    {
        "mahalle_id": "139_2",
        "mahalle_adi": "Kezağzı Mah (kezağzı Köyü)",
        "posta_kodu": "37602"
    },
    {
        "mahalle_id": "123_2",
        "mahalle_adi": "Kındıralık Mah (kayaardı Köyü)",
        "posta_kodu": "37602"
    },
    {
        "mahalle_id": "209_2",
        "mahalle_adi": "Kıran Mah (sakallı Köyü)",
        "posta_kodu": "37602"
    },
    {
        "mahalle_id": "144_2",
        "mahalle_adi": "Kıranlıkoz Mah (kıranlıkoz Köyü)",
        "posta_kodu": "37602"
    },
    {
        "mahalle_id": "74_2",
        "mahalle_adi": "Kirazdere Mah (döngelce Köyü)",
        "posta_kodu": "37602"
    },
    {
        "mahalle_id": "54_2",
        "mahalle_adi": "Kiraztarla Mah (çilekçe Köyü)",
        "posta_kodu": "37602"
    },
    {
        "mahalle_id": "9_1",
        "mahalle_adi": "Kırcı Mah",
        "posta_kodu": "37600"
    },
    {
        "mahalle_id": "97_2",
        "mahalle_adi": "Kışla Mah (günebakan Köyü)",
        "posta_kodu": "37602"
    },
    {
        "mahalle_id": "99_2",
        "mahalle_adi": "Kızılovaz Mah (güzelyayla Köyü)",
        "posta_kodu": "37602"
    },
    {
        "mahalle_id": "22_2",
        "mahalle_adi": "Kocataş Mah (aydıncık Köyü)",
        "posta_kodu": "37602"
    },
    {
        "mahalle_id": "46_2",
        "mahalle_adi": "Koçlar Mah (çamdibi Köyü)",
        "posta_kodu": "37602"
    },
    {
        "mahalle_id": "190_2",
        "mahalle_adi": "Kokurdan Mah (okçular Köyü)",
        "posta_kodu": "37602"
    },
    {
        "mahalle_id": "105_2",
        "mahalle_adi": "Kolca Mah (hamitli Köyü)",
        "posta_kodu": "37602"
    },
    {
        "mahalle_id": "218_2",
        "mahalle_adi": "Kolca Mah (toygarlı Köyü)",
        "posta_kodu": "37602"
    },
    {
        "mahalle_id": "86_2",
        "mahalle_adi": "Konakyanı Mah (gökçeören Köyü)",
        "posta_kodu": "37602"
    },
    {
        "mahalle_id": "148_2",
        "mahalle_adi": "Konuklar Mah (konuklar Köyü)",
        "posta_kodu": "37602"
    },
    {
        "mahalle_id": "12_2",
        "mahalle_adi": "Köse Mah (akça Köyü)",
        "posta_kodu": "37602"
    },
    {
        "mahalle_id": "34_2",
        "mahalle_adi": "Küçük Beltepe Mah (beltepe Köyü)",
        "posta_kodu": "37602"
    },
    {
        "mahalle_id": "10_1",
        "mahalle_adi": "Kumluca Mah",
        "posta_kodu": "37600"
    },
    {
        "mahalle_id": "146_2",
        "mahalle_adi": "Küplüce Mah (koçlar Köyü)",
        "posta_kodu": "37602"
    },
    {
        "mahalle_id": "170_2",
        "mahalle_adi": "Kuşçu Mah (kuşçu Köyü)",
        "posta_kodu": "37602"
    },
    {
        "mahalle_id": "140_2",
        "mahalle_adi": "Kuzdağ Mah (kezağzı Köyü)",
        "posta_kodu": "37602"
    },
    {
        "mahalle_id": "135_2",
        "mahalle_adi": "Kuzluk Mah (kethüda Köyü)",
        "posta_kodu": "37602"
    },
    {
        "mahalle_id": "151_2",
        "mahalle_adi": "Mamaklı Mah (konuklar Köyü)",
        "posta_kodu": "37602"
    },
    {
        "mahalle_id": "5_1",
        "mahalle_adi": "Memiş Mah",
        "posta_kodu": "37600"
    },
    {
        "mahalle_id": "176_2",
        "mahalle_adi": "Menük Mah (menük Köyü)",
        "posta_kodu": "37602"
    },
    {
        "mahalle_id": "1_2",
        "mahalle_adi": "Merkez Mah (abdülkadir Köyü)",
        "posta_kodu": "37602"
    },
    {
        "mahalle_id": "3_2",
        "mahalle_adi": "Merkez Mah (ağaçbükü Köyü)",
        "posta_kodu": "37602"
    },
    {
        "mahalle_id": "23_2",
        "mahalle_adi": "Merkez Mah (baltacı Köyü)",
        "posta_kodu": "37602"
    },
    {
        "mahalle_id": "30_2",
        "mahalle_adi": "Merkez Mah (başköy Köyü)",
        "posta_kodu": "37602"
    },
    {
        "mahalle_id": "35_2",
        "mahalle_adi": "Merkez Mah (beşevler Köyü)",
        "posta_kodu": "37602"
    },
    {
        "mahalle_id": "38_2",
        "mahalle_adi": "Merkez Mah (çamaltı Köyü)",
        "posta_kodu": "37602"
    },
    {
        "mahalle_id": "47_2",
        "mahalle_adi": "Merkez Mah (çamdibi Köyü)",
        "posta_kodu": "37602"
    },
    {
        "mahalle_id": "48_2",
        "mahalle_adi": "Merkez Mah (çataloluk Köyü)",
        "posta_kodu": "37602"
    },
    {
        "mahalle_id": "51_2",
        "mahalle_adi": "Merkez Mah (çayüstü Köyü)",
        "posta_kodu": "37602"
    },
    {
        "mahalle_id": "52_2",
        "mahalle_adi": "Merkez Mah (çayyaka Köyü)",
        "posta_kodu": "37602"
    },
    {
        "mahalle_id": "55_2",
        "mahalle_adi": "Merkez Mah (çilekçe Köyü)",
        "posta_kodu": "37602"
    },
    {
        "mahalle_id": "61_2",
        "mahalle_adi": "Merkez Mah (çukurçal Köyü)",
        "posta_kodu": "37602"
    },
    {
        "mahalle_id": "66_2",
        "mahalle_adi": "Merkez Mah (derebağ Köyü)",
        "posta_kodu": "37602"
    },
    {
        "mahalle_id": "70_2",
        "mahalle_adi": "Merkez Mah (doğankaya Köyü)",
        "posta_kodu": "37602"
    },
    {
        "mahalle_id": "79_2",
        "mahalle_adi": "Merkez Mah (gökçeler Köyü)",
        "posta_kodu": "37602"
    },
    {
        "mahalle_id": "93_2",
        "mahalle_adi": "Merkez Mah (günebakan Köyü)",
        "posta_kodu": "37602"
    },
    {
        "mahalle_id": "117_2",
        "mahalle_adi": "Merkez Mah (kapısuyu Köyü)",
        "posta_kodu": "37602"
    },
    {
        "mahalle_id": "145_2",
        "mahalle_adi": "Merkez Mah (koçlar Köyü)",
        "posta_kodu": "37602"
    },
    {
        "mahalle_id": "152_2",
        "mahalle_adi": "Merkez Mah (kovanören Köyü)",
        "posta_kodu": "37602"
    },
    {
        "mahalle_id": "167_2",
        "mahalle_adi": "Merkez Mah (kumköy Köyü)",
        "posta_kodu": "37602"
    },
    {
        "mahalle_id": "173_2",
        "mahalle_adi": "Merkez Mah (kuşkayası Köyü)",
        "posta_kodu": "37602"
    },
    {
        "mahalle_id": "175_2",
        "mahalle_adi": "Merkez Mah (mencekli Köyü)",
        "posta_kodu": "37602"
    },
    {
        "mahalle_id": "194_2",
        "mahalle_adi": "Merkez Mah (olucak Köyü)",
        "posta_kodu": "37602"
    },
    {
        "mahalle_id": "196_2",
        "mahalle_adi": "Merkez Mah (ortaca Köyü)",
        "posta_kodu": "37602"
    },
    {
        "mahalle_id": "221_2",
        "mahalle_adi": "Merkez Mah (toygarlı Köyü)",
        "posta_kodu": "37602"
    },
    {
        "mahalle_id": "235_2",
        "mahalle_adi": "Merkez Mah (yalçınköy Köyü)",
        "posta_kodu": "37602"
    },
    {
        "mahalle_id": "244_2",
        "mahalle_adi": "Merkez Mah (yeniköy Köyü)",
        "posta_kodu": "37602"
    },
    {
        "mahalle_id": "141_2",
        "mahalle_adi": "Midilli Mah (kezağzı Köyü)",
        "posta_kodu": "37602"
    },
    {
        "mahalle_id": "230_2",
        "mahalle_adi": "Midillioğlu Mah (velioğlu Köyü)",
        "posta_kodu": "37602"
    },
    {
        "mahalle_id": "27_2",
        "mahalle_adi": "Müdöron Mah (baltacı Köyü)",
        "posta_kodu": "37602"
    },
    {
        "mahalle_id": "181_2",
        "mahalle_adi": "Musa Mah (musaköy Köyü)",
        "posta_kodu": "37602"
    },
    {
        "mahalle_id": "77_2",
        "mahalle_adi": "Müstecip Mah (emirler Köyü)",
        "posta_kodu": "37602"
    },
    {
        "mahalle_id": "172_2",
        "mahalle_adi": "Mutça Mah (kuşkayası Köyü)",
        "posta_kodu": "37602"
    },
    {
        "mahalle_id": "96_2",
        "mahalle_adi": "Mutlu Mah (günebakan Köyü)",
        "posta_kodu": "37602"
    },
    {
        "mahalle_id": "201_2",
        "mahalle_adi": "Namazlı Mah (ovacık Köyü)",
        "posta_kodu": "37602"
    },
    {
        "mahalle_id": "32_2",
        "mahalle_adi": "Nassura Mah (başköy Köyü)",
        "posta_kodu": "37602"
    },
    {
        "mahalle_id": "6_1",
        "mahalle_adi": "Nasuh Mah",
        "posta_kodu": "37600"
    },
    {
        "mahalle_id": "15_2",
        "mahalle_adi": "Neyip Mah (akça Köyü)",
        "posta_kodu": "37602"
    },
    {
        "mahalle_id": "101_2",
        "mahalle_adi": "Nosuflar Mah (hacıahmet Köyü)",
        "posta_kodu": "37602"
    },
    {
        "mahalle_id": "13_2",
        "mahalle_adi": "Oğlakça Mah (akça Köyü)",
        "posta_kodu": "37602"
    },
    {
        "mahalle_id": "182_2",
        "mahalle_adi": "Okçu Mah (musaköy Köyü)",
        "posta_kodu": "37602"
    },
    {
        "mahalle_id": "191_2",
        "mahalle_adi": "Okçular Mah (okçular Köyü)",
        "posta_kodu": "37602"
    },
    {
        "mahalle_id": "71_2",
        "mahalle_adi": "Okluca Mah (doğankaya Köyü)",
        "posta_kodu": "37602"
    },
    {
        "mahalle_id": "225_2",
        "mahalle_adi": "Onbaşı Mah (üçağıl Köyü)",
        "posta_kodu": "37602"
    },
    {
        "mahalle_id": "68_2",
        "mahalle_adi": "Orta Mah (derebucağı Köyü)",
        "posta_kodu": "37602"
    },
    {
        "mahalle_id": "158_2",
        "mahalle_adi": "Orta Mah (köseli Köyü)",
        "posta_kodu": "37602"
    },
    {
        "mahalle_id": "138_2",
        "mahalle_adi": "Ortamescit Mah (kethüda Köyü)",
        "posta_kodu": "37602"
    },
    {
        "mahalle_id": "19_2",
        "mahalle_adi": "Örtülü Mah (alayüz Köyü)",
        "posta_kodu": "37602"
    },
    {
        "mahalle_id": "89_2",
        "mahalle_adi": "Ötegeçe Mah (gündoğan Köyü)",
        "posta_kodu": "37602"
    },
    {
        "mahalle_id": "245_2",
        "mahalle_adi": "Ötegeçe Mah (yeniköy Köyü)",
        "posta_kodu": "37602"
    },
    {
        "mahalle_id": "199_2",
        "mahalle_adi": "Ovacık Mah (ovacık Köyü)",
        "posta_kodu": "37602"
    },
    {
        "mahalle_id": "203_2",
        "mahalle_adi": "Öveçler Mah (öveçler Köyü)",
        "posta_kodu": "37602"
    },
    {
        "mahalle_id": "102_2",
        "mahalle_adi": "Papuççu Mah (yenice Köyü)",
        "posta_kodu": "37602"
    },
    {
        "mahalle_id": "205_2",
        "mahalle_adi": "Pehlivanlı Mah (pehlivanlı Köyü)",
        "posta_kodu": "37602"
    },
    {
        "mahalle_id": "179_2",
        "mahalle_adi": "Pekdemir Mah (musaköy Köyü)",
        "posta_kodu": "37602"
    },
    {
        "mahalle_id": "31_2",
        "mahalle_adi": "Pire Mah (başköy Köyü)",
        "posta_kodu": "37602"
    },
    {
        "mahalle_id": "195_2",
        "mahalle_adi": "Şaban Mah (olucak Köyü)",
        "posta_kodu": "37602"
    },
    {
        "mahalle_id": "9_2",
        "mahalle_adi": "Sadıklar Mah (akbayır Köyü)",
        "posta_kodu": "37602"
    },
    {
        "mahalle_id": "142_2",
        "mahalle_adi": "Şahnalar Mah (kezağzı Köyü)",
        "posta_kodu": "37602"
    },
    {
        "mahalle_id": "208_2",
        "mahalle_adi": "Sakallı Mah (sakallı Köyü)",
        "posta_kodu": "37602"
    },
    {
        "mahalle_id": "80_2",
        "mahalle_adi": "Samanyolu Mah (gökçeler Köyü)",
        "posta_kodu": "37602"
    },
    {
        "mahalle_id": "90_2",
        "mahalle_adi": "Sapançayı Mah (gündoğan Köyü)",
        "posta_kodu": "37602"
    },
    {
        "mahalle_id": "160_2",
        "mahalle_adi": "Şar Mah (köseli Köyü)",
        "posta_kodu": "37602"
    },
    {
        "mahalle_id": "217_2",
        "mahalle_adi": "Sarıçam Mah (şenköy Köyü)",
        "posta_kodu": "37602"
    },
    {
        "mahalle_id": "216_2",
        "mahalle_adi": "Şenköy Mah (şenköy Köyü)",
        "posta_kodu": "37602"
    },
    {
        "mahalle_id": "91_2",
        "mahalle_adi": "Serdeş Mah (gündoğan Köyü)",
        "posta_kodu": "37602"
    },
    {
        "mahalle_id": "183_2",
        "mahalle_adi": "Seyrenci Mah (musaköy Köyü)",
        "posta_kodu": "37602"
    },
    {
        "mahalle_id": "256_2",
        "mahalle_adi": "Sipahi Mah",
        "posta_kodu": "37602"
    },
    {
        "mahalle_id": "133_2",
        "mahalle_adi": "Sivrice Mah (kethüda Köyü)",
        "posta_kodu": "37602"
    },
    {
        "mahalle_id": "78_2",
        "mahalle_adi": "Softa Mah (emirler Köyü)",
        "posta_kodu": "37602"
    },
    {
        "mahalle_id": "258_2",
        "mahalle_adi": "Sofular Mah",
        "posta_kodu": "37602"
    },
    {
        "mahalle_id": "215_2",
        "mahalle_adi": "Soğucak Mah (soğucak Köyü)",
        "posta_kodu": "37602"
    },
    {
        "mahalle_id": "220_2",
        "mahalle_adi": "Soğuksu Mah (toygarlı Köyü)",
        "posta_kodu": "37602"
    },
    {
        "mahalle_id": "163_2",
        "mahalle_adi": "Tanha Mah (kumköy Köyü)",
        "posta_kodu": "37602"
    },
    {
        "mahalle_id": "259_2",
        "mahalle_adi": "Tarakçı Mah",
        "posta_kodu": "37602"
    },
    {
        "mahalle_id": "204_2",
        "mahalle_adi": "Taşoluk Mah (öveçler Köyü)",
        "posta_kodu": "37602"
    },
    {
        "mahalle_id": "57_2",
        "mahalle_adi": "Taşpınar Mah (çilekçe Köyü)",
        "posta_kodu": "37602"
    },
    {
        "mahalle_id": "223_2",
        "mahalle_adi": "Tatlısu Mah (üçağıl Köyü)",
        "posta_kodu": "37602"
    },
    {
        "mahalle_id": "234_2",
        "mahalle_adi": "Tekeveli Mah (velioğlu Köyü)",
        "posta_kodu": "37602"
    },
    {
        "mahalle_id": "64_2",
        "mahalle_adi": "Tepeyurt Mah (derebağ Köyü)",
        "posta_kodu": "37602"
    },
    {
        "mahalle_id": "219_2",
        "mahalle_adi": "Toygarlı Mah (toygarlı Köyü)",
        "posta_kodu": "37602"
    },
    {
        "mahalle_id": "222_2",
        "mahalle_adi": "Üçağıl Mah (üçağıl Köyü)",
        "posta_kodu": "37602"
    },
    {
        "mahalle_id": "226_2",
        "mahalle_adi": "Uğurlu Mah (uğurlu Köyü)",
        "posta_kodu": "37602"
    },
    {
        "mahalle_id": "41_2",
        "mahalle_adi": "Ulu Mah (çamaltı Köyü)",
        "posta_kodu": "37602"
    },
    {
        "mahalle_id": "85_2",
        "mahalle_adi": "Urganlı Mah (gökçeören Köyü)",
        "posta_kodu": "37602"
    },
    {
        "mahalle_id": "228_2",
        "mahalle_adi": "Velioğlu Mah (velioğlu Köyü)",
        "posta_kodu": "37602"
    },
    {
        "mahalle_id": "169_2",
        "mahalle_adi": "Yağmurlu Mah (kuşçu Köyü)",
        "posta_kodu": "37602"
    },
    {
        "mahalle_id": "53_2",
        "mahalle_adi": "Yalı Mah (çayyaka Köyü)",
        "posta_kodu": "37602"
    },
    {
        "mahalle_id": "210_2",
        "mahalle_adi": "Yalı Mah (sakallı Köyü)",
        "posta_kodu": "37602"
    },
    {
        "mahalle_id": "177_2",
        "mahalle_adi": "Yarımaga Mah (menük Köyü)",
        "posta_kodu": "37602"
    },
    {
        "mahalle_id": "186_2",
        "mahalle_adi": "Yazı Mah (musaköy Köyü)",
        "posta_kodu": "37602"
    },
    {
        "mahalle_id": "178_2",
        "mahalle_adi": "Yegenler Mah (menük Köyü)",
        "posta_kodu": "37602"
    },
    {
        "mahalle_id": "63_2",
        "mahalle_adi": "Yelce Mah (derebağ Köyü)",
        "posta_kodu": "37602"
    },
    {
        "mahalle_id": "25_2",
        "mahalle_adi": "Yeni Mah (baltacı Köyü)",
        "posta_kodu": "37602"
    },
    {
        "mahalle_id": "116_2",
        "mahalle_adi": "Yeni Mah (ishakça Köyü)",
        "posta_kodu": "37602"
    },
    {
        "mahalle_id": "8_2",
        "mahalle_adi": "Yenidoğan Mah (akbayır Köyü)",
        "posta_kodu": "37602"
    },
    {
        "mahalle_id": "147_2",
        "mahalle_adi": "Yeşilce Mah (koçlar Köyü)",
        "posta_kodu": "37602"
    },
    {
        "mahalle_id": "65_2",
        "mahalle_adi": "Yeşilyurt Mah (derebağ Köyü)",
        "posta_kodu": "37602"
    },
    {
        "mahalle_id": "246_2",
        "mahalle_adi": "Yıldızalan Mah (yıldızalan Köyü)",
        "posta_kodu": "37602"
    },
    {
        "mahalle_id": "206_2",
        "mahalle_adi": "Yukarı Alaca Mah (pehlivanlı Köyü)",
        "posta_kodu": "37602"
    },
    {
        "mahalle_id": "128_2",
        "mahalle_adi": "Yukarı Köseli Mah (kazanlı Köyü)",
        "posta_kodu": "37602"
    },
    {
        "mahalle_id": "109_2",
        "mahalle_adi": "Yukarı Kozak Mah (isaköy Köyü)",
        "posta_kodu": "37602"
    },
    {
        "mahalle_id": "4_2",
        "mahalle_adi": "Yukarı Mah (ağaçbükü Köyü)",
        "posta_kodu": "37602"
    },
    {
        "mahalle_id": "115_2",
        "mahalle_adi": "Yukarı Mah (ishakça Köyü)",
        "posta_kodu": "37602"
    },
    {
        "mahalle_id": "159_2",
        "mahalle_adi": "Yukarı Mah (köseli Köyü)",
        "posta_kodu": "37602"
    },
    {
        "mahalle_id": "188_2",
        "mahalle_adi": "Yukarı Mah (nanepınarı Köyü)",
        "posta_kodu": "37602"
    },
    {
        "mahalle_id": "213_2",
        "mahalle_adi": "Yukarı Mah (sırakaya Köyü)",
        "posta_kodu": "37602"
    },
    {
        "mahalle_id": "240_2",
        "mahalle_adi": "Yukarıyayla Mah (yaylaköy Köyü)",
        "posta_kodu": "37602"
    },
    {
        "mahalle_id": "252_2",
        "mahalle_adi": "Yurtbaşı Mah (yurtbaşı Köyü)",
        "posta_kodu": "37602"
    }
]