[
    {
        "mahalle_id": "154_2",
        "mahalle_adi": "Acekise Mh. (ilecik Köyü)",
        "posta_kodu": "29802"
    },
    {
        "mahalle_id": "210_2",
        "mahalle_adi": "Adisa Yaylası Mah (yıldız Köyü)",
        "posta_kodu": "29802"
    },
    {
        "mahalle_id": "53_2",
        "mahalle_adi": "Ahmatlı Mh. (budak Köyü)",
        "posta_kodu": "29802"
    },
    {
        "mahalle_id": "5_2",
        "mahalle_adi": "Aksüt Yaylası Mah (aksüt Köyü)",
        "posta_kodu": "29802"
    },
    {
        "mahalle_id": "134_2",
        "mahalle_adi": "Allan Mh. (güzeloluk Köyü)",
        "posta_kodu": "29802"
    },
    {
        "mahalle_id": "198_2",
        "mahalle_adi": "Alpullu Mah (uğurtaşı Köyü)",
        "posta_kodu": "29802"
    },
    {
        "mahalle_id": "179_2",
        "mahalle_adi": "Altıntaşlar Mah (kocadal Köyü)",
        "posta_kodu": "29802"
    },
    {
        "mahalle_id": "178_2",
        "mahalle_adi": "Altıntaşlar Mh. (kocadal Köyü)",
        "posta_kodu": "29802"
    },
    {
        "mahalle_id": "40_2",
        "mahalle_adi": "Altıokkalar Mah (bahçelik Köyü)",
        "posta_kodu": "29802"
    },
    {
        "mahalle_id": "16_2",
        "mahalle_adi": "Arılı Yaylası Mah (arılı Köyü)",
        "posta_kodu": "29802"
    },
    {
        "mahalle_id": "163_2",
        "mahalle_adi": "Armultu Ve Yuva Mh. (kirazlık Köyü)",
        "posta_kodu": "29802"
    },
    {
        "mahalle_id": "15_2",
        "mahalle_adi": "Aşağı Mh. (arılı Köyü)",
        "posta_kodu": "29802"
    },
    {
        "mahalle_id": "216_2",
        "mahalle_adi": "Aşağı Mh. (yurt Köyü)",
        "posta_kodu": "29802"
    },
    {
        "mahalle_id": "94_2",
        "mahalle_adi": "Aslanoğlu Mah (demirkapı Köyü)",
        "posta_kodu": "29802"
    },
    {
        "mahalle_id": "90_2",
        "mahalle_adi": "Atgüney Mah (demirkapı Köyü)",
        "posta_kodu": "29802"
    },
    {
        "mahalle_id": "107_2",
        "mahalle_adi": "Avcılar Mah (gülaçar Köyü)",
        "posta_kodu": "29802"
    },
    {
        "mahalle_id": "152_2",
        "mahalle_adi": "Ayazlı Mh. (ışık Köyü)",
        "posta_kodu": "29802"
    },
    {
        "mahalle_id": "21_2",
        "mahalle_adi": "Aydınlar Mah (atalar Köyü)",
        "posta_kodu": "29802"
    },
    {
        "mahalle_id": "24_2",
        "mahalle_adi": "Aydınlar Yayla Mah (atalar Köyü)",
        "posta_kodu": "29802"
    },
    {
        "mahalle_id": "8_2",
        "mahalle_adi": "Ayonos Mah (aksüt Köyü)",
        "posta_kodu": "29802"
    },
    {
        "mahalle_id": "217_2",
        "mahalle_adi": "B.yücebelen Mh. (yücebelen Köyü)",
        "posta_kodu": "29802"
    },
    {
        "mahalle_id": "41_2",
        "mahalle_adi": "Babacıklı Mah (bahçelik Köyü)",
        "posta_kodu": "29802"
    },
    {
        "mahalle_id": "1_1",
        "mahalle_adi": "Bahçecik Mah",
        "posta_kodu": "29800"
    },
    {
        "mahalle_id": "118_2",
        "mahalle_adi": "Balcılar Mh. (gümüştuğ Köyü)",
        "posta_kodu": "29802"
    },
    {
        "mahalle_id": "119_2",
        "mahalle_adi": "Balcılar Mh.dere Mh.mevki (gümüştuğ Köyü)",
        "posta_kodu": "29802"
    },
    {
        "mahalle_id": "120_2",
        "mahalle_adi": "Balcılar Mh.kavraz Yaylası (gümüştuğ Köyü)",
        "posta_kodu": "29802"
    },
    {
        "mahalle_id": "132_2",
        "mahalle_adi": "Baş Güvemli Mah (güvemli Köyü)",
        "posta_kodu": "29802"
    },
    {
        "mahalle_id": "125_2",
        "mahalle_adi": "Baş Güvemli Yaylası Mah (güvemli Köyü)",
        "posta_kodu": "29802"
    },
    {
        "mahalle_id": "167_2",
        "mahalle_adi": "Baş Mh. (kirazlık Köyü)",
        "posta_kodu": "29802"
    },
    {
        "mahalle_id": "170_2",
        "mahalle_adi": "Baş Mh. Mah (mezra Mah) (kirazlık Köyü)",
        "posta_kodu": "29802"
    },
    {
        "mahalle_id": "161_2",
        "mahalle_adi": "Başaklı Mh. (kirazlık Köyü)",
        "posta_kodu": "29802"
    },
    {
        "mahalle_id": "162_2",
        "mahalle_adi": "Başaklı Mh.mezrası (kirazlık Köyü)",
        "posta_kodu": "29802"
    },
    {
        "mahalle_id": "243_2",
        "mahalle_adi": "Başpınar Mah (altınpınar Köyü)",
        "posta_kodu": "29802"
    },
    {
        "mahalle_id": "80_2",
        "mahalle_adi": "Bayır Mah (dedeli Köyü)",
        "posta_kodu": "29802"
    },
    {
        "mahalle_id": "96_2",
        "mahalle_adi": "Bayır Mh. (demirkapı Köyü)",
        "posta_kodu": "29802"
    },
    {
        "mahalle_id": "227_2",
        "mahalle_adi": "Bekiroğulları Mah (zigana Köyü)",
        "posta_kodu": "29802"
    },
    {
        "mahalle_id": "52_2",
        "mahalle_adi": "Binayde Deresi Mah (budak Köyü)",
        "posta_kodu": "29802"
    },
    {
        "mahalle_id": "51_2",
        "mahalle_adi": "Budak Yaylası Dağ Mevki Mah (budak Köyü)",
        "posta_kodu": "29802"
    },
    {
        "mahalle_id": "50_2",
        "mahalle_adi": "Budak Yaylası Mah (budak Köyü)",
        "posta_kodu": "29802"
    },
    {
        "mahalle_id": "109_2",
        "mahalle_adi": "Bülbüloğlu Mah (gülaçar Köyü)",
        "posta_kodu": "29802"
    },
    {
        "mahalle_id": "54_2",
        "mahalle_adi": "Buleman Dere Mah (budak Köyü)",
        "posta_kodu": "29802"
    },
    {
        "mahalle_id": "226_2",
        "mahalle_adi": "Büyük Yücebelen Mh. (yücebelen Köyü)",
        "posta_kodu": "29802"
    },
    {
        "mahalle_id": "105_2",
        "mahalle_adi": "Çalışkanlar Mah (demirkapı Köyü)",
        "posta_kodu": "29802"
    },
    {
        "mahalle_id": "206_2",
        "mahalle_adi": "Çamdibi Mh. (yıldız Köyü)",
        "posta_kodu": "29802"
    },
    {
        "mahalle_id": "207_2",
        "mahalle_adi": "Çamdibi Yaylası Mah (yıldız Köyü)",
        "posta_kodu": "29802"
    },
    {
        "mahalle_id": "47_2",
        "mahalle_adi": "Cami Mh. (budak Köyü)",
        "posta_kodu": "29802"
    },
    {
        "mahalle_id": "84_2",
        "mahalle_adi": "Cami Mh. (demirkapı Köyü)",
        "posta_kodu": "29802"
    },
    {
        "mahalle_id": "166_2",
        "mahalle_adi": "Cami Mh. (kirazlık Köyü)",
        "posta_kodu": "29802"
    },
    {
        "mahalle_id": "188_2",
        "mahalle_adi": "Cami Mh. (köstere Köyü)",
        "posta_kodu": "29802"
    },
    {
        "mahalle_id": "204_2",
        "mahalle_adi": "Cami Mh. (yeşilköy Köyü)",
        "posta_kodu": "29802"
    },
    {
        "mahalle_id": "169_2",
        "mahalle_adi": "Cami Mh. Mah (mezra Mah) (kirazlık Köyü)",
        "posta_kodu": "29802"
    },
    {
        "mahalle_id": "2_1",
        "mahalle_adi": "Çamlıca Mah",
        "posta_kodu": "29800"
    },
    {
        "mahalle_id": "228_2",
        "mahalle_adi": "Çarşı Mh. (zigana Köyü)",
        "posta_kodu": "29802"
    },
    {
        "mahalle_id": "32_2",
        "mahalle_adi": "Çavuşali Mah (bahçelik Köyü)",
        "posta_kodu": "29802"
    },
    {
        "mahalle_id": "244_2",
        "mahalle_adi": "Çayırköy Mah (zigana Köyü)",
        "posta_kodu": "29802"
    },
    {
        "mahalle_id": "76_2",
        "mahalle_adi": "Çengelli Dere Mh. (cebeli Köyü)",
        "posta_kodu": "29802"
    },
    {
        "mahalle_id": "77_2",
        "mahalle_adi": "Çengelli Yukarı Mh. (cebeli Köyü)",
        "posta_kodu": "29802"
    },
    {
        "mahalle_id": "28_2",
        "mahalle_adi": "Çerçiler Mah (bahçelik Köyü)",
        "posta_kodu": "29802"
    },
    {
        "mahalle_id": "70_2",
        "mahalle_adi": "Çiçekli Mh. (cebeli Köyü)",
        "posta_kodu": "29802"
    },
    {
        "mahalle_id": "71_2",
        "mahalle_adi": "Çiçekli Yaylası Mah (cebeli Köyü)",
        "posta_kodu": "29802"
    },
    {
        "mahalle_id": "240_2",
        "mahalle_adi": "Çubuklu Mah (alöne Mah) Mh. (zigana Köyü)",
        "posta_kodu": "29802"
    },
    {
        "mahalle_id": "236_2",
        "mahalle_adi": "Çubuklu Mh. (zigana Köyü)",
        "posta_kodu": "29802"
    },
    {
        "mahalle_id": "150_2",
        "mahalle_adi": "Çukurlar Mh. (ışık Köyü)",
        "posta_kodu": "29802"
    },
    {
        "mahalle_id": "92_2",
        "mahalle_adi": "Darıdere Mh. (demirkapı Köyü)",
        "posta_kodu": "29802"
    },
    {
        "mahalle_id": "30_2",
        "mahalle_adi": "Davutlu Mah (bahçelik Köyü)",
        "posta_kodu": "29802"
    },
    {
        "mahalle_id": "82_2",
        "mahalle_adi": "Dedeli Merkez Mah (dedeli Köyü)",
        "posta_kodu": "29802"
    },
    {
        "mahalle_id": "25_2",
        "mahalle_adi": "Değirmen Taş Mah (atalar Köyü)",
        "posta_kodu": "29802"
    },
    {
        "mahalle_id": "205_2",
        "mahalle_adi": "Demirciler Mh. (yeşilköy Köyü)",
        "posta_kodu": "29802"
    },
    {
        "mahalle_id": "128_2",
        "mahalle_adi": "Dere Mh. (güvemli Köyü)",
        "posta_kodu": "29802"
    },
    {
        "mahalle_id": "183_2",
        "mahalle_adi": "Dere Mh. (köstere Köyü)",
        "posta_kodu": "29802"
    },
    {
        "mahalle_id": "208_2",
        "mahalle_adi": "Dere Mh. (yıldız Köyü)",
        "posta_kodu": "29802"
    },
    {
        "mahalle_id": "241_2",
        "mahalle_adi": "Dere Mh. (zigana Köyü)",
        "posta_kodu": "29802"
    },
    {
        "mahalle_id": "48_2",
        "mahalle_adi": "Dikmeler Mh Mah (budak Köyü)",
        "posta_kodu": "29802"
    },
    {
        "mahalle_id": "182_2",
        "mahalle_adi": "Dokuzgöze Mah (köstere Köyü)",
        "posta_kodu": "29802"
    },
    {
        "mahalle_id": "184_2",
        "mahalle_adi": "Dokuzgöze Yaylası Mah (köstere Köyü)",
        "posta_kodu": "29802"
    },
    {
        "mahalle_id": "177_2",
        "mahalle_adi": "Dörene Mh. (kocadal Köyü)",
        "posta_kodu": "29802"
    },
    {
        "mahalle_id": "117_2",
        "mahalle_adi": "Dugla Yaylası Orta Mh. (gümüştuğ Köyü)",
        "posta_kodu": "29802"
    },
    {
        "mahalle_id": "113_2",
        "mahalle_adi": "Durmuşlar Mh. (gülaçar Köyü)",
        "posta_kodu": "29802"
    },
    {
        "mahalle_id": "85_2",
        "mahalle_adi": "Düz Mh. (demirkapı Köyü)",
        "posta_kodu": "29802"
    },
    {
        "mahalle_id": "175_2",
        "mahalle_adi": "Elma Mh. (kocadal Köyü)",
        "posta_kodu": "29802"
    },
    {
        "mahalle_id": "66_2",
        "mahalle_adi": "Emirler Dere Mh. (büyükçit Köyü)",
        "posta_kodu": "29802"
    },
    {
        "mahalle_id": "65_2",
        "mahalle_adi": "Emirler Mh. (büyükçit Köyü)",
        "posta_kodu": "29802"
    },
    {
        "mahalle_id": "68_2",
        "mahalle_adi": "Emirler Mh. Mah (yayla Evleri Mah) (büyükçit Köyü)",
        "posta_kodu": "29802"
    },
    {
        "mahalle_id": "86_2",
        "mahalle_adi": "Emrük Mah (demirkapı Köyü)",
        "posta_kodu": "29802"
    },
    {
        "mahalle_id": "174_2",
        "mahalle_adi": "Erdemler Mh. (kocadal Köyü)",
        "posta_kodu": "29802"
    },
    {
        "mahalle_id": "111_2",
        "mahalle_adi": "Esentepe Mah (gülaçar Köyü)",
        "posta_kodu": "29802"
    },
    {
        "mahalle_id": "144_2",
        "mahalle_adi": "Esentepe Mah (herek Köyü)",
        "posta_kodu": "29802"
    },
    {
        "mahalle_id": "33_2",
        "mahalle_adi": "Eski Muhtarlar Mah (bahçelik Köyü)",
        "posta_kodu": "29802"
    },
    {
        "mahalle_id": "140_2",
        "mahalle_adi": "Eskiköy Mh. (güzeloluk Köyü)",
        "posta_kodu": "29802"
    },
    {
        "mahalle_id": "60_2",
        "mahalle_adi": "Falcılı Mah (budak Köyü)",
        "posta_kodu": "29802"
    },
    {
        "mahalle_id": "35_2",
        "mahalle_adi": "Fehmeler Mah (bahçelik Köyü)",
        "posta_kodu": "29802"
    },
    {
        "mahalle_id": "10_2",
        "mahalle_adi": "Gadohor Mh. (aksüt Köyü)",
        "posta_kodu": "29802"
    },
    {
        "mahalle_id": "55_2",
        "mahalle_adi": "Gambat Mh. (budak Köyü)",
        "posta_kodu": "29802"
    },
    {
        "mahalle_id": "4_2",
        "mahalle_adi": "Gardoba Mah (aksüt Köyü)",
        "posta_kodu": "29802"
    },
    {
        "mahalle_id": "141_2",
        "mahalle_adi": "Gelinkaya Mh. (harmancık Köyü)",
        "posta_kodu": "29802"
    },
    {
        "mahalle_id": "136_2",
        "mahalle_adi": "Göğüs Mh. (güzeloluk Köyü)",
        "posta_kodu": "29802"
    },
    {
        "mahalle_id": "203_2",
        "mahalle_adi": "Gömleksiz Mh. (yeşilköy Köyü)",
        "posta_kodu": "29802"
    },
    {
        "mahalle_id": "186_2",
        "mahalle_adi": "Gorofta Mah (köstere Köyü)",
        "posta_kodu": "29802"
    },
    {
        "mahalle_id": "91_2",
        "mahalle_adi": "Gözgören Mh. (demirkapı Köyü)",
        "posta_kodu": "29802"
    },
    {
        "mahalle_id": "131_2",
        "mahalle_adi": "Gran Yaylası Mah (güvemli Köyü)",
        "posta_kodu": "29802"
    },
    {
        "mahalle_id": "214_2",
        "mahalle_adi": "Gugule Mah (aşağıkaradere Köyü)",
        "posta_kodu": "29802"
    },
    {
        "mahalle_id": "147_2",
        "mahalle_adi": "Güllü Mah (herek Köyü)",
        "posta_kodu": "29802"
    },
    {
        "mahalle_id": "173_2",
        "mahalle_adi": "Güllü Mh. (kocadal Köyü)",
        "posta_kodu": "29802"
    },
    {
        "mahalle_id": "1_2",
        "mahalle_adi": "Güneşli Mah (altınpınar Köyü)",
        "posta_kodu": "29802"
    },
    {
        "mahalle_id": "242_2",
        "mahalle_adi": "Gürpınar Mah (altınpınar Köyü)",
        "posta_kodu": "29802"
    },
    {
        "mahalle_id": "199_2",
        "mahalle_adi": "Güvercinlik Mah (yalınkavak Köyü)",
        "posta_kodu": "29802"
    },
    {
        "mahalle_id": "62_2",
        "mahalle_adi": "Halilli Mh. (büyükçit Köyü)",
        "posta_kodu": "29802"
    },
    {
        "mahalle_id": "99_2",
        "mahalle_adi": "Harhara Mh. (demirkapı Köyü)",
        "posta_kodu": "29802"
    },
    {
        "mahalle_id": "20_2",
        "mahalle_adi": "Has Mh. (atalar Köyü)",
        "posta_kodu": "29802"
    },
    {
        "mahalle_id": "239_2",
        "mahalle_adi": "Hasan Ağa Mah (zigana Köyü)",
        "posta_kodu": "29802"
    },
    {
        "mahalle_id": "45_2",
        "mahalle_adi": "Havriya Mah (bahçelik Köyü)",
        "posta_kodu": "29802"
    },
    {
        "mahalle_id": "34_2",
        "mahalle_adi": "Hemdiler Mah (bahçelik Köyü)",
        "posta_kodu": "29802"
    },
    {
        "mahalle_id": "100_2",
        "mahalle_adi": "Hıtırıllez Mh. (demirkapı Köyü)",
        "posta_kodu": "29802"
    },
    {
        "mahalle_id": "102_2",
        "mahalle_adi": "Horobos Mh. (demirkapı Köyü)",
        "posta_kodu": "29802"
    },
    {
        "mahalle_id": "233_2",
        "mahalle_adi": "Işıklar Mh. (zigana Köyü)",
        "posta_kodu": "29802"
    },
    {
        "mahalle_id": "224_2",
        "mahalle_adi": "K.yücebelen Mh. (yücebelen Köyü)",
        "posta_kodu": "29802"
    },
    {
        "mahalle_id": "218_2",
        "mahalle_adi": "K.yücebelen Minarli Yay. Mah (yücebelen Köyü)",
        "posta_kodu": "29802"
    },
    {
        "mahalle_id": "219_2",
        "mahalle_adi": "K.yücebelen Şep Mezrası Mah (yücebelen Köyü)",
        "posta_kodu": "29802"
    },
    {
        "mahalle_id": "158_2",
        "mahalle_adi": "Kadirli Mah (kalecik Köyü)",
        "posta_kodu": "29802"
    },
    {
        "mahalle_id": "106_2",
        "mahalle_adi": "Kaflikaya Mah (demirkapı Köyü)",
        "posta_kodu": "29802"
    },
    {
        "mahalle_id": "88_2",
        "mahalle_adi": "Kalcı Mah (demirkapı Köyü)",
        "posta_kodu": "29802"
    },
    {
        "mahalle_id": "3_1",
        "mahalle_adi": "Kaledibi Mah",
        "posta_kodu": "29800"
    },
    {
        "mahalle_id": "225_2",
        "mahalle_adi": "Kalemide Ve Maloba Mah (yücebelen Köyü)",
        "posta_kodu": "29802"
    },
    {
        "mahalle_id": "187_2",
        "mahalle_adi": "Kambos Mah (köstere Köyü)",
        "posta_kodu": "29802"
    },
    {
        "mahalle_id": "46_2",
        "mahalle_adi": "Kapaklı Yakuplar Mah (bahçelik Köyü)",
        "posta_kodu": "29802"
    },
    {
        "mahalle_id": "74_2",
        "mahalle_adi": "Karaca Mh. (cebeli Köyü)",
        "posta_kodu": "29802"
    },
    {
        "mahalle_id": "142_2",
        "mahalle_adi": "Karel Mh. (harmancık Köyü)",
        "posta_kodu": "29802"
    },
    {
        "mahalle_id": "79_2",
        "mahalle_adi": "Karşıyaka Mah (dedeli Köyü)",
        "posta_kodu": "29802"
    },
    {
        "mahalle_id": "155_2",
        "mahalle_adi": "Karşıyaka Mah (inkılap Köyü)",
        "posta_kodu": "29802"
    },
    {
        "mahalle_id": "101_2",
        "mahalle_adi": "Kayadibi Mh. (demirkapı Köyü)",
        "posta_kodu": "29802"
    },
    {
        "mahalle_id": "127_2",
        "mahalle_adi": "Kaycılar Yaylası Mah (güvemli Köyü)",
        "posta_kodu": "29802"
    },
    {
        "mahalle_id": "202_2",
        "mahalle_adi": "Keklik Mah (yalınkavak Köyü)",
        "posta_kodu": "29802"
    },
    {
        "mahalle_id": "89_2",
        "mahalle_adi": "Kılan Mh. (demirkapı Köyü)",
        "posta_kodu": "29802"
    },
    {
        "mahalle_id": "212_2",
        "mahalle_adi": "Kılıçkaya Mah (yurt Köyü)",
        "posta_kodu": "29802"
    },
    {
        "mahalle_id": "129_2",
        "mahalle_adi": "Kirazlı Mh. (güvemli Köyü)",
        "posta_kodu": "29802"
    },
    {
        "mahalle_id": "75_2",
        "mahalle_adi": "Koçaklar Mh. (cebeli Köyü)",
        "posta_kodu": "29802"
    },
    {
        "mahalle_id": "238_2",
        "mahalle_adi": "Koçlar Mh. (zigana Köyü)",
        "posta_kodu": "29802"
    },
    {
        "mahalle_id": "59_2",
        "mahalle_adi": "Köhren Mah (budak Köyü)",
        "posta_kodu": "29802"
    },
    {
        "mahalle_id": "108_2",
        "mahalle_adi": "Köklü Mah (gülaçar Köyü)",
        "posta_kodu": "29802"
    },
    {
        "mahalle_id": "3_2",
        "mahalle_adi": "Komlar Mah (aksüt Köyü)",
        "posta_kodu": "29802"
    },
    {
        "mahalle_id": "81_2",
        "mahalle_adi": "Konak Mah (dedeli Köyü)",
        "posta_kodu": "29802"
    },
    {
        "mahalle_id": "160_2",
        "mahalle_adi": "Konak Mah (kalecik Köyü)",
        "posta_kodu": "29802"
    },
    {
        "mahalle_id": "223_2",
        "mahalle_adi": "Konani Mezrası Mah (yücebelen Köyü)",
        "posta_kodu": "29802"
    },
    {
        "mahalle_id": "185_2",
        "mahalle_adi": "Konen Mah (köstere Köyü)",
        "posta_kodu": "29802"
    },
    {
        "mahalle_id": "4_1",
        "mahalle_adi": "Köprübaşı Mah",
        "posta_kodu": "29800"
    },
    {
        "mahalle_id": "139_2",
        "mahalle_adi": "Köyceğiz Mh. (güzeloluk Köyü)",
        "posta_kodu": "29802"
    },
    {
        "mahalle_id": "95_2",
        "mahalle_adi": "Kozluca Mh. (demirkapı Köyü)",
        "posta_kodu": "29802"
    },
    {
        "mahalle_id": "9_2",
        "mahalle_adi": "Kran Mh. (aksüt Köyü)",
        "posta_kodu": "29802"
    },
    {
        "mahalle_id": "43_2",
        "mahalle_adi": "Küçükdere Mah (bahçelik Köyü)",
        "posta_kodu": "29802"
    },
    {
        "mahalle_id": "73_2",
        "mahalle_adi": "Küpcüler Mh. (cebeli Köyü)",
        "posta_kodu": "29802"
    },
    {
        "mahalle_id": "104_2",
        "mahalle_adi": "Kurtdüzü Mah (demirkapı Köyü)",
        "posta_kodu": "29802"
    },
    {
        "mahalle_id": "138_2",
        "mahalle_adi": "Kürtlü Mh. (güzeloluk Köyü)",
        "posta_kodu": "29802"
    },
    {
        "mahalle_id": "103_2",
        "mahalle_adi": "Kuşlu Mh. (demirkapı Köyü)",
        "posta_kodu": "29802"
    },
    {
        "mahalle_id": "49_2",
        "mahalle_adi": "Lahlu Mh Mah (budak Köyü)",
        "posta_kodu": "29802"
    },
    {
        "mahalle_id": "234_2",
        "mahalle_adi": "Lameder Mah (zigana Köyü)",
        "posta_kodu": "29802"
    },
    {
        "mahalle_id": "221_2",
        "mahalle_adi": "Lehordu Mezrası Mah (yücebelen Köyü)",
        "posta_kodu": "29802"
    },
    {
        "mahalle_id": "231_2",
        "mahalle_adi": "Maden Mh. (zigana Köyü)",
        "posta_kodu": "29802"
    },
    {
        "mahalle_id": "56_2",
        "mahalle_adi": "Manastır Mah (budak Köyü)",
        "posta_kodu": "29802"
    },
    {
        "mahalle_id": "110_2",
        "mahalle_adi": "Manat Mah (gülaçar Köyü)",
        "posta_kodu": "29802"
    },
    {
        "mahalle_id": "6_2",
        "mahalle_adi": "Mandişka Mah (aksüt Köyü)",
        "posta_kodu": "29802"
    },
    {
        "mahalle_id": "37_2",
        "mahalle_adi": "Maraş Mah (bahçelik Köyü)",
        "posta_kodu": "29802"
    },
    {
        "mahalle_id": "149_2",
        "mahalle_adi": "Mazmanlı Mh. (ışık Köyü)",
        "posta_kodu": "29802"
    },
    {
        "mahalle_id": "159_2",
        "mahalle_adi": "Mehmetli Mah (kalecik Köyü)",
        "posta_kodu": "29802"
    },
    {
        "mahalle_id": "13_2",
        "mahalle_adi": "Merekler Mah (alınyayla Köyü)",
        "posta_kodu": "29802"
    },
    {
        "mahalle_id": "23_2",
        "mahalle_adi": "Merkez Alas Mah (atalar Köyü)",
        "posta_kodu": "29802"
    },
    {
        "mahalle_id": "5_1",
        "mahalle_adi": "Merkez Mah",
        "posta_kodu": "29800"
    },
    {
        "mahalle_id": "12_2",
        "mahalle_adi": "Merkez Mah (alınyayla Köyü)",
        "posta_kodu": "29802"
    },
    {
        "mahalle_id": "17_2",
        "mahalle_adi": "Merkez Mah (arpalı Köyü)",
        "posta_kodu": "29802"
    },
    {
        "mahalle_id": "64_2",
        "mahalle_adi": "Merkez Mah (büyükçit Köyü)",
        "posta_kodu": "29802"
    },
    {
        "mahalle_id": "78_2",
        "mahalle_adi": "Merkez Mah (dağdibi Köyü)",
        "posta_kodu": "29802"
    },
    {
        "mahalle_id": "114_2",
        "mahalle_adi": "Merkez Mah (gümüştuğ Köyü)",
        "posta_kodu": "29802"
    },
    {
        "mahalle_id": "124_2",
        "mahalle_adi": "Merkez Mah (günay Köyü)",
        "posta_kodu": "29802"
    },
    {
        "mahalle_id": "143_2",
        "mahalle_adi": "Merkez Mah (harmancık Köyü)",
        "posta_kodu": "29802"
    },
    {
        "mahalle_id": "153_2",
        "mahalle_adi": "Merkez Mah (ilecik Köyü)",
        "posta_kodu": "29802"
    },
    {
        "mahalle_id": "157_2",
        "mahalle_adi": "Merkez Mah (inkılap Köyü)",
        "posta_kodu": "29802"
    },
    {
        "mahalle_id": "171_2",
        "mahalle_adi": "Merkez Mah (kirazlık Köyü)",
        "posta_kodu": "29802"
    },
    {
        "mahalle_id": "180_2",
        "mahalle_adi": "Merkez Mah (kopuz Köyü)",
        "posta_kodu": "29802"
    },
    {
        "mahalle_id": "189_2",
        "mahalle_adi": "Merkez Mah (küçükçit Köyü)",
        "posta_kodu": "29802"
    },
    {
        "mahalle_id": "193_2",
        "mahalle_adi": "Merkez Mah (tokçam Köyü)",
        "posta_kodu": "29802"
    },
    {
        "mahalle_id": "197_2",
        "mahalle_adi": "Merkez Mah (uğurtaşı Köyü)",
        "posta_kodu": "29802"
    },
    {
        "mahalle_id": "26_2",
        "mahalle_adi": "Merkez Mh. (atalar Köyü)",
        "posta_kodu": "29802"
    },
    {
        "mahalle_id": "69_2",
        "mahalle_adi": "Merkez Mh. (cebeli Köyü)",
        "posta_kodu": "29802"
    },
    {
        "mahalle_id": "137_2",
        "mahalle_adi": "Merkez Mh. (güzeloluk Köyü)",
        "posta_kodu": "29802"
    },
    {
        "mahalle_id": "151_2",
        "mahalle_adi": "Merkez Mh. (ışık Köyü)",
        "posta_kodu": "29802"
    },
    {
        "mahalle_id": "200_2",
        "mahalle_adi": "Merkez Mh. (yalınkavak Köyü)",
        "posta_kodu": "29802"
    },
    {
        "mahalle_id": "27_2",
        "mahalle_adi": "Merkez Mh.2 (atalar Köyü)",
        "posta_kodu": "29802"
    },
    {
        "mahalle_id": "61_2",
        "mahalle_adi": "Mesmele- Yunuzlu Mah (budak Köyü)",
        "posta_kodu": "29802"
    },
    {
        "mahalle_id": "130_2",
        "mahalle_adi": "Meyramana Mh. (güvemli Köyü)",
        "posta_kodu": "29802"
    },
    {
        "mahalle_id": "72_2",
        "mahalle_adi": "Meyremana Mh. (cebeli Köyü)",
        "posta_kodu": "29802"
    },
    {
        "mahalle_id": "44_2",
        "mahalle_adi": "Mezire Mh. (bahçelik Köyü)",
        "posta_kodu": "29802"
    },
    {
        "mahalle_id": "19_2",
        "mahalle_adi": "Mezra Mah (arpalı Köyü)",
        "posta_kodu": "29802"
    },
    {
        "mahalle_id": "172_2",
        "mahalle_adi": "Mezra Mah (kirazlık Köyü)",
        "posta_kodu": "29802"
    },
    {
        "mahalle_id": "126_2",
        "mahalle_adi": "Mezre Mh. (güvemli Köyü)",
        "posta_kodu": "29802"
    },
    {
        "mahalle_id": "7_2",
        "mahalle_adi": "Molla Mh. (aksüt Köyü)",
        "posta_kodu": "29802"
    },
    {
        "mahalle_id": "36_2",
        "mahalle_adi": "Mollalar Mah (bahçelik Köyü)",
        "posta_kodu": "29802"
    },
    {
        "mahalle_id": "222_2",
        "mahalle_adi": "Moloska Mezrası Mah (yücebelen Köyü)",
        "posta_kodu": "29802"
    },
    {
        "mahalle_id": "165_2",
        "mahalle_adi": "Mösiye Ve Kurtharmanı Mah (kirazlık Köyü)",
        "posta_kodu": "29802"
    },
    {
        "mahalle_id": "39_2",
        "mahalle_adi": "Musalar-haytalar Mah (bahçelik Köyü)",
        "posta_kodu": "29802"
    },
    {
        "mahalle_id": "29_2",
        "mahalle_adi": "Muslu Mah (bahçelik Köyü)",
        "posta_kodu": "29802"
    },
    {
        "mahalle_id": "97_2",
        "mahalle_adi": "Mustafa Mereği Mh. (demirkapı Köyü)",
        "posta_kodu": "29802"
    },
    {
        "mahalle_id": "2_2",
        "mahalle_adi": "Nohutlu Mah (altınpınar Köyü)",
        "posta_kodu": "29802"
    },
    {
        "mahalle_id": "176_2",
        "mahalle_adi": "Ocaklı Mh. (kocadal Köyü)",
        "posta_kodu": "29802"
    },
    {
        "mahalle_id": "63_2",
        "mahalle_adi": "Orta Mh. (büyükçit Köyü)",
        "posta_kodu": "29802"
    },
    {
        "mahalle_id": "116_2",
        "mahalle_adi": "Orta Mh. (gümüştuğ Köyü)",
        "posta_kodu": "29802"
    },
    {
        "mahalle_id": "211_2",
        "mahalle_adi": "Orta Mh. (yurt Köyü)",
        "posta_kodu": "29802"
    },
    {
        "mahalle_id": "181_2",
        "mahalle_adi": "Ortova Mah (kopuz Köyü)",
        "posta_kodu": "29802"
    },
    {
        "mahalle_id": "135_2",
        "mahalle_adi": "Otalan Mh. (güzeloluk Köyü)",
        "posta_kodu": "29802"
    },
    {
        "mahalle_id": "22_2",
        "mahalle_adi": "Özlüce Mh. (atalar Köyü)",
        "posta_kodu": "29802"
    },
    {
        "mahalle_id": "133_2",
        "mahalle_adi": "Pasova Mah (güvemli Köyü)",
        "posta_kodu": "29802"
    },
    {
        "mahalle_id": "112_2",
        "mahalle_adi": "Ramadanlı Mh. (gülaçar Köyü)",
        "posta_kodu": "29802"
    },
    {
        "mahalle_id": "38_2",
        "mahalle_adi": "Rebiyeler Mah (bahçelik Köyü)",
        "posta_kodu": "29802"
    },
    {
        "mahalle_id": "11_2",
        "mahalle_adi": "Sahatlı Mh. (alınyayla Köyü)",
        "posta_kodu": "29802"
    },
    {
        "mahalle_id": "57_2",
        "mahalle_adi": "Sarı Osman Mah (budak Köyü)",
        "posta_kodu": "29802"
    },
    {
        "mahalle_id": "213_2",
        "mahalle_adi": "Sarıç Mah (aşağıkaradere Köyü)",
        "posta_kodu": "29802"
    },
    {
        "mahalle_id": "229_2",
        "mahalle_adi": "Selen Mah (zigana Köyü)",
        "posta_kodu": "29802"
    },
    {
        "mahalle_id": "192_2",
        "mahalle_adi": "Şena Mah (küçükçit Köyü)",
        "posta_kodu": "29802"
    },
    {
        "mahalle_id": "220_2",
        "mahalle_adi": "Şep Mezrası Mah (yücebelen Köyü)",
        "posta_kodu": "29802"
    },
    {
        "mahalle_id": "83_2",
        "mahalle_adi": "Şimonoy Mah (dedeli Köyü)",
        "posta_kodu": "29802"
    },
    {
        "mahalle_id": "230_2",
        "mahalle_adi": "Sofular Mah (zigana Köyü)",
        "posta_kodu": "29802"
    },
    {
        "mahalle_id": "6_1",
        "mahalle_adi": "Soğuksu Mah",
        "posta_kodu": "29800"
    },
    {
        "mahalle_id": "145_2",
        "mahalle_adi": "Söğütözü Mah (herek Köyü)",
        "posta_kodu": "29802"
    },
    {
        "mahalle_id": "31_2",
        "mahalle_adi": "Temeller Mah (bahçelik Köyü)",
        "posta_kodu": "29802"
    },
    {
        "mahalle_id": "196_2",
        "mahalle_adi": "Tokçam Mah (tokçam Köyü)",
        "posta_kodu": "29802"
    },
    {
        "mahalle_id": "235_2",
        "mahalle_adi": "Topcular Mah (zigana Köyü)",
        "posta_kodu": "29802"
    },
    {
        "mahalle_id": "42_2",
        "mahalle_adi": "Toroman Mah (bahçelik Köyü)",
        "posta_kodu": "29802"
    },
    {
        "mahalle_id": "7_1",
        "mahalle_adi": "Tufaniye Mah",
        "posta_kodu": "29800"
    },
    {
        "mahalle_id": "8_1",
        "mahalle_adi": "Tuğrulbey Mah",
        "posta_kodu": "29800"
    },
    {
        "mahalle_id": "58_2",
        "mahalle_adi": "Udali Mah (budak Köyü)",
        "posta_kodu": "29802"
    },
    {
        "mahalle_id": "194_2",
        "mahalle_adi": "Usluca Mah (tokçam Köyü)",
        "posta_kodu": "29802"
    },
    {
        "mahalle_id": "195_2",
        "mahalle_adi": "Usluca Yaylası Mah (tokçam Köyü)",
        "posta_kodu": "29802"
    },
    {
        "mahalle_id": "201_2",
        "mahalle_adi": "Yalınkavak Yaylası Mah (yalınkavak Köyü)",
        "posta_kodu": "29802"
    },
    {
        "mahalle_id": "87_2",
        "mahalle_adi": "Yaycılı Mah (demirkapı Köyü)",
        "posta_kodu": "29802"
    },
    {
        "mahalle_id": "121_2",
        "mahalle_adi": "Yayıkcılar Mezere Mevki Mah (gümüştuğ Köyü)",
        "posta_kodu": "29802"
    },
    {
        "mahalle_id": "122_2",
        "mahalle_adi": "Yayıkcılar Mh. (gümüştuğ Köyü)",
        "posta_kodu": "29802"
    },
    {
        "mahalle_id": "123_2",
        "mahalle_adi": "Yayıkcılar Mh.yaylası (gümüştuğ Köyü)",
        "posta_kodu": "29802"
    },
    {
        "mahalle_id": "18_2",
        "mahalle_adi": "Yayla Evleri Mah (arpalı Köyü)",
        "posta_kodu": "29802"
    },
    {
        "mahalle_id": "191_2",
        "mahalle_adi": "Yayla Evleri Mah (küçükçit Köyü)",
        "posta_kodu": "29802"
    },
    {
        "mahalle_id": "67_2",
        "mahalle_adi": "Yayla Evleri Mah (büyükçit Köyü)",
        "posta_kodu": "29802"
    },
    {
        "mahalle_id": "168_2",
        "mahalle_adi": "Yayla Evleri Mah (kirazlık Köyü)",
        "posta_kodu": "29802"
    },
    {
        "mahalle_id": "190_2",
        "mahalle_adi": "Yayla Evleri Mah (küçükçit Köyü)",
        "posta_kodu": "29802"
    },
    {
        "mahalle_id": "156_2",
        "mahalle_adi": "Yede Mah (inkılap Köyü)",
        "posta_kodu": "29802"
    },
    {
        "mahalle_id": "115_2",
        "mahalle_adi": "Yılanlı Yaylası Mah (gümüştuğ Köyü)",
        "posta_kodu": "29802"
    },
    {
        "mahalle_id": "14_2",
        "mahalle_adi": "Yukarı Mh. (arılı Köyü)",
        "posta_kodu": "29802"
    },
    {
        "mahalle_id": "209_2",
        "mahalle_adi": "Yukarı Mh. (yıldız Köyü)",
        "posta_kodu": "29802"
    },
    {
        "mahalle_id": "215_2",
        "mahalle_adi": "Yukarı Mh. (yurt Köyü)",
        "posta_kodu": "29802"
    },
    {
        "mahalle_id": "237_2",
        "mahalle_adi": "Yusuflar Mah (zigana Köyü)",
        "posta_kodu": "29802"
    },
    {
        "mahalle_id": "164_2",
        "mahalle_adi": "Yuva Mh. (kirazlık Köyü)",
        "posta_kodu": "29802"
    },
    {
        "mahalle_id": "98_2",
        "mahalle_adi": "Zabuk Mh. (demirkapı Köyü)",
        "posta_kodu": "29802"
    },
    {
        "mahalle_id": "148_2",
        "mahalle_adi": "Zevre Mah (herek Köyü)",
        "posta_kodu": "29802"
    },
    {
        "mahalle_id": "232_2",
        "mahalle_adi": "Zigana Dağı Yaylası Mah (zigana Köyü)",
        "posta_kodu": "29802"
    },
    {
        "mahalle_id": "93_2",
        "mahalle_adi": "Zivildi Mh. (demirkapı Köyü)",
        "posta_kodu": "29802"
    },
    {
        "mahalle_id": "146_2",
        "mahalle_adi": "Zuysa Mah (herek Köyü)",
        "posta_kodu": "29802"
    }
]